trial_id,file_path,label,rejected
1,../data/processed/filtered_trials\cellula_MI_data_1.csv,left,False
2,../data/processed/filtered_trials\cellula_MI_data_2.csv,right,False
3,../data/processed/filtered_trials\cellula_MI_data_3.csv,left,False
4,../data/processed/filtered_trials\cellula_MI_data_4.csv,left,False
5,../data/processed/filtered_trials\cellula_MI_data_5.csv,left,False
6,../data/processed/filtered_trials\cellula_MI_data_6.csv,right,False
7,../data/processed/filtered_trials\cellula_MI_data_7.csv,right,False
8,../data/processed/filtered_trials\cellula_MI_data_8.csv,left,False
9,../data/processed/filtered_trials\cellula_MI_data_9.csv,left,False
10,../data/processed/filtered_trials\cellula_MI_data_10.csv,right,False
11,../data/processed/filtered_trials\cellula_MI_data_11.csv,left,False
12,../data/processed/filtered_trials\cellula_MI_data_12.csv,right,False
13,../data/processed/filtered_trials\cellula_MI_data_13.csv,left,False
14,../data/processed/filtered_trials\cellula_MI_data_14.csv,left,False
15,../data/processed/filtered_trials\cellula_MI_data_15.csv,left,False
16,../data/processed/filtered_trials\cellula_MI_data_16.csv,right,False
17,../data/processed/filtered_trials\cellula_MI_data_17.csv,right,False
18,../data/processed/filtered_trials\cellula_MI_data_18.csv,left,False
19,../data/processed/filtered_trials\cellula_MI_data_19.csv,right,False
20,../data/processed/filtered_trials\cellula_MI_data_20.csv,left,False
21,../data/processed/filtered_trials\cellula_MI_data_21.csv,right,False
22,../data/processed/filtered_trials\cellula_MI_data_22.csv,left,False
23,../data/processed/filtered_trials\cellula_MI_data_23.csv,left,False
24,../data/processed/filtered_trials\cellula_MI_data_24.csv,left,False
25,../data/processed/filtered_trials\cellula_MI_data_25.csv,left,False
26,../data/processed/filtered_trials\cellula_MI_data_26.csv,right,False
27,../data/processed/filtered_trials\cellula_MI_data_27.csv,right,False
28,../data/processed/filtered_trials\cellula_MI_data_28.csv,right,False
29,../data/processed/filtered_trials\cellula_MI_data_29.csv,left,False
30,../data/processed/filtered_trials\cellula_MI_data_30.csv,right,False
31,../data/processed/filtered_trials\cellula_MI_data_31.csv,left,False
32,../data/processed/filtered_trials\cellula_MI_data_32.csv,left,False
33,../data/processed/filtered_trials\cellula_MI_data_33.csv,left,False
34,../data/processed/filtered_trials\cellula_MI_data_34.csv,right,False
35,../data/processed/filtered_trials\cellula_MI_data_35.csv,left,False
36,../data/processed/filtered_trials\cellula_MI_data_36.csv,right,False
37,../data/processed/filtered_trials\cellula_MI_data_37.csv,right,False
38,../data/processed/filtered_trials\cellula_MI_data_38.csv,left,False
39,../data/processed/filtered_trials\cellula_MI_data_39.csv,right,False
40,../data/processed/filtered_trials\cellula_MI_data_40.csv,left,False
41,../data/processed/filtered_trials\cellula_MI_data_41.csv,left,False
42,../data/processed/filtered_trials\cellula_MI_data_42.csv,left,False
43,../data/processed/filtered_trials\cellula_MI_data_43.csv,left,False
44,../data/processed/filtered_trials\cellula_MI_data_44.csv,right,False
45,../data/processed/filtered_trials\cellula_MI_data_45.csv,left,False
46,../data/processed/filtered_trials\cellula_MI_data_46.csv,left,False
47,../data/processed/filtered_trials\cellula_MI_data_47.csv,right,False
48,../data/processed/filtered_trials\cellula_MI_data_48.csv,right,False
49,../data/processed/filtered_trials\cellula_MI_data_49.csv,right,False
50,../data/processed/filtered_trials\cellula_MI_data_50.csv,right,False
51,../data/processed/filtered_trials\cellula_MI_data_51.csv,right,False
52,../data/processed/filtered_trials\cellula_MI_data_52.csv,right,False
53,../data/processed/filtered_trials\cellula_MI_data_53.csv,right,False
54,../data/processed/filtered_trials\cellula_MI_data_54.csv,left,False
55,../data/processed/filtered_trials\cellula_MI_data_55.csv,right,False
56,../data/processed/filtered_trials\cellula_MI_data_56.csv,right,False
57,../data/processed/filtered_trials\cellula_MI_data_57.csv,right,False
58,../data/processed/filtered_trials\cellula_MI_data_58.csv,left,False
59,../data/processed/filtered_trials\cellula_MI_data_59.csv,left,False
60,../data/processed/filtered_trials\cellula_MI_data_60.csv,right,False
61,../data/processed/filtered_trials\cellula_MI_data_61.csv,left,False
62,../data/processed/filtered_trials\cellula_MI_data_62.csv,left,False
63,../data/processed/filtered_trials\cellula_MI_data_63.csv,left,False
64,../data/processed/filtered_trials\cellula_MI_data_64.csv,left,False
65,../data/processed/filtered_trials\cellula_MI_data_65.csv,left,False
66,../data/processed/filtered_trials\cellula_MI_data_66.csv,right,False
67,../data/processed/filtered_trials\cellula_MI_data_67.csv,right,False
68,../data/processed/filtered_trials\cellula_MI_data_68.csv,left,False
69,../data/processed/filtered_trials\cellula_MI_data_69.csv,left,False
70,../data/processed/filtered_trials\cellula_MI_data_70.csv,left,False
71,../data/processed/filtered_trials\cellula_MI_data_71.csv,right,False
72,../data/processed/filtered_trials\cellula_MI_data_72.csv,right,False
73,../data/processed/filtered_trials\cellula_MI_data_73.csv,right,False
74,../data/processed/filtered_trials\cellula_MI_data_74.csv,right,False
75,../data/processed/filtered_trials\cellula_MI_data_75.csv,left,False
76,../data/processed/filtered_trials\cellula_MI_data_76.csv,left,False
77,../data/processed/filtered_trials\cellula_MI_data_77.csv,left,False
78,../data/processed/filtered_trials\cellula_MI_data_78.csv,right,False
79,../data/processed/filtered_trials\cellula_MI_data_79.csv,right,False
80,../data/processed/filtered_trials\cellula_MI_data_80.csv,left,False
81,../data/processed/filtered_trials\cellula_MI_data_81.csv,right,False
82,../data/processed/filtered_trials\cellula_MI_data_82.csv,left,False
83,../data/processed/filtered_trials\cellula_MI_data_83.csv,left,False
84,../data/processed/filtered_trials\cellula_MI_data_84.csv,left,False
85,../data/processed/filtered_trials\cellula_MI_data_85.csv,right,False
86,../data/processed/filtered_trials\cellula_MI_data_86.csv,right,False
87,../data/processed/filtered_trials\cellula_MI_data_87.csv,left,False
88,../data/processed/filtered_trials\cellula_MI_data_88.csv,right,False
89,../data/processed/filtered_trials\cellula_MI_data_89.csv,right,False
90,../data/processed/filtered_trials\cellula_MI_data_90.csv,right,False
91,../data/processed/filtered_trials\cellula_MI_data_91.csv,left,False
92,../data/processed/filtered_trials\cellula_MI_data_92.csv,left,False
93,../data/processed/filtered_trials\cellula_MI_data_93.csv,right,False
94,../data/processed/filtered_trials\cellula_MI_data_94.csv,right,False
95,../data/processed/filtered_trials\cellula_MI_data_95.csv,right,False
96,../data/processed/filtered_trials\cellula_MI_data_96.csv,right,False
97,../data/processed/filtered_trials\cellula_MI_data_97.csv,left,False
98,../data/processed/filtered_trials\cellula_MI_data_98.csv,left,False
99,../data/processed/filtered_trials\cellula_MI_data_99.csv,right,False
100,../data/processed/filtered_trials\cellula_MI_data_100.csv,left,False
101,../data/processed/filtered_trials\cellula_MI_data_101.csv,left,False
102,../data/processed/filtered_trials\cellula_MI_data_102.csv,right,False
103,../data/processed/filtered_trials\cellula_MI_data_103.csv,left,False
104,../data/processed/filtered_trials\cellula_MI_data_104.csv,right,False
105,../data/processed/filtered_trials\cellula_MI_data_105.csv,left,False
106,../data/processed/filtered_trials\cellula_MI_data_106.csv,left,False
107,../data/processed/filtered_trials\cellula_MI_data_107.csv,right,False
108,../data/processed/filtered_trials\cellula_MI_data_108.csv,left,False
109,../data/processed/filtered_trials\cellula_MI_data_109.csv,right,False
110,../data/processed/filtered_trials\cellula_MI_data_110.csv,right,False
111,../data/processed/filtered_trials\cellula_MI_data_111.csv,left,False
112,../data/processed/filtered_trials\cellula_MI_data_112.csv,left,False
113,../data/processed/filtered_trials\cellula_MI_data_113.csv,right,False
114,../data/processed/filtered_trials\cellula_MI_data_114.csv,left,False
115,../data/processed/filtered_trials\cellula_MI_data_115.csv,left,False
116,../data/processed/filtered_trials\cellula_MI_data_116.csv,left,False
117,../data/processed/filtered_trials\cellula_MI_data_117.csv,left,False
118,../data/processed/filtered_trials\cellula_MI_data_118.csv,right,False
119,../data/processed/filtered_trials\cellula_MI_data_119.csv,left,False
120,../data/processed/filtered_trials\cellula_MI_data_120.csv,left,False
121,../data/processed/filtered_trials\cellula_MI_data_121.csv,left,False
122,../data/processed/filtered_trials\cellula_MI_data_122.csv,right,False
123,../data/processed/filtered_trials\cellula_MI_data_123.csv,left,False
124,../data/processed/filtered_trials\cellula_MI_data_124.csv,left,False
125,../data/processed/filtered_trials\cellula_MI_data_125.csv,left,False
126,../data/processed/filtered_trials\cellula_MI_data_126.csv,left,False
127,../data/processed/filtered_trials\cellula_MI_data_127.csv,right,False
128,../data/processed/filtered_trials\cellula_MI_data_128.csv,right,False
129,../data/processed/filtered_trials\cellula_MI_data_129.csv,right,False
130,../data/processed/filtered_trials\cellula_MI_data_130.csv,left,False
131,../data/processed/filtered_trials\cellula_MI_data_131.csv,right,False
132,../data/processed/filtered_trials\cellula_MI_data_132.csv,left,False
133,../data/processed/filtered_trials\cellula_MI_data_133.csv,right,False
134,../data/processed/filtered_trials\cellula_MI_data_134.csv,left,False
135,../data/processed/filtered_trials\cellula_MI_data_135.csv,left,False
136,../data/processed/filtered_trials\cellula_MI_data_136.csv,right,False
137,../data/processed/filtered_trials\cellula_MI_data_137.csv,right,False
138,../data/processed/filtered_trials\cellula_MI_data_138.csv,right,False
139,../data/processed/filtered_trials\cellula_MI_data_139.csv,left,False
140,../data/processed/filtered_trials\cellula_MI_data_140.csv,right,False
141,../data/processed/filtered_trials\cellula_MI_data_141.csv,left,False
142,../data/processed/filtered_trials\cellula_MI_data_142.csv,right,False
143,../data/processed/filtered_trials\cellula_MI_data_143.csv,right,False
144,../data/processed/filtered_trials\cellula_MI_data_144.csv,right,False
145,../data/processed/filtered_trials\cellula_MI_data_145.csv,right,False
146,../data/processed/filtered_trials\cellula_MI_data_146.csv,left,False
147,../data/processed/filtered_trials\cellula_MI_data_147.csv,left,False
148,../data/processed/filtered_trials\cellula_MI_data_148.csv,right,False
149,../data/processed/filtered_trials\cellula_MI_data_149.csv,right,False
150,../data/processed/filtered_trials\cellula_MI_data_150.csv,right,False
151,../data/processed/filtered_trials\cellula_MI_data_151.csv,right,False
152,../data/processed/filtered_trials\cellula_MI_data_152.csv,left,False
153,../data/processed/filtered_trials\cellula_MI_data_153.csv,right,False
154,../data/processed/filtered_trials\cellula_MI_data_154.csv,right,False
155,../data/processed/filtered_trials\cellula_MI_data_155.csv,left,False
156,../data/processed/filtered_trials\cellula_MI_data_156.csv,left,False
157,../data/processed/filtered_trials\cellula_MI_data_157.csv,left,False
158,../data/processed/filtered_trials\cellula_MI_data_158.csv,left,False
159,../data/processed/filtered_trials\cellula_MI_data_159.csv,left,False
160,../data/processed/filtered_trials\cellula_MI_data_160.csv,right,False
161,../data/processed/filtered_trials\cellula_MI_data_161.csv,left,False
162,../data/processed/filtered_trials\cellula_MI_data_162.csv,left,False
163,../data/processed/filtered_trials\cellula_MI_data_163.csv,right,False
164,../data/processed/filtered_trials\cellula_MI_data_164.csv,left,False
165,../data/processed/filtered_trials\cellula_MI_data_165.csv,right,False
166,../data/processed/filtered_trials\cellula_MI_data_166.csv,left,False
167,../data/processed/filtered_trials\cellula_MI_data_167.csv,right,False
168,../data/processed/filtered_trials\cellula_MI_data_168.csv,right,False
169,../data/processed/filtered_trials\cellula_MI_data_169.csv,right,False
170,../data/processed/filtered_trials\cellula_MI_data_170.csv,left,False
171,../data/processed/filtered_trials\cellula_MI_data_171.csv,left,False
172,../data/processed/filtered_trials\cellula_MI_data_172.csv,left,False
173,../data/processed/filtered_trials\cellula_MI_data_173.csv,left,False
174,../data/processed/filtered_trials\cellula_MI_data_174.csv,right,False
175,../data/processed/filtered_trials\cellula_MI_data_175.csv,left,False
176,../data/processed/filtered_trials\cellula_MI_data_176.csv,left,False
177,../data/processed/filtered_trials\cellula_MI_data_177.csv,right,False
178,../data/processed/filtered_trials\cellula_MI_data_178.csv,right,False
179,../data/processed/filtered_trials\cellula_MI_data_179.csv,right,False
180,../data/processed/filtered_trials\cellula_MI_data_180.csv,left,False
181,../data/processed/filtered_trials\cellula_MI_data_181.csv,left,False
182,../data/processed/filtered_trials\cellula_MI_data_182.csv,left,False
183,../data/processed/filtered_trials\cellula_MI_data_183.csv,right,False
184,../data/processed/filtered_trials\cellula_MI_data_184.csv,left,False
185,../data/processed/filtered_trials\cellula_MI_data_185.csv,left,False
186,../data/processed/filtered_trials\cellula_MI_data_186.csv,right,False
187,../data/processed/filtered_trials\cellula_MI_data_187.csv,left,False
188,../data/processed/filtered_trials\cellula_MI_data_188.csv,left,False
189,../data/processed/filtered_trials\cellula_MI_data_189.csv,right,False
190,../data/processed/filtered_trials\cellula_MI_data_190.csv,right,False
191,../data/processed/filtered_trials\cellula_MI_data_191.csv,right,False
192,../data/processed/filtered_trials\cellula_MI_data_192.csv,right,False
193,../data/processed/filtered_trials\cellula_MI_data_193.csv,right,False
194,../data/processed/filtered_trials\cellula_MI_data_194.csv,left,False
195,../data/processed/filtered_trials\cellula_MI_data_195.csv,right,False
196,../data/processed/filtered_trials\cellula_MI_data_196.csv,right,False
197,../data/processed/filtered_trials\cellula_MI_data_197.csv,left,False
198,../data/processed/filtered_trials\cellula_MI_data_198.csv,left,False
199,../data/processed/filtered_trials\cellula_MI_data_199.csv,left,False
200,../data/processed/filtered_trials\cellula_MI_data_200.csv,right,False
201,../data/processed/filtered_trials\cellula_MI_data_201.csv,left,False
202,../data/processed/filtered_trials\cellula_MI_data_202.csv,right,False
203,../data/processed/filtered_trials\cellula_MI_data_203.csv,right,False
204,../data/processed/filtered_trials\cellula_MI_data_204.csv,right,False
205,../data/processed/filtered_trials\cellula_MI_data_205.csv,left,False
206,../data/processed/filtered_trials\cellula_MI_data_206.csv,left,False
207,../data/processed/filtered_trials\cellula_MI_data_207.csv,right,False
208,../data/processed/filtered_trials\cellula_MI_data_208.csv,left,False
209,../data/processed/filtered_trials\cellula_MI_data_209.csv,left,False
210,../data/processed/filtered_trials\cellula_MI_data_210.csv,left,False
211,../data/processed/filtered_trials\cellula_MI_data_211.csv,right,False
212,../data/processed/filtered_trials\cellula_MI_data_212.csv,left,False
213,../data/processed/filtered_trials\cellula_MI_data_213.csv,right,False
214,../data/processed/filtered_trials\cellula_MI_data_214.csv,left,False
215,../data/processed/filtered_trials\cellula_MI_data_215.csv,left,False
216,../data/processed/filtered_trials\cellula_MI_data_216.csv,right,False
217,../data/processed/filtered_trials\cellula_MI_data_217.csv,left,False
218,../data/processed/filtered_trials\cellula_MI_data_218.csv,left,False
219,../data/processed/filtered_trials\cellula_MI_data_219.csv,left,False
220,../data/processed/filtered_trials\cellula_MI_data_220.csv,left,False
221,../data/processed/filtered_trials\cellula_MI_data_221.csv,right,False
222,../data/processed/filtered_trials\cellula_MI_data_222.csv,right,False
223,../data/processed/filtered_trials\cellula_MI_data_223.csv,right,False
224,../data/processed/filtered_trials\cellula_MI_data_224.csv,left,False
225,../data/processed/filtered_trials\cellula_MI_data_225.csv,left,False
226,../data/processed/filtered_trials\cellula_MI_data_226.csv,right,False
227,../data/processed/filtered_trials\cellula_MI_data_227.csv,right,False
228,../data/processed/filtered_trials\cellula_MI_data_228.csv,right,False
229,../data/processed/filtered_trials\cellula_MI_data_229.csv,right,False
230,../data/processed/filtered_trials\cellula_MI_data_230.csv,right,False
231,../data/processed/filtered_trials\cellula_MI_data_231.csv,left,False
232,../data/processed/filtered_trials\cellula_MI_data_232.csv,right,False
233,../data/processed/filtered_trials\cellula_MI_data_233.csv,right,False
234,../data/processed/filtered_trials\cellula_MI_data_234.csv,left,False
235,../data/processed/filtered_trials\cellula_MI_data_235.csv,left,False
236,../data/processed/filtered_trials\cellula_MI_data_236.csv,right,False
237,../data/processed/filtered_trials\cellula_MI_data_237.csv,left,False
238,../data/processed/filtered_trials\cellula_MI_data_238.csv,right,False
239,../data/processed/filtered_trials\cellula_MI_data_239.csv,left,False
240,../data/processed/filtered_trials\cellula_MI_data_240.csv,left,False
241,../data/processed/filtered_trials\cellula_MI_data_241.csv,right,False
242,../data/processed/filtered_trials\cellula_MI_data_242.csv,right,False
243,../data/processed/filtered_trials\cellula_MI_data_243.csv,left,False
244,../data/processed/filtered_trials\cellula_MI_data_244.csv,right,False
245,../data/processed/filtered_trials\cellula_MI_data_245.csv,left,False
246,../data/processed/filtered_trials\cellula_MI_data_246.csv,left,False
247,../data/processed/filtered_trials\cellula_MI_data_247.csv,right,False
248,../data/processed/filtered_trials\cellula_MI_data_248.csv,right,False
249,../data/processed/filtered_trials\cellula_MI_data_249.csv,right,False
250,../data/processed/filtered_trials\cellula_MI_data_250.csv,right,False
251,../data/processed/filtered_trials\cellula_MI_data_251.csv,left,False
252,../data/processed/filtered_trials\cellula_MI_data_252.csv,right,False
253,../data/processed/filtered_trials\cellula_MI_data_253.csv,left,False
254,../data/processed/filtered_trials\cellula_MI_data_254.csv,right,False
255,../data/processed/filtered_trials\cellula_MI_data_255.csv,right,False
256,../data/processed/filtered_trials\cellula_MI_data_256.csv,right,False
257,../data/processed/filtered_trials\cellula_MI_data_257.csv,left,False
258,../data/processed/filtered_trials\cellula_MI_data_258.csv,left,False
259,../data/processed/filtered_trials\cellula_MI_data_259.csv,right,False
260,../data/processed/filtered_trials\cellula_MI_data_260.csv,right,False
261,../data/processed/filtered_trials\cellula_MI_data_261.csv,left,False
262,../data/processed/filtered_trials\cellula_MI_data_262.csv,left,False
263,../data/processed/filtered_trials\cellula_MI_data_263.csv,left,False
264,../data/processed/filtered_trials\cellula_MI_data_264.csv,left,False
265,../data/processed/filtered_trials\cellula_MI_data_265.csv,right,False
266,../data/processed/filtered_trials\cellula_MI_data_266.csv,left,False
267,../data/processed/filtered_trials\cellula_MI_data_267.csv,left,False
268,../data/processed/filtered_trials\cellula_MI_data_268.csv,left,False
269,../data/processed/filtered_trials\cellula_MI_data_269.csv,left,False
270,../data/processed/filtered_trials\cellula_MI_data_270.csv,right,False
271,../data/processed/filtered_trials\cellula_MI_data_271.csv,left,False
272,../data/processed/filtered_trials\cellula_MI_data_272.csv,right,False
273,../data/processed/filtered_trials\cellula_MI_data_273.csv,right,False
274,../data/processed/filtered_trials\cellula_MI_data_274.csv,right,False
275,../data/processed/filtered_trials\cellula_MI_data_275.csv,left,False
276,../data/processed/filtered_trials\cellula_MI_data_276.csv,right,False
277,../data/processed/filtered_trials\cellula_MI_data_277.csv,left,False
278,../data/processed/filtered_trials\cellula_MI_data_278.csv,left,False
279,../data/processed/filtered_trials\cellula_MI_data_279.csv,left,False
280,../data/processed/filtered_trials\cellula_MI_data_280.csv,left,False
281,../data/processed/filtered_trials\cellula_MI_data_281.csv,left,False
282,../data/processed/filtered_trials\cellula_MI_data_282.csv,right,False
283,../data/processed/filtered_trials\cellula_MI_data_283.csv,right,False
284,../data/processed/filtered_trials\cellula_MI_data_284.csv,right,False
285,../data/processed/filtered_trials\cellula_MI_data_285.csv,right,False
286,../data/processed/filtered_trials\cellula_MI_data_286.csv,right,False
287,../data/processed/filtered_trials\cellula_MI_data_287.csv,right,False
288,../data/processed/filtered_trials\cellula_MI_data_288.csv,right,False
289,../data/processed/filtered_trials\cellula_MI_data_289.csv,left,False
290,../data/processed/filtered_trials\cellula_MI_data_290.csv,left,False
291,../data/processed/filtered_trials\cellula_MI_data_291.csv,right,False
292,../data/processed/filtered_trials\cellula_MI_data_292.csv,left,False
293,../data/processed/filtered_trials\cellula_MI_data_293.csv,left,False
294,../data/processed/filtered_trials\cellula_MI_data_294.csv,right,False
295,../data/processed/filtered_trials\cellula_MI_data_295.csv,right,False
296,../data/processed/filtered_trials\cellula_MI_data_296.csv,left,False
297,../data/processed/filtered_trials\cellula_MI_data_297.csv,left,False
298,../data/processed/filtered_trials\cellula_MI_data_298.csv,left,False
299,../data/processed/filtered_trials\cellula_MI_data_299.csv,right,False
300,../data/processed/filtered_trials\cellula_MI_data_300.csv,right,False
301,../data/processed/filtered_trials\cellula_MI_data_301.csv,right,False
302,../data/processed/filtered_trials\cellula_MI_data_302.csv,right,False
303,../data/processed/filtered_trials\cellula_MI_data_303.csv,right,False
304,../data/processed/filtered_trials\cellula_MI_data_304.csv,left,False
305,../data/processed/filtered_trials\cellula_MI_data_305.csv,right,False
306,../data/processed/filtered_trials\cellula_MI_data_306.csv,left,False
307,../data/processed/filtered_trials\cellula_MI_data_307.csv,right,False
308,../data/processed/filtered_trials\cellula_MI_data_308.csv,right,False
309,../data/processed/filtered_trials\cellula_MI_data_309.csv,right,False
310,../data/processed/filtered_trials\cellula_MI_data_310.csv,left,False
311,../data/processed/filtered_trials\cellula_MI_data_311.csv,right,False
312,../data/processed/filtered_trials\cellula_MI_data_312.csv,left,False
313,../data/processed/filtered_trials\cellula_MI_data_313.csv,right,False
314,../data/processed/filtered_trials\cellula_MI_data_314.csv,left,False
315,../data/processed/filtered_trials\cellula_MI_data_315.csv,left,False
316,../data/processed/filtered_trials\cellula_MI_data_316.csv,left,False
317,../data/processed/filtered_trials\cellula_MI_data_317.csv,left,False
318,../data/processed/filtered_trials\cellula_MI_data_318.csv,left,False
319,../data/processed/filtered_trials\cellula_MI_data_319.csv,right,False
320,../data/processed/filtered_trials\cellula_MI_data_320.csv,left,False
321,../data/processed/filtered_trials\cellula_MI_data_321.csv,right,False
322,../data/processed/filtered_trials\cellula_MI_data_322.csv,left,False
323,../data/processed/filtered_trials\cellula_MI_data_323.csv,right,False
324,../data/processed/filtered_trials\cellula_MI_data_324.csv,left,False
325,../data/processed/filtered_trials\cellula_MI_data_325.csv,right,False
326,../data/processed/filtered_trials\cellula_MI_data_326.csv,right,False
327,../data/processed/filtered_trials\cellula_MI_data_327.csv,left,False
328,../data/processed/filtered_trials\cellula_MI_data_328.csv,right,False
329,../data/processed/filtered_trials\cellula_MI_data_329.csv,right,False
330,../data/processed/filtered_trials\cellula_MI_data_330.csv,left,False
331,../data/processed/filtered_trials\cellula_MI_data_331.csv,right,False
332,../data/processed/filtered_trials\cellula_MI_data_332.csv,left,False
333,../data/processed/filtered_trials\cellula_MI_data_333.csv,right,False
334,../data/processed/filtered_trials\cellula_MI_data_334.csv,left,False
335,../data/processed/filtered_trials\cellula_MI_data_335.csv,left,False
336,../data/processed/filtered_trials\cellula_MI_data_336.csv,left,False
337,../data/processed/filtered_trials\cellula_MI_data_337.csv,left,False
338,../data/processed/filtered_trials\cellula_MI_data_338.csv,left,False
339,../data/processed/filtered_trials\cellula_MI_data_339.csv,left,False
340,../data/processed/filtered_trials\cellula_MI_data_340.csv,left,False
341,../data/processed/filtered_trials\cellula_MI_data_341.csv,right,False
342,../data/processed/filtered_trials\cellula_MI_data_342.csv,left,False
343,../data/processed/filtered_trials\cellula_MI_data_343.csv,left,False
344,../data/processed/filtered_trials\cellula_MI_data_344.csv,left,False
345,../data/processed/filtered_trials\cellula_MI_data_345.csv,right,False
346,../data/processed/filtered_trials\cellula_MI_data_346.csv,right,False
347,../data/processed/filtered_trials\cellula_MI_data_347.csv,left,False
348,../data/processed/filtered_trials\cellula_MI_data_348.csv,right,False
349,../data/processed/filtered_trials\cellula_MI_data_349.csv,right,False
350,../data/processed/filtered_trials\cellula_MI_data_350.csv,left,False
351,../data/processed/filtered_trials\cellula_MI_data_351.csv,right,False
352,../data/processed/filtered_trials\cellula_MI_data_352.csv,right,False
353,../data/processed/filtered_trials\cellula_MI_data_353.csv,right,False
354,../data/processed/filtered_trials\cellula_MI_data_354.csv,right,False
355,../data/processed/filtered_trials\cellula_MI_data_355.csv,right,False
356,../data/processed/filtered_trials\cellula_MI_data_356.csv,left,False
357,../data/processed/filtered_trials\cellula_MI_data_357.csv,left,False
358,../data/processed/filtered_trials\cellula_MI_data_358.csv,right,False
359,../data/processed/filtered_trials\cellula_MI_data_359.csv,left,False
360,../data/processed/filtered_trials\cellula_MI_data_360.csv,left,False
361,../data/processed/filtered_trials\cellula_MI_data_361.csv,left,False
362,../data/processed/filtered_trials\cellula_MI_data_362.csv,left,False
363,../data/processed/filtered_trials\cellula_MI_data_363.csv,left,False
364,../data/processed/filtered_trials\cellula_MI_data_364.csv,right,False
365,../data/processed/filtered_trials\cellula_MI_data_365.csv,left,False
366,../data/processed/filtered_trials\cellula_MI_data_366.csv,left,False
367,../data/processed/filtered_trials\cellula_MI_data_367.csv,right,False
368,../data/processed/filtered_trials\cellula_MI_data_368.csv,right,False
369,../data/processed/filtered_trials\cellula_MI_data_369.csv,right,False
370,../data/processed/filtered_trials\cellula_MI_data_370.csv,right,False
371,../data/processed/filtered_trials\cellula_MI_data_371.csv,left,False
372,../data/processed/filtered_trials\cellula_MI_data_372.csv,right,False
373,../data/processed/filtered_trials\cellula_MI_data_373.csv,right,False
374,../data/processed/filtered_trials\cellula_MI_data_374.csv,left,False
375,../data/processed/filtered_trials\cellula_MI_data_375.csv,left,False
376,../data/processed/filtered_trials\cellula_MI_data_376.csv,left,False
377,../data/processed/filtered_trials\cellula_MI_data_377.csv,left,False
378,../data/processed/filtered_trials\cellula_MI_data_378.csv,left,False
379,../data/processed/filtered_trials\cellula_MI_data_379.csv,left,False
380,../data/processed/filtered_trials\cellula_MI_data_380.csv,right,False
381,../data/processed/filtered_trials\cellula_MI_data_381.csv,left,False
382,../data/processed/filtered_trials\cellula_MI_data_382.csv,left,False
383,../data/processed/filtered_trials\cellula_MI_data_383.csv,left,False
384,../data/processed/filtered_trials\cellula_MI_data_384.csv,right,False
385,../data/processed/filtered_trials\cellula_MI_data_385.csv,left,False
386,../data/processed/filtered_trials\cellula_MI_data_386.csv,left,False
387,../data/processed/filtered_trials\cellula_MI_data_387.csv,left,False
388,../data/processed/filtered_trials\cellula_MI_data_388.csv,right,False
389,../data/processed/filtered_trials\cellula_MI_data_389.csv,right,False
390,../data/processed/filtered_trials\cellula_MI_data_390.csv,right,False
391,../data/processed/filtered_trials\cellula_MI_data_391.csv,right,False
392,../data/processed/filtered_trials\cellula_MI_data_392.csv,right,False
393,../data/processed/filtered_trials\cellula_MI_data_393.csv,left,False
394,../data/processed/filtered_trials\cellula_MI_data_394.csv,left,False
395,../data/processed/filtered_trials\cellula_MI_data_395.csv,left,False
396,../data/processed/filtered_trials\cellula_MI_data_396.csv,left,False
397,../data/processed/filtered_trials\cellula_MI_data_397.csv,left,False
398,../data/processed/filtered_trials\cellula_MI_data_398.csv,right,False
399,../data/processed/filtered_trials\cellula_MI_data_399.csv,right,False
400,../data/processed/filtered_trials\cellula_MI_data_400.csv,right,False
401,../data/processed/filtered_trials\cellula_MI_data_401.csv,left,False
402,../data/processed/filtered_trials\cellula_MI_data_402.csv,right,False
403,../data/processed/filtered_trials\cellula_MI_data_403.csv,right,False
404,../data/processed/filtered_trials\cellula_MI_data_404.csv,left,False
405,../data/processed/filtered_trials\cellula_MI_data_405.csv,left,False
406,../data/processed/filtered_trials\cellula_MI_data_406.csv,left,False
407,../data/processed/filtered_trials\cellula_MI_data_407.csv,right,False
408,../data/processed/filtered_trials\cellula_MI_data_408.csv,right,False
409,../data/processed/filtered_trials\cellula_MI_data_409.csv,left,False
410,../data/processed/filtered_trials\cellula_MI_data_410.csv,left,False
411,../data/processed/filtered_trials\cellula_MI_data_411.csv,left,False
412,../data/processed/filtered_trials\cellula_MI_data_412.csv,left,False
413,../data/processed/filtered_trials\cellula_MI_data_413.csv,right,False
414,../data/processed/filtered_trials\cellula_MI_data_414.csv,left,False
415,../data/processed/filtered_trials\cellula_MI_data_415.csv,left,False
416,../data/processed/filtered_trials\cellula_MI_data_416.csv,right,False
417,../data/processed/filtered_trials\cellula_MI_data_417.csv,left,False
418,../data/processed/filtered_trials\cellula_MI_data_418.csv,left,False
419,../data/processed/filtered_trials\cellula_MI_data_419.csv,left,False
420,../data/processed/filtered_trials\cellula_MI_data_420.csv,right,False
421,../data/processed/filtered_trials\cellula_MI_data_421.csv,right,False
422,../data/processed/filtered_trials\cellula_MI_data_422.csv,left,False
423,../data/processed/filtered_trials\cellula_MI_data_423.csv,left,False
424,../data/processed/filtered_trials\cellula_MI_data_424.csv,right,False
425,../data/processed/filtered_trials\cellula_MI_data_425.csv,left,False
426,../data/processed/filtered_trials\cellula_MI_data_426.csv,right,False
427,../data/processed/filtered_trials\cellula_MI_data_427.csv,left,False
428,../data/processed/filtered_trials\cellula_MI_data_428.csv,left,False
429,../data/processed/filtered_trials\cellula_MI_data_429.csv,left,False
430,../data/processed/filtered_trials\cellula_MI_data_430.csv,right,False
431,../data/processed/filtered_trials\cellula_MI_data_431.csv,right,False
432,../data/processed/filtered_trials\cellula_MI_data_432.csv,right,False
433,../data/processed/filtered_trials\cellula_MI_data_433.csv,right,False
434,../data/processed/filtered_trials\cellula_MI_data_434.csv,right,False
435,../data/processed/filtered_trials\cellula_MI_data_435.csv,left,False
436,../data/processed/filtered_trials\cellula_MI_data_436.csv,left,False
437,../data/processed/filtered_trials\cellula_MI_data_437.csv,right,False
438,../data/processed/filtered_trials\cellula_MI_data_438.csv,left,False
439,../data/processed/filtered_trials\cellula_MI_data_439.csv,left,False
440,../data/processed/filtered_trials\cellula_MI_data_440.csv,left,False
441,../data/processed/filtered_trials\cellula_MI_data_441.csv,right,False
442,../data/processed/filtered_trials\cellula_MI_data_442.csv,left,False
443,../data/processed/filtered_trials\cellula_MI_data_443.csv,right,False
444,../data/processed/filtered_trials\cellula_MI_data_444.csv,right,False
445,../data/processed/filtered_trials\cellula_MI_data_445.csv,right,False
446,../data/processed/filtered_trials\cellula_MI_data_446.csv,left,False
447,../data/processed/filtered_trials\cellula_MI_data_447.csv,left,False
448,../data/processed/filtered_trials\cellula_MI_data_448.csv,left,False
449,../data/processed/filtered_trials\cellula_MI_data_449.csv,left,False
450,../data/processed/filtered_trials\cellula_MI_data_450.csv,right,False
451,../data/processed/filtered_trials\cellula_MI_data_451.csv,right,False
452,../data/processed/filtered_trials\cellula_MI_data_452.csv,right,False
453,../data/processed/filtered_trials\cellula_MI_data_453.csv,left,False
454,../data/processed/filtered_trials\cellula_MI_data_454.csv,right,False
455,../data/processed/filtered_trials\cellula_MI_data_455.csv,left,False
456,../data/processed/filtered_trials\cellula_MI_data_456.csv,left,False
457,../data/processed/filtered_trials\cellula_MI_data_457.csv,right,False
458,../data/processed/filtered_trials\cellula_MI_data_458.csv,right,False
459,../data/processed/filtered_trials\cellula_MI_data_459.csv,right,False
505,../data/processed/filtered_trials\cellula_MI_data_505.csv,left,False
506,../data/processed/filtered_trials\cellula_MI_data_506.csv,left,False
507,../data/processed/filtered_trials\cellula_MI_data_507.csv,left,False
508,../data/processed/filtered_trials\cellula_MI_data_508.csv,left,False
509,../data/processed/filtered_trials\cellula_MI_data_509.csv,left,False
510,../data/processed/filtered_trials\cellula_MI_data_510.csv,left,False
511,../data/processed/filtered_trials\cellula_MI_data_511.csv,right,False
512,../data/processed/filtered_trials\cellula_MI_data_512.csv,left,False
513,../data/processed/filtered_trials\cellula_MI_data_513.csv,left,False
604,../data/processed/filtered_trials\cellula_MI_data_604.csv,right,False
605,../data/processed/filtered_trials\cellula_MI_data_605.csv,right,False
606,../data/processed/filtered_trials\cellula_MI_data_606.csv,left,False
607,../data/processed/filtered_trials\cellula_MI_data_607.csv,right,False
608,../data/processed/filtered_trials\cellula_MI_data_608.csv,left,False
609,../data/processed/filtered_trials\cellula_MI_data_609.csv,right,False
610,../data/processed/filtered_trials\cellula_MI_data_610.csv,right,False
611,../data/processed/filtered_trials\cellula_MI_data_611.csv,left,False
612,../data/processed/filtered_trials\cellula_MI_data_612.csv,left,False
622,../data/processed/filtered_trials\cellula_MI_data_622.csv,right,False
623,../data/processed/filtered_trials\cellula_MI_data_623.csv,right,False
624,../data/processed/filtered_trials\cellula_MI_data_624.csv,right,False
625,../data/processed/filtered_trials\cellula_MI_data_625.csv,left,False
626,../data/processed/filtered_trials\cellula_MI_data_626.csv,right,False
627,../data/processed/filtered_trials\cellula_MI_data_627.csv,left,False
628,../data/processed/filtered_trials\cellula_MI_data_628.csv,right,False
629,../data/processed/filtered_trials\cellula_MI_data_629.csv,left,False
630,../data/processed/filtered_trials\cellula_MI_data_630.csv,right,False
631,../data/processed/filtered_trials\cellula_MI_data_631.csv,left,False
632,../data/processed/filtered_trials\cellula_MI_data_632.csv,right,False
633,../data/processed/filtered_trials\cellula_MI_data_633.csv,left,False
634,../data/processed/filtered_trials\cellula_MI_data_634.csv,right,False
635,../data/processed/filtered_trials\cellula_MI_data_635.csv,left,False
636,../data/processed/filtered_trials\cellula_MI_data_636.csv,right,False
637,../data/processed/filtered_trials\cellula_MI_data_637.csv,left,False
638,../data/processed/filtered_trials\cellula_MI_data_638.csv,left,False
639,../data/processed/filtered_trials\cellula_MI_data_639.csv,right,False
640,../data/processed/filtered_trials\cellula_MI_data_640.csv,right,False
641,../data/processed/filtered_trials\cellula_MI_data_641.csv,right,False
642,../data/processed/filtered_trials\cellula_MI_data_642.csv,left,False
643,../data/processed/filtered_trials\cellula_MI_data_643.csv,left,False
644,../data/processed/filtered_trials\cellula_MI_data_644.csv,right,False
645,../data/processed/filtered_trials\cellula_MI_data_645.csv,left,False
646,../data/processed/filtered_trials\cellula_MI_data_646.csv,right,False
647,../data/processed/filtered_trials\cellula_MI_data_647.csv,right,False
648,../data/processed/filtered_trials\cellula_MI_data_648.csv,right,False
649,../data/processed/filtered_trials\cellula_MI_data_649.csv,right,False
650,../data/processed/filtered_trials\cellula_MI_data_650.csv,left,False
651,../data/processed/filtered_trials\cellula_MI_data_651.csv,left,False
652,../data/processed/filtered_trials\cellula_MI_data_652.csv,right,False
653,../data/processed/filtered_trials\cellula_MI_data_653.csv,left,False
654,../data/processed/filtered_trials\cellula_MI_data_654.csv,right,False
655,../data/processed/filtered_trials\cellula_MI_data_655.csv,left,False
656,../data/processed/filtered_trials\cellula_MI_data_656.csv,right,False
657,../data/processed/filtered_trials\cellula_MI_data_657.csv,right,False
667,../data/processed/filtered_trials\cellula_MI_data_667.csv,left,False
668,../data/processed/filtered_trials\cellula_MI_data_668.csv,right,False
669,../data/processed/filtered_trials\cellula_MI_data_669.csv,left,False
670,../data/processed/filtered_trials\cellula_MI_data_670.csv,left,False
671,../data/processed/filtered_trials\cellula_MI_data_671.csv,left,False
672,../data/processed/filtered_trials\cellula_MI_data_672.csv,left,False
673,../data/processed/filtered_trials\cellula_MI_data_673.csv,left,False
674,../data/processed/filtered_trials\cellula_MI_data_674.csv,left,False
675,../data/processed/filtered_trials\cellula_MI_data_675.csv,left,False
676,../data/processed/filtered_trials\cellula_MI_data_676.csv,right,False
677,../data/processed/filtered_trials\cellula_MI_data_677.csv,left,False
678,../data/processed/filtered_trials\cellula_MI_data_678.csv,right,False
679,../data/processed/filtered_trials\cellula_MI_data_679.csv,left,False
680,../data/processed/filtered_trials\cellula_MI_data_680.csv,left,False
681,../data/processed/filtered_trials\cellula_MI_data_681.csv,left,False
682,../data/processed/filtered_trials\cellula_MI_data_682.csv,right,False
683,../data/processed/filtered_trials\cellula_MI_data_683.csv,left,False
684,../data/processed/filtered_trials\cellula_MI_data_684.csv,right,False
685,../data/processed/filtered_trials\cellula_MI_data_685.csv,right,False
686,../data/processed/filtered_trials\cellula_MI_data_686.csv,left,False
687,../data/processed/filtered_trials\cellula_MI_data_687.csv,right,False
688,../data/processed/filtered_trials\cellula_MI_data_688.csv,right,False
689,../data/processed/filtered_trials\cellula_MI_data_689.csv,left,False
690,../data/processed/filtered_trials\cellula_MI_data_690.csv,right,False
691,../data/processed/filtered_trials\cellula_MI_data_691.csv,left,False
692,../data/processed/filtered_trials\cellula_MI_data_692.csv,right,False
693,../data/processed/filtered_trials\cellula_MI_data_693.csv,left,False
694,../data/processed/filtered_trials\cellula_MI_data_694.csv,left,False
695,../data/processed/filtered_trials\cellula_MI_data_695.csv,right,False
696,../data/processed/filtered_trials\cellula_MI_data_696.csv,right,False
697,../data/processed/filtered_trials\cellula_MI_data_697.csv,right,False
698,../data/processed/filtered_trials\cellula_MI_data_698.csv,right,False
699,../data/processed/filtered_trials\cellula_MI_data_699.csv,right,False
700,../data/processed/filtered_trials\cellula_MI_data_700.csv,left,False
701,../data/processed/filtered_trials\cellula_MI_data_701.csv,left,False
702,../data/processed/filtered_trials\cellula_MI_data_702.csv,right,False
703,../data/processed/filtered_trials\cellula_MI_data_703.csv,right,False
704,../data/processed/filtered_trials\cellula_MI_data_704.csv,left,False
705,../data/processed/filtered_trials\cellula_MI_data_705.csv,left,False
706,../data/processed/filtered_trials\cellula_MI_data_706.csv,left,False
707,../data/processed/filtered_trials\cellula_MI_data_707.csv,right,False
708,../data/processed/filtered_trials\cellula_MI_data_708.csv,left,False
709,../data/processed/filtered_trials\cellula_MI_data_709.csv,right,False
710,../data/processed/filtered_trials\cellula_MI_data_710.csv,right,False
711,../data/processed/filtered_trials\cellula_MI_data_711.csv,left,False
712,../data/processed/filtered_trials\cellula_MI_data_712.csv,right,False
713,../data/processed/filtered_trials\cellula_MI_data_713.csv,right,False
714,../data/processed/filtered_trials\cellula_MI_data_714.csv,left,False
715,../data/processed/filtered_trials\cellula_MI_data_715.csv,right,False
716,../data/processed/filtered_trials\cellula_MI_data_716.csv,left,False
717,../data/processed/filtered_trials\cellula_MI_data_717.csv,left,False
718,../data/processed/filtered_trials\cellula_MI_data_718.csv,right,False
719,../data/processed/filtered_trials\cellula_MI_data_719.csv,right,False
720,../data/processed/filtered_trials\cellula_MI_data_720.csv,right,False
721,../data/processed/filtered_trials\cellula_MI_data_721.csv,right,False
722,../data/processed/filtered_trials\cellula_MI_data_722.csv,left,False
723,../data/processed/filtered_trials\cellula_MI_data_723.csv,right,False
724,../data/processed/filtered_trials\cellula_MI_data_724.csv,right,False
725,../data/processed/filtered_trials\cellula_MI_data_725.csv,right,False
726,../data/processed/filtered_trials\cellula_MI_data_726.csv,left,False
727,../data/processed/filtered_trials\cellula_MI_data_727.csv,right,False
728,../data/processed/filtered_trials\cellula_MI_data_728.csv,left,False
729,../data/processed/filtered_trials\cellula_MI_data_729.csv,left,False
730,../data/processed/filtered_trials\cellula_MI_data_730.csv,left,False
731,../data/processed/filtered_trials\cellula_MI_data_731.csv,right,False
732,../data/processed/filtered_trials\cellula_MI_data_732.csv,right,False
733,../data/processed/filtered_trials\cellula_MI_data_733.csv,right,False
734,../data/processed/filtered_trials\cellula_MI_data_734.csv,left,False
735,../data/processed/filtered_trials\cellula_MI_data_735.csv,left,False
736,../data/processed/filtered_trials\cellula_MI_data_736.csv,left,False
737,../data/processed/filtered_trials\cellula_MI_data_737.csv,right,False
738,../data/processed/filtered_trials\cellula_MI_data_738.csv,left,False
739,../data/processed/filtered_trials\cellula_MI_data_739.csv,left,False
740,../data/processed/filtered_trials\cellula_MI_data_740.csv,right,False
741,../data/processed/filtered_trials\cellula_MI_data_741.csv,right,False
742,../data/processed/filtered_trials\cellula_MI_data_742.csv,left,False
743,../data/processed/filtered_trials\cellula_MI_data_743.csv,left,False
744,../data/processed/filtered_trials\cellula_MI_data_744.csv,right,False
745,../data/processed/filtered_trials\cellula_MI_data_745.csv,left,False
746,../data/processed/filtered_trials\cellula_MI_data_746.csv,right,False
747,../data/processed/filtered_trials\cellula_MI_data_747.csv,right,False
748,../data/processed/filtered_trials\cellula_MI_data_748.csv,left,False
749,../data/processed/filtered_trials\cellula_MI_data_749.csv,right,False
750,../data/processed/filtered_trials\cellula_MI_data_750.csv,left,False
751,../data/processed/filtered_trials\cellula_MI_data_751.csv,right,False
752,../data/processed/filtered_trials\cellula_MI_data_752.csv,left,False
753,../data/processed/filtered_trials\cellula_MI_data_753.csv,right,False
754,../data/processed/filtered_trials\cellula_MI_data_754.csv,left,False
755,../data/processed/filtered_trials\cellula_MI_data_755.csv,right,False
756,../data/processed/filtered_trials\cellula_MI_data_756.csv,right,False
757,../data/processed/filtered_trials\cellula_MI_data_757.csv,left,False
758,../data/processed/filtered_trials\cellula_MI_data_758.csv,right,False
759,../data/processed/filtered_trials\cellula_MI_data_759.csv,right,False
760,../data/processed/filtered_trials\cellula_MI_data_760.csv,left,False
761,../data/processed/filtered_trials\cellula_MI_data_761.csv,right,False
762,../data/processed/filtered_trials\cellula_MI_data_762.csv,right,False
763,../data/processed/filtered_trials\cellula_MI_data_763.csv,right,False
764,../data/processed/filtered_trials\cellula_MI_data_764.csv,right,False
765,../data/processed/filtered_trials\cellula_MI_data_765.csv,right,False
766,../data/processed/filtered_trials\cellula_MI_data_766.csv,left,False
767,../data/processed/filtered_trials\cellula_MI_data_767.csv,right,False
768,../data/processed/filtered_trials\cellula_MI_data_768.csv,right,False
769,../data/processed/filtered_trials\cellula_MI_data_769.csv,left,False
770,../data/processed/filtered_trials\cellula_MI_data_770.csv,right,False
771,../data/processed/filtered_trials\cellula_MI_data_771.csv,right,False
772,../data/processed/filtered_trials\cellula_MI_data_772.csv,left,False
773,../data/processed/filtered_trials\cellula_MI_data_773.csv,left,False
774,../data/processed/filtered_trials\cellula_MI_data_774.csv,left,False
775,../data/processed/filtered_trials\cellula_MI_data_775.csv,left,False
776,../data/processed/filtered_trials\cellula_MI_data_776.csv,left,False
777,../data/processed/filtered_trials\cellula_MI_data_777.csv,left,False
778,../data/processed/filtered_trials\cellula_MI_data_778.csv,right,False
779,../data/processed/filtered_trials\cellula_MI_data_779.csv,right,False
780,../data/processed/filtered_trials\cellula_MI_data_780.csv,right,False
781,../data/processed/filtered_trials\cellula_MI_data_781.csv,right,False
782,../data/processed/filtered_trials\cellula_MI_data_782.csv,left,False
783,../data/processed/filtered_trials\cellula_MI_data_783.csv,right,False
784,../data/processed/filtered_trials\cellula_MI_data_784.csv,left,False
785,../data/processed/filtered_trials\cellula_MI_data_785.csv,left,False
786,../data/processed/filtered_trials\cellula_MI_data_786.csv,right,False
787,../data/processed/filtered_trials\cellula_MI_data_787.csv,left,False
788,../data/processed/filtered_trials\cellula_MI_data_788.csv,left,False
789,../data/processed/filtered_trials\cellula_MI_data_789.csv,left,False
790,../data/processed/filtered_trials\cellula_MI_data_790.csv,left,False
791,../data/processed/filtered_trials\cellula_MI_data_791.csv,left,False
792,../data/processed/filtered_trials\cellula_MI_data_792.csv,left,False
793,../data/processed/filtered_trials\cellula_MI_data_793.csv,left,False
794,../data/processed/filtered_trials\cellula_MI_data_794.csv,left,False
795,../data/processed/filtered_trials\cellula_MI_data_795.csv,right,False
796,../data/processed/filtered_trials\cellula_MI_data_796.csv,left,False
797,../data/processed/filtered_trials\cellula_MI_data_797.csv,left,False
798,../data/processed/filtered_trials\cellula_MI_data_798.csv,right,False
799,../data/processed/filtered_trials\cellula_MI_data_799.csv,right,False
800,../data/processed/filtered_trials\cellula_MI_data_800.csv,right,False
801,../data/processed/filtered_trials\cellula_MI_data_801.csv,left,False
802,../data/processed/filtered_trials\cellula_MI_data_802.csv,left,False
803,../data/processed/filtered_trials\cellula_MI_data_803.csv,right,False
804,../data/processed/filtered_trials\cellula_MI_data_804.csv,left,False
805,../data/processed/filtered_trials\cellula_MI_data_805.csv,right,False
806,../data/processed/filtered_trials\cellula_MI_data_806.csv,right,False
807,../data/processed/filtered_trials\cellula_MI_data_807.csv,left,False
808,../data/processed/filtered_trials\cellula_MI_data_808.csv,right,False
809,../data/processed/filtered_trials\cellula_MI_data_809.csv,right,False
810,../data/processed/filtered_trials\cellula_MI_data_810.csv,left,False
811,../data/processed/filtered_trials\cellula_MI_data_811.csv,right,False
812,../data/processed/filtered_trials\cellula_MI_data_812.csv,right,False
813,../data/processed/filtered_trials\cellula_MI_data_813.csv,left,False
814,../data/processed/filtered_trials\cellula_MI_data_814.csv,left,False
815,../data/processed/filtered_trials\cellula_MI_data_815.csv,left,False
816,../data/processed/filtered_trials\cellula_MI_data_816.csv,left,False
817,../data/processed/filtered_trials\cellula_MI_data_817.csv,right,False
818,../data/processed/filtered_trials\cellula_MI_data_818.csv,right,False
819,../data/processed/filtered_trials\cellula_MI_data_819.csv,left,False
820,../data/processed/filtered_trials\cellula_MI_data_820.csv,right,False
821,../data/processed/filtered_trials\cellula_MI_data_821.csv,left,False
822,../data/processed/filtered_trials\cellula_MI_data_822.csv,right,False
823,../data/processed/filtered_trials\cellula_MI_data_823.csv,left,False
824,../data/processed/filtered_trials\cellula_MI_data_824.csv,right,False
825,../data/processed/filtered_trials\cellula_MI_data_825.csv,left,False
826,../data/processed/filtered_trials\cellula_MI_data_826.csv,right,False
827,../data/processed/filtered_trials\cellula_MI_data_827.csv,right,False
828,../data/processed/filtered_trials\cellula_MI_data_828.csv,right,False
829,../data/processed/filtered_trials\cellula_MI_data_829.csv,left,False
830,../data/processed/filtered_trials\cellula_MI_data_830.csv,right,False
831,../data/processed/filtered_trials\cellula_MI_data_831.csv,right,False
832,../data/processed/filtered_trials\cellula_MI_data_832.csv,left,False
833,../data/processed/filtered_trials\cellula_MI_data_833.csv,left,False
834,../data/processed/filtered_trials\cellula_MI_data_834.csv,left,False
835,../data/processed/filtered_trials\cellula_MI_data_835.csv,left,False
836,../data/processed/filtered_trials\cellula_MI_data_836.csv,left,False
837,../data/processed/filtered_trials\cellula_MI_data_837.csv,left,False
838,../data/processed/filtered_trials\cellula_MI_data_838.csv,right,False
839,../data/processed/filtered_trials\cellula_MI_data_839.csv,right,False
840,../data/processed/filtered_trials\cellula_MI_data_840.csv,left,False
841,../data/processed/filtered_trials\cellula_MI_data_841.csv,left,False
842,../data/processed/filtered_trials\cellula_MI_data_842.csv,left,False
843,../data/processed/filtered_trials\cellula_MI_data_843.csv,left,False
844,../data/processed/filtered_trials\cellula_MI_data_844.csv,right,False
845,../data/processed/filtered_trials\cellula_MI_data_845.csv,right,False
846,../data/processed/filtered_trials\cellula_MI_data_846.csv,left,False
847,../data/processed/filtered_trials\cellula_MI_data_847.csv,left,False
848,../data/processed/filtered_trials\cellula_MI_data_848.csv,left,False
849,../data/processed/filtered_trials\cellula_MI_data_849.csv,left,False
850,../data/processed/filtered_trials\cellula_MI_data_850.csv,left,False
851,../data/processed/filtered_trials\cellula_MI_data_851.csv,left,False
852,../data/processed/filtered_trials\cellula_MI_data_852.csv,right,False
853,../data/processed/filtered_trials\cellula_MI_data_853.csv,right,False
854,../data/processed/filtered_trials\cellula_MI_data_854.csv,right,False
855,../data/processed/filtered_trials\cellula_MI_data_855.csv,right,False
856,../data/processed/filtered_trials\cellula_MI_data_856.csv,right,False
857,../data/processed/filtered_trials\cellula_MI_data_857.csv,left,False
858,../data/processed/filtered_trials\cellula_MI_data_858.csv,left,False
859,../data/processed/filtered_trials\cellula_MI_data_859.csv,right,False
860,../data/processed/filtered_trials\cellula_MI_data_860.csv,right,False
861,../data/processed/filtered_trials\cellula_MI_data_861.csv,left,False
862,../data/processed/filtered_trials\cellula_MI_data_862.csv,left,False
863,../data/processed/filtered_trials\cellula_MI_data_863.csv,right,False
864,../data/processed/filtered_trials\cellula_MI_data_864.csv,left,False
865,../data/processed/filtered_trials\cellula_MI_data_865.csv,right,False
866,../data/processed/filtered_trials\cellula_MI_data_866.csv,left,False
867,../data/processed/filtered_trials\cellula_MI_data_867.csv,right,False
868,../data/processed/filtered_trials\cellula_MI_data_868.csv,left,False
869,../data/processed/filtered_trials\cellula_MI_data_869.csv,left,False
870,../data/processed/filtered_trials\cellula_MI_data_870.csv,right,False
871,../data/processed/filtered_trials\cellula_MI_data_871.csv,right,False
872,../data/processed/filtered_trials\cellula_MI_data_872.csv,right,False
873,../data/processed/filtered_trials\cellula_MI_data_873.csv,left,False
874,../data/processed/filtered_trials\cellula_MI_data_874.csv,right,False
875,../data/processed/filtered_trials\cellula_MI_data_875.csv,right,False
876,../data/processed/filtered_trials\cellula_MI_data_876.csv,left,False
877,../data/processed/filtered_trials\cellula_MI_data_877.csv,right,False
878,../data/processed/filtered_trials\cellula_MI_data_878.csv,left,False
879,../data/processed/filtered_trials\cellula_MI_data_879.csv,left,False
880,../data/processed/filtered_trials\cellula_MI_data_880.csv,left,False
881,../data/processed/filtered_trials\cellula_MI_data_881.csv,right,False
882,../data/processed/filtered_trials\cellula_MI_data_882.csv,left,False
883,../data/processed/filtered_trials\cellula_MI_data_883.csv,left,False
884,../data/processed/filtered_trials\cellula_MI_data_884.csv,right,False
885,../data/processed/filtered_trials\cellula_MI_data_885.csv,left,False
886,../data/processed/filtered_trials\cellula_MI_data_886.csv,left,False
887,../data/processed/filtered_trials\cellula_MI_data_887.csv,right,False
888,../data/processed/filtered_trials\cellula_MI_data_888.csv,right,False
889,../data/processed/filtered_trials\cellula_MI_data_889.csv,right,False
890,../data/processed/filtered_trials\cellula_MI_data_890.csv,right,False
891,../data/processed/filtered_trials\cellula_MI_data_891.csv,right,False
892,../data/processed/filtered_trials\cellula_MI_data_892.csv,right,False
893,../data/processed/filtered_trials\cellula_MI_data_893.csv,left,False
894,../data/processed/filtered_trials\cellula_MI_data_894.csv,right,False
895,../data/processed/filtered_trials\cellula_MI_data_895.csv,right,False
896,../data/processed/filtered_trials\cellula_MI_data_896.csv,left,False
897,../data/processed/filtered_trials\cellula_MI_data_897.csv,left,False
898,../data/processed/filtered_trials\cellula_MI_data_898.csv,left,False
899,../data/processed/filtered_trials\cellula_MI_data_899.csv,left,False
900,../data/processed/filtered_trials\cellula_MI_data_900.csv,left,False
901,../data/processed/filtered_trials\cellula_MI_data_901.csv,right,False
902,../data/processed/filtered_trials\cellula_MI_data_902.csv,left,False
903,../data/processed/filtered_trials\cellula_MI_data_903.csv,left,False
904,../data/processed/filtered_trials\cellula_MI_data_904.csv,left,False
905,../data/processed/filtered_trials\cellula_MI_data_905.csv,right,False
906,../data/processed/filtered_trials\cellula_MI_data_906.csv,left,False
907,../data/processed/filtered_trials\cellula_MI_data_907.csv,right,False
908,../data/processed/filtered_trials\cellula_MI_data_908.csv,right,False
909,../data/processed/filtered_trials\cellula_MI_data_909.csv,right,False
910,../data/processed/filtered_trials\cellula_MI_data_910.csv,right,False
911,../data/processed/filtered_trials\cellula_MI_data_911.csv,right,False
912,../data/processed/filtered_trials\cellula_MI_data_912.csv,right,False
913,../data/processed/filtered_trials\cellula_MI_data_913.csv,left,False
914,../data/processed/filtered_trials\cellula_MI_data_914.csv,right,False
915,../data/processed/filtered_trials\cellula_MI_data_915.csv,left,False
916,../data/processed/filtered_trials\cellula_MI_data_916.csv,right,False
917,../data/processed/filtered_trials\cellula_MI_data_917.csv,left,False
918,../data/processed/filtered_trials\cellula_MI_data_918.csv,left,False
919,../data/processed/filtered_trials\cellula_MI_data_919.csv,left,False
920,../data/processed/filtered_trials\cellula_MI_data_920.csv,right,False
921,../data/processed/filtered_trials\cellula_MI_data_921.csv,right,False
922,../data/processed/filtered_trials\cellula_MI_data_922.csv,right,False
923,../data/processed/filtered_trials\cellula_MI_data_923.csv,right,False
924,../data/processed/filtered_trials\cellula_MI_data_924.csv,right,False
925,../data/processed/filtered_trials\cellula_MI_data_925.csv,left,False
926,../data/processed/filtered_trials\cellula_MI_data_926.csv,right,False
927,../data/processed/filtered_trials\cellula_MI_data_927.csv,left,False
928,../data/processed/filtered_trials\cellula_MI_data_928.csv,right,False
929,../data/processed/filtered_trials\cellula_MI_data_929.csv,right,False
930,../data/processed/filtered_trials\cellula_MI_data_930.csv,left,False
931,../data/processed/filtered_trials\cellula_MI_data_931.csv,right,False
932,../data/processed/filtered_trials\cellula_MI_data_932.csv,right,False
933,../data/processed/filtered_trials\cellula_MI_data_933.csv,right,False
934,../data/processed/filtered_trials\cellula_MI_data_934.csv,left,False
935,../data/processed/filtered_trials\cellula_MI_data_935.csv,left,False
936,../data/processed/filtered_trials\cellula_MI_data_936.csv,right,False
937,../data/processed/filtered_trials\cellula_MI_data_937.csv,left,False
938,../data/processed/filtered_trials\cellula_MI_data_938.csv,left,False
939,../data/processed/filtered_trials\cellula_MI_data_939.csv,right,False
940,../data/processed/filtered_trials\cellula_MI_data_940.csv,left,False
941,../data/processed/filtered_trials\cellula_MI_data_941.csv,right,False
942,../data/processed/filtered_trials\cellula_MI_data_942.csv,right,False
943,../data/processed/filtered_trials\cellula_MI_data_943.csv,right,False
944,../data/processed/filtered_trials\cellula_MI_data_944.csv,right,False
945,../data/processed/filtered_trials\cellula_MI_data_945.csv,right,False
946,../data/processed/filtered_trials\cellula_MI_data_946.csv,left,False
947,../data/processed/filtered_trials\cellula_MI_data_947.csv,left,False
948,../data/processed/filtered_trials\cellula_MI_data_948.csv,right,False
949,../data/processed/filtered_trials\cellula_MI_data_949.csv,right,False
950,../data/processed/filtered_trials\cellula_MI_data_950.csv,right,False
951,../data/processed/filtered_trials\cellula_MI_data_951.csv,left,False
952,../data/processed/filtered_trials\cellula_MI_data_952.csv,left,False
953,../data/processed/filtered_trials\cellula_MI_data_953.csv,left,False
954,../data/processed/filtered_trials\cellula_MI_data_954.csv,left,False
955,../data/processed/filtered_trials\cellula_MI_data_955.csv,left,False
956,../data/processed/filtered_trials\cellula_MI_data_956.csv,left,False
957,../data/processed/filtered_trials\cellula_MI_data_957.csv,right,False
958,../data/processed/filtered_trials\cellula_MI_data_958.csv,left,False
959,../data/processed/filtered_trials\cellula_MI_data_959.csv,right,False
960,../data/processed/filtered_trials\cellula_MI_data_960.csv,right,False
961,../data/processed/filtered_trials\cellula_MI_data_961.csv,right,False
962,../data/processed/filtered_trials\cellula_MI_data_962.csv,left,False
963,../data/processed/filtered_trials\cellula_MI_data_963.csv,right,False
964,../data/processed/filtered_trials\cellula_MI_data_964.csv,left,False
965,../data/processed/filtered_trials\cellula_MI_data_965.csv,right,False
966,../data/processed/filtered_trials\cellula_MI_data_966.csv,left,False
967,../data/processed/filtered_trials\cellula_MI_data_967.csv,right,False
968,../data/processed/filtered_trials\cellula_MI_data_968.csv,left,False
969,../data/processed/filtered_trials\cellula_MI_data_969.csv,right,False
970,../data/processed/filtered_trials\cellula_MI_data_970.csv,right,False
971,../data/processed/filtered_trials\cellula_MI_data_971.csv,left,False
972,../data/processed/filtered_trials\cellula_MI_data_972.csv,left,False
973,../data/processed/filtered_trials\cellula_MI_data_973.csv,right,False
974,../data/processed/filtered_trials\cellula_MI_data_974.csv,right,False
975,../data/processed/filtered_trials\cellula_MI_data_975.csv,right,False
976,../data/processed/filtered_trials\cellula_MI_data_976.csv,right,False
977,../data/processed/filtered_trials\cellula_MI_data_977.csv,left,False
978,../data/processed/filtered_trials\cellula_MI_data_978.csv,right,False
979,../data/processed/filtered_trials\cellula_MI_data_979.csv,left,False
980,../data/processed/filtered_trials\cellula_MI_data_980.csv,left,False
981,../data/processed/filtered_trials\cellula_MI_data_981.csv,right,False
982,../data/processed/filtered_trials\cellula_MI_data_982.csv,left,False
983,../data/processed/filtered_trials\cellula_MI_data_983.csv,left,False
984,../data/processed/filtered_trials\cellula_MI_data_984.csv,left,False
985,../data/processed/filtered_trials\cellula_MI_data_985.csv,right,False
986,../data/processed/filtered_trials\cellula_MI_data_986.csv,right,False
987,../data/processed/filtered_trials\cellula_MI_data_987.csv,right,False
988,../data/processed/filtered_trials\cellula_MI_data_988.csv,right,False
989,../data/processed/filtered_trials\cellula_MI_data_989.csv,right,False
990,../data/processed/filtered_trials\cellula_MI_data_990.csv,left,False
991,../data/processed/filtered_trials\cellula_MI_data_991.csv,left,False
992,../data/processed/filtered_trials\cellula_MI_data_992.csv,left,False
993,../data/processed/filtered_trials\cellula_MI_data_993.csv,left,False
994,../data/processed/filtered_trials\cellula_MI_data_994.csv,right,False
995,../data/processed/filtered_trials\cellula_MI_data_995.csv,right,False
996,../data/processed/filtered_trials\cellula_MI_data_996.csv,right,False
997,../data/processed/filtered_trials\cellula_MI_data_997.csv,left,False
998,../data/processed/filtered_trials\cellula_MI_data_998.csv,right,False
999,../data/processed/filtered_trials\cellula_MI_data_999.csv,left,False
1000,../data/processed/filtered_trials\cellula_MI_data_1000.csv,right,False
1001,../data/processed/filtered_trials\cellula_MI_data_1001.csv,left,False
1002,../data/processed/filtered_trials\cellula_MI_data_1002.csv,right,False
1003,../data/processed/filtered_trials\cellula_MI_data_1003.csv,right,False
1004,../data/processed/filtered_trials\cellula_MI_data_1004.csv,left,False
1005,../data/processed/filtered_trials\cellula_MI_data_1005.csv,left,False
1006,../data/processed/filtered_trials\cellula_MI_data_1006.csv,right,False
1007,../data/processed/filtered_trials\cellula_MI_data_1007.csv,right,False
1008,../data/processed/filtered_trials\cellula_MI_data_1008.csv,right,False
1009,../data/processed/filtered_trials\cellula_MI_data_1009.csv,right,False
1010,../data/processed/filtered_trials\cellula_MI_data_1010.csv,left,False
1011,../data/processed/filtered_trials\cellula_MI_data_1011.csv,right,False
1012,../data/processed/filtered_trials\cellula_MI_data_1012.csv,right,False
1013,../data/processed/filtered_trials\cellula_MI_data_1013.csv,right,False
1014,../data/processed/filtered_trials\cellula_MI_data_1014.csv,right,False
1015,../data/processed/filtered_trials\cellula_MI_data_1015.csv,right,False
1016,../data/processed/filtered_trials\cellula_MI_data_1016.csv,left,False
1017,../data/processed/filtered_trials\cellula_MI_data_1017.csv,left,False
1018,../data/processed/filtered_trials\cellula_MI_data_1018.csv,right,False
1019,../data/processed/filtered_trials\cellula_MI_data_1019.csv,right,False
1020,../data/processed/filtered_trials\cellula_MI_data_1020.csv,left,False
1021,../data/processed/filtered_trials\cellula_MI_data_1021.csv,left,False
1022,../data/processed/filtered_trials\cellula_MI_data_1022.csv,left,False
1023,../data/processed/filtered_trials\cellula_MI_data_1023.csv,right,False
1024,../data/processed/filtered_trials\cellula_MI_data_1024.csv,right,False
1025,../data/processed/filtered_trials\cellula_MI_data_1025.csv,left,False
1026,../data/processed/filtered_trials\cellula_MI_data_1026.csv,right,False
1027,../data/processed/filtered_trials\cellula_MI_data_1027.csv,right,False
1028,../data/processed/filtered_trials\cellula_MI_data_1028.csv,left,False
1029,../data/processed/filtered_trials\cellula_MI_data_1029.csv,right,False
1030,../data/processed/filtered_trials\cellula_MI_data_1030.csv,left,False
1031,../data/processed/filtered_trials\cellula_MI_data_1031.csv,left,False
1032,../data/processed/filtered_trials\cellula_MI_data_1032.csv,left,False
1033,../data/processed/filtered_trials\cellula_MI_data_1033.csv,right,False
1034,../data/processed/filtered_trials\cellula_MI_data_1034.csv,right,False
1035,../data/processed/filtered_trials\cellula_MI_data_1035.csv,left,False
1036,../data/processed/filtered_trials\cellula_MI_data_1036.csv,right,False
1037,../data/processed/filtered_trials\cellula_MI_data_1037.csv,left,False
1038,../data/processed/filtered_trials\cellula_MI_data_1038.csv,right,False
1039,../data/processed/filtered_trials\cellula_MI_data_1039.csv,right,False
1040,../data/processed/filtered_trials\cellula_MI_data_1040.csv,left,False
1041,../data/processed/filtered_trials\cellula_MI_data_1041.csv,right,False
1042,../data/processed/filtered_trials\cellula_MI_data_1042.csv,right,False
1043,../data/processed/filtered_trials\cellula_MI_data_1043.csv,right,False
1044,../data/processed/filtered_trials\cellula_MI_data_1044.csv,left,False
1045,../data/processed/filtered_trials\cellula_MI_data_1045.csv,left,False
1046,../data/processed/filtered_trials\cellula_MI_data_1046.csv,right,False
1047,../data/processed/filtered_trials\cellula_MI_data_1047.csv,left,False
1048,../data/processed/filtered_trials\cellula_MI_data_1048.csv,left,False
1049,../data/processed/filtered_trials\cellula_MI_data_1049.csv,right,False
1050,../data/processed/filtered_trials\cellula_MI_data_1050.csv,right,False
1051,../data/processed/filtered_trials\cellula_MI_data_1051.csv,right,False
1052,../data/processed/filtered_trials\cellula_MI_data_1052.csv,right,False
1053,../data/processed/filtered_trials\cellula_MI_data_1053.csv,left,False
1054,../data/processed/filtered_trials\cellula_MI_data_1054.csv,right,False
1055,../data/processed/filtered_trials\cellula_MI_data_1055.csv,left,False
1056,../data/processed/filtered_trials\cellula_MI_data_1056.csv,left,False
1057,../data/processed/filtered_trials\cellula_MI_data_1057.csv,left,False
1058,../data/processed/filtered_trials\cellula_MI_data_1058.csv,left,False
1059,../data/processed/filtered_trials\cellula_MI_data_1059.csv,right,False
1060,../data/processed/filtered_trials\cellula_MI_data_1060.csv,left,False
1061,../data/processed/filtered_trials\cellula_MI_data_1061.csv,left,False
1062,../data/processed/filtered_trials\cellula_MI_data_1062.csv,right,False
1063,../data/processed/filtered_trials\cellula_MI_data_1063.csv,right,False
1064,../data/processed/filtered_trials\cellula_MI_data_1064.csv,left,False
1065,../data/processed/filtered_trials\cellula_MI_data_1065.csv,right,False
1066,../data/processed/filtered_trials\cellula_MI_data_1066.csv,left,False
1067,../data/processed/filtered_trials\cellula_MI_data_1067.csv,left,False
1068,../data/processed/filtered_trials\cellula_MI_data_1068.csv,left,False
1069,../data/processed/filtered_trials\cellula_MI_data_1069.csv,right,False
1070,../data/processed/filtered_trials\cellula_MI_data_1070.csv,left,False
1071,../data/processed/filtered_trials\cellula_MI_data_1071.csv,right,False
1072,../data/processed/filtered_trials\cellula_MI_data_1072.csv,left,False
1073,../data/processed/filtered_trials\cellula_MI_data_1073.csv,left,False
1074,../data/processed/filtered_trials\cellula_MI_data_1074.csv,left,False
1075,../data/processed/filtered_trials\cellula_MI_data_1075.csv,right,False
1076,../data/processed/filtered_trials\cellula_MI_data_1076.csv,right,False
1077,../data/processed/filtered_trials\cellula_MI_data_1077.csv,right,False
1078,../data/processed/filtered_trials\cellula_MI_data_1078.csv,right,False
1079,../data/processed/filtered_trials\cellula_MI_data_1079.csv,left,False
1080,../data/processed/filtered_trials\cellula_MI_data_1080.csv,right,False
1081,../data/processed/filtered_trials\cellula_MI_data_1081.csv,left,False
1082,../data/processed/filtered_trials\cellula_MI_data_1082.csv,right,False
1083,../data/processed/filtered_trials\cellula_MI_data_1083.csv,right,False
1084,../data/processed/filtered_trials\cellula_MI_data_1084.csv,right,False
1085,../data/processed/filtered_trials\cellula_MI_data_1085.csv,left,False
1086,../data/processed/filtered_trials\cellula_MI_data_1086.csv,right,False
1087,../data/processed/filtered_trials\cellula_MI_data_1087.csv,right,False
1088,../data/processed/filtered_trials\cellula_MI_data_1088.csv,left,False
1089,../data/processed/filtered_trials\cellula_MI_data_1089.csv,left,False
1090,../data/processed/filtered_trials\cellula_MI_data_1090.csv,left,False
1091,../data/processed/filtered_trials\cellula_MI_data_1091.csv,left,False
1092,../data/processed/filtered_trials\cellula_MI_data_1092.csv,right,False
1093,../data/processed/filtered_trials\cellula_MI_data_1093.csv,right,False
1094,../data/processed/filtered_trials\cellula_MI_data_1094.csv,right,False
1095,../data/processed/filtered_trials\cellula_MI_data_1095.csv,left,False
1096,../data/processed/filtered_trials\cellula_MI_data_1096.csv,right,False
1097,../data/processed/filtered_trials\cellula_MI_data_1097.csv,right,False
1098,../data/processed/filtered_trials\cellula_MI_data_1098.csv,right,False
1099,../data/processed/filtered_trials\cellula_MI_data_1099.csv,left,False
1100,../data/processed/filtered_trials\cellula_MI_data_1100.csv,left,False
1101,../data/processed/filtered_trials\cellula_MI_data_1101.csv,left,False
1102,../data/processed/filtered_trials\cellula_MI_data_1102.csv,right,False
1103,../data/processed/filtered_trials\cellula_MI_data_1103.csv,right,False
1104,../data/processed/filtered_trials\cellula_MI_data_1104.csv,right,False
1105,../data/processed/filtered_trials\cellula_MI_data_1105.csv,left,False
1106,../data/processed/filtered_trials\cellula_MI_data_1106.csv,left,False
1107,../data/processed/filtered_trials\cellula_MI_data_1107.csv,left,False
1108,../data/processed/filtered_trials\cellula_MI_data_1108.csv,right,False
1109,../data/processed/filtered_trials\cellula_MI_data_1109.csv,right,False
1110,../data/processed/filtered_trials\cellula_MI_data_1110.csv,left,False
1111,../data/processed/filtered_trials\cellula_MI_data_1111.csv,left,False
1112,../data/processed/filtered_trials\cellula_MI_data_1112.csv,right,False
1113,../data/processed/filtered_trials\cellula_MI_data_1113.csv,right,False
1114,../data/processed/filtered_trials\cellula_MI_data_1114.csv,left,False
1115,../data/processed/filtered_trials\cellula_MI_data_1115.csv,right,False
1116,../data/processed/filtered_trials\cellula_MI_data_1116.csv,left,False
1117,../data/processed/filtered_trials\cellula_MI_data_1117.csv,right,False
1118,../data/processed/filtered_trials\cellula_MI_data_1118.csv,right,False
1119,../data/processed/filtered_trials\cellula_MI_data_1119.csv,right,False
1120,../data/processed/filtered_trials\cellula_MI_data_1120.csv,right,False
1121,../data/processed/filtered_trials\cellula_MI_data_1121.csv,right,False
1122,../data/processed/filtered_trials\cellula_MI_data_1122.csv,right,False
1123,../data/processed/filtered_trials\cellula_MI_data_1123.csv,left,False
1124,../data/processed/filtered_trials\cellula_MI_data_1124.csv,left,False
1125,../data/processed/filtered_trials\cellula_MI_data_1125.csv,right,False
1126,../data/processed/filtered_trials\cellula_MI_data_1126.csv,right,False
1127,../data/processed/filtered_trials\cellula_MI_data_1127.csv,right,False
1128,../data/processed/filtered_trials\cellula_MI_data_1128.csv,right,False
1129,../data/processed/filtered_trials\cellula_MI_data_1129.csv,right,False
1130,../data/processed/filtered_trials\cellula_MI_data_1130.csv,left,False
1131,../data/processed/filtered_trials\cellula_MI_data_1131.csv,left,False
1132,../data/processed/filtered_trials\cellula_MI_data_1132.csv,right,False
1133,../data/processed/filtered_trials\cellula_MI_data_1133.csv,left,False
1134,../data/processed/filtered_trials\cellula_MI_data_1134.csv,right,False
1135,../data/processed/filtered_trials\cellula_MI_data_1135.csv,right,False
1136,../data/processed/filtered_trials\cellula_MI_data_1136.csv,left,False
1137,../data/processed/filtered_trials\cellula_MI_data_1137.csv,left,False
1138,../data/processed/filtered_trials\cellula_MI_data_1138.csv,right,False
1139,../data/processed/filtered_trials\cellula_MI_data_1139.csv,right,False
1140,../data/processed/filtered_trials\cellula_MI_data_1140.csv,right,False
1141,../data/processed/filtered_trials\cellula_MI_data_1141.csv,left,False
1142,../data/processed/filtered_trials\cellula_MI_data_1142.csv,right,False
1143,../data/processed/filtered_trials\cellula_MI_data_1143.csv,right,False
1144,../data/processed/filtered_trials\cellula_MI_data_1144.csv,right,False
1145,../data/processed/filtered_trials\cellula_MI_data_1145.csv,left,False
1146,../data/processed/filtered_trials\cellula_MI_data_1146.csv,right,False
1147,../data/processed/filtered_trials\cellula_MI_data_1147.csv,right,False
1148,../data/processed/filtered_trials\cellula_MI_data_1148.csv,right,False
1149,../data/processed/filtered_trials\cellula_MI_data_1149.csv,left,False
1150,../data/processed/filtered_trials\cellula_MI_data_1150.csv,left,False
1151,../data/processed/filtered_trials\cellula_MI_data_1151.csv,right,False
1152,../data/processed/filtered_trials\cellula_MI_data_1152.csv,left,False
1153,../data/processed/filtered_trials\cellula_MI_data_1153.csv,left,False
1154,../data/processed/filtered_trials\cellula_MI_data_1154.csv,left,False
1155,../data/processed/filtered_trials\cellula_MI_data_1155.csv,right,False
1156,../data/processed/filtered_trials\cellula_MI_data_1156.csv,left,False
1157,../data/processed/filtered_trials\cellula_MI_data_1157.csv,left,False
1158,../data/processed/filtered_trials\cellula_MI_data_1158.csv,left,False
1159,../data/processed/filtered_trials\cellula_MI_data_1159.csv,left,False
1160,../data/processed/filtered_trials\cellula_MI_data_1160.csv,right,False
1161,../data/processed/filtered_trials\cellula_MI_data_1161.csv,left,False
1162,../data/processed/filtered_trials\cellula_MI_data_1162.csv,left,False
1163,../data/processed/filtered_trials\cellula_MI_data_1163.csv,left,False
1164,../data/processed/filtered_trials\cellula_MI_data_1164.csv,right,False
1165,../data/processed/filtered_trials\cellula_MI_data_1165.csv,right,False
1166,../data/processed/filtered_trials\cellula_MI_data_1166.csv,left,False
1167,../data/processed/filtered_trials\cellula_MI_data_1167.csv,right,False
1168,../data/processed/filtered_trials\cellula_MI_data_1168.csv,right,False
1169,../data/processed/filtered_trials\cellula_MI_data_1169.csv,left,False
1170,../data/processed/filtered_trials\cellula_MI_data_1170.csv,left,False
1171,../data/processed/filtered_trials\cellula_MI_data_1171.csv,left,False
1172,../data/processed/filtered_trials\cellula_MI_data_1172.csv,right,False
1173,../data/processed/filtered_trials\cellula_MI_data_1173.csv,right,False
1174,../data/processed/filtered_trials\cellula_MI_data_1174.csv,right,False
1175,../data/processed/filtered_trials\cellula_MI_data_1175.csv,right,False
1176,../data/processed/filtered_trials\cellula_MI_data_1176.csv,left,False
1177,../data/processed/filtered_trials\cellula_MI_data_1177.csv,left,False
1178,../data/processed/filtered_trials\cellula_MI_data_1178.csv,right,False
1179,../data/processed/filtered_trials\cellula_MI_data_1179.csv,right,False
1180,../data/processed/filtered_trials\cellula_MI_data_1180.csv,left,False
1181,../data/processed/filtered_trials\cellula_MI_data_1181.csv,right,False
1182,../data/processed/filtered_trials\cellula_MI_data_1182.csv,left,False
1183,../data/processed/filtered_trials\cellula_MI_data_1183.csv,right,False
1184,../data/processed/filtered_trials\cellula_MI_data_1184.csv,left,False
1185,../data/processed/filtered_trials\cellula_MI_data_1185.csv,right,False
1186,../data/processed/filtered_trials\cellula_MI_data_1186.csv,left,False
1187,../data/processed/filtered_trials\cellula_MI_data_1187.csv,left,False
1188,../data/processed/filtered_trials\cellula_MI_data_1188.csv,right,False
1189,../data/processed/filtered_trials\cellula_MI_data_1189.csv,right,False
1190,../data/processed/filtered_trials\cellula_MI_data_1190.csv,right,False
1191,../data/processed/filtered_trials\cellula_MI_data_1191.csv,left,False
1192,../data/processed/filtered_trials\cellula_MI_data_1192.csv,left,False
1193,../data/processed/filtered_trials\cellula_MI_data_1193.csv,left,False
1194,../data/processed/filtered_trials\cellula_MI_data_1194.csv,right,False
1195,../data/processed/filtered_trials\cellula_MI_data_1195.csv,right,False
1196,../data/processed/filtered_trials\cellula_MI_data_1196.csv,left,False
1197,../data/processed/filtered_trials\cellula_MI_data_1197.csv,right,False
1198,../data/processed/filtered_trials\cellula_MI_data_1198.csv,right,False
1199,../data/processed/filtered_trials\cellula_MI_data_1199.csv,left,False
1200,../data/processed/filtered_trials\cellula_MI_data_1200.csv,right,False
1201,../data/processed/filtered_trials\cellula_MI_data_1201.csv,left,False
1202,../data/processed/filtered_trials\cellula_MI_data_1202.csv,right,False
1203,../data/processed/filtered_trials\cellula_MI_data_1203.csv,left,False
1204,../data/processed/filtered_trials\cellula_MI_data_1204.csv,left,False
1205,../data/processed/filtered_trials\cellula_MI_data_1205.csv,right,False
1206,../data/processed/filtered_trials\cellula_MI_data_1206.csv,left,False
1207,../data/processed/filtered_trials\cellula_MI_data_1207.csv,right,False
1208,../data/processed/filtered_trials\cellula_MI_data_1208.csv,right,False
1209,../data/processed/filtered_trials\cellula_MI_data_1209.csv,right,False
1210,../data/processed/filtered_trials\cellula_MI_data_1210.csv,left,False
1211,../data/processed/filtered_trials\cellula_MI_data_1211.csv,right,False
1212,../data/processed/filtered_trials\cellula_MI_data_1212.csv,left,False
1213,../data/processed/filtered_trials\cellula_MI_data_1213.csv,right,False
1214,../data/processed/filtered_trials\cellula_MI_data_1214.csv,right,False
1215,../data/processed/filtered_trials\cellula_MI_data_1215.csv,left,False
1216,../data/processed/filtered_trials\cellula_MI_data_1216.csv,right,False
1217,../data/processed/filtered_trials\cellula_MI_data_1217.csv,right,False
1218,../data/processed/filtered_trials\cellula_MI_data_1218.csv,right,False
1219,../data/processed/filtered_trials\cellula_MI_data_1219.csv,left,False
1220,../data/processed/filtered_trials\cellula_MI_data_1220.csv,right,False
1221,../data/processed/filtered_trials\cellula_MI_data_1221.csv,left,False
1222,../data/processed/filtered_trials\cellula_MI_data_1222.csv,right,False
1223,../data/processed/filtered_trials\cellula_MI_data_1223.csv,right,False
1224,../data/processed/filtered_trials\cellula_MI_data_1224.csv,right,False
1225,../data/processed/filtered_trials\cellula_MI_data_1225.csv,right,False
1226,../data/processed/filtered_trials\cellula_MI_data_1226.csv,left,False
1227,../data/processed/filtered_trials\cellula_MI_data_1227.csv,right,False
1228,../data/processed/filtered_trials\cellula_MI_data_1228.csv,right,False
1229,../data/processed/filtered_trials\cellula_MI_data_1229.csv,right,False
1230,../data/processed/filtered_trials\cellula_MI_data_1230.csv,right,False
1231,../data/processed/filtered_trials\cellula_MI_data_1231.csv,right,False
1232,../data/processed/filtered_trials\cellula_MI_data_1232.csv,right,False
1233,../data/processed/filtered_trials\cellula_MI_data_1233.csv,right,False
1234,../data/processed/filtered_trials\cellula_MI_data_1234.csv,left,False
1235,../data/processed/filtered_trials\cellula_MI_data_1235.csv,right,False
1236,../data/processed/filtered_trials\cellula_MI_data_1236.csv,left,False
1237,../data/processed/filtered_trials\cellula_MI_data_1237.csv,right,False
1238,../data/processed/filtered_trials\cellula_MI_data_1238.csv,left,False
1239,../data/processed/filtered_trials\cellula_MI_data_1239.csv,left,False
1240,../data/processed/filtered_trials\cellula_MI_data_1240.csv,right,False
1241,../data/processed/filtered_trials\cellula_MI_data_1241.csv,left,False
1242,../data/processed/filtered_trials\cellula_MI_data_1242.csv,left,False
1243,../data/processed/filtered_trials\cellula_MI_data_1243.csv,right,False
1244,../data/processed/filtered_trials\cellula_MI_data_1244.csv,left,False
1245,../data/processed/filtered_trials\cellula_MI_data_1245.csv,right,False
1246,../data/processed/filtered_trials\cellula_MI_data_1246.csv,left,False
1247,../data/processed/filtered_trials\cellula_MI_data_1247.csv,right,False
1248,../data/processed/filtered_trials\cellula_MI_data_1248.csv,left,False
1249,../data/processed/filtered_trials\cellula_MI_data_1249.csv,right,False
1250,../data/processed/filtered_trials\cellula_MI_data_1250.csv,right,False
1251,../data/processed/filtered_trials\cellula_MI_data_1251.csv,right,False
1252,../data/processed/filtered_trials\cellula_MI_data_1252.csv,right,False
1253,../data/processed/filtered_trials\cellula_MI_data_1253.csv,left,False
1254,../data/processed/filtered_trials\cellula_MI_data_1254.csv,right,False
1255,../data/processed/filtered_trials\cellula_MI_data_1255.csv,left,False
1256,../data/processed/filtered_trials\cellula_MI_data_1256.csv,right,False
1257,../data/processed/filtered_trials\cellula_MI_data_1257.csv,right,False
1258,../data/processed/filtered_trials\cellula_MI_data_1258.csv,right,False
1259,../data/processed/filtered_trials\cellula_MI_data_1259.csv,right,False
1260,../data/processed/filtered_trials\cellula_MI_data_1260.csv,right,False
1261,../data/processed/filtered_trials\cellula_MI_data_1261.csv,right,False
1262,../data/processed/filtered_trials\cellula_MI_data_1262.csv,right,False
1263,../data/processed/filtered_trials\cellula_MI_data_1263.csv,right,False
1264,../data/processed/filtered_trials\cellula_MI_data_1264.csv,right,False
1265,../data/processed/filtered_trials\cellula_MI_data_1265.csv,left,False
1266,../data/processed/filtered_trials\cellula_MI_data_1266.csv,right,False
1267,../data/processed/filtered_trials\cellula_MI_data_1267.csv,right,False
1268,../data/processed/filtered_trials\cellula_MI_data_1268.csv,right,False
1269,../data/processed/filtered_trials\cellula_MI_data_1269.csv,right,False
1270,../data/processed/filtered_trials\cellula_MI_data_1270.csv,right,False
1271,../data/processed/filtered_trials\cellula_MI_data_1271.csv,left,False
1272,../data/processed/filtered_trials\cellula_MI_data_1272.csv,left,False
1273,../data/processed/filtered_trials\cellula_MI_data_1273.csv,right,False
1274,../data/processed/filtered_trials\cellula_MI_data_1274.csv,left,False
1275,../data/processed/filtered_trials\cellula_MI_data_1275.csv,left,False
1276,../data/processed/filtered_trials\cellula_MI_data_1276.csv,left,False
1277,../data/processed/filtered_trials\cellula_MI_data_1277.csv,right,False
1278,../data/processed/filtered_trials\cellula_MI_data_1278.csv,right,False
1279,../data/processed/filtered_trials\cellula_MI_data_1279.csv,right,False
1280,../data/processed/filtered_trials\cellula_MI_data_1280.csv,left,False
1281,../data/processed/filtered_trials\cellula_MI_data_1281.csv,left,False
1282,../data/processed/filtered_trials\cellula_MI_data_1282.csv,left,False
1283,../data/processed/filtered_trials\cellula_MI_data_1283.csv,left,False
1284,../data/processed/filtered_trials\cellula_MI_data_1284.csv,right,False
1285,../data/processed/filtered_trials\cellula_MI_data_1285.csv,left,False
1286,../data/processed/filtered_trials\cellula_MI_data_1286.csv,right,False
1287,../data/processed/filtered_trials\cellula_MI_data_1287.csv,right,False
1288,../data/processed/filtered_trials\cellula_MI_data_1288.csv,left,False
1289,../data/processed/filtered_trials\cellula_MI_data_1289.csv,left,False
1290,../data/processed/filtered_trials\cellula_MI_data_1290.csv,left,False
1291,../data/processed/filtered_trials\cellula_MI_data_1291.csv,left,False
1292,../data/processed/filtered_trials\cellula_MI_data_1292.csv,right,False
1293,../data/processed/filtered_trials\cellula_MI_data_1293.csv,left,False
1294,../data/processed/filtered_trials\cellula_MI_data_1294.csv,left,False
1295,../data/processed/filtered_trials\cellula_MI_data_1295.csv,right,False
1296,../data/processed/filtered_trials\cellula_MI_data_1296.csv,left,False
1297,../data/processed/filtered_trials\cellula_MI_data_1297.csv,left,False
1298,../data/processed/filtered_trials\cellula_MI_data_1298.csv,left,False
1299,../data/processed/filtered_trials\cellula_MI_data_1299.csv,right,False
1300,../data/processed/filtered_trials\cellula_MI_data_1300.csv,left,False
1301,../data/processed/filtered_trials\cellula_MI_data_1301.csv,right,False
1302,../data/processed/filtered_trials\cellula_MI_data_1302.csv,left,False
1303,../data/processed/filtered_trials\cellula_MI_data_1303.csv,right,False
1304,../data/processed/filtered_trials\cellula_MI_data_1304.csv,left,False
1305,../data/processed/filtered_trials\cellula_MI_data_1305.csv,left,False
1306,../data/processed/filtered_trials\cellula_MI_data_1306.csv,left,False
1307,../data/processed/filtered_trials\cellula_MI_data_1307.csv,left,False
1308,../data/processed/filtered_trials\cellula_MI_data_1308.csv,right,False
1309,../data/processed/filtered_trials\cellula_MI_data_1309.csv,left,False
1310,../data/processed/filtered_trials\cellula_MI_data_1310.csv,right,False
1311,../data/processed/filtered_trials\cellula_MI_data_1311.csv,right,False
1312,../data/processed/filtered_trials\cellula_MI_data_1312.csv,left,False
1313,../data/processed/filtered_trials\cellula_MI_data_1313.csv,left,False
1314,../data/processed/filtered_trials\cellula_MI_data_1314.csv,left,False
1315,../data/processed/filtered_trials\cellula_MI_data_1315.csv,left,False
1316,../data/processed/filtered_trials\cellula_MI_data_1316.csv,left,False
1317,../data/processed/filtered_trials\cellula_MI_data_1317.csv,right,False
1318,../data/processed/filtered_trials\cellula_MI_data_1318.csv,left,False
1319,../data/processed/filtered_trials\cellula_MI_data_1319.csv,right,False
1320,../data/processed/filtered_trials\cellula_MI_data_1320.csv,left,False
1321,../data/processed/filtered_trials\cellula_MI_data_1321.csv,left,False
1322,../data/processed/filtered_trials\cellula_MI_data_1322.csv,right,False
1323,../data/processed/filtered_trials\cellula_MI_data_1323.csv,left,False
1324,../data/processed/filtered_trials\cellula_MI_data_1324.csv,right,False
1325,../data/processed/filtered_trials\cellula_MI_data_1325.csv,right,False
1326,../data/processed/filtered_trials\cellula_MI_data_1326.csv,left,False
1327,../data/processed/filtered_trials\cellula_MI_data_1327.csv,right,False
1328,../data/processed/filtered_trials\cellula_MI_data_1328.csv,right,False
1329,../data/processed/filtered_trials\cellula_MI_data_1329.csv,left,False
1330,../data/processed/filtered_trials\cellula_MI_data_1330.csv,right,False
1331,../data/processed/filtered_trials\cellula_MI_data_1331.csv,right,False
1332,../data/processed/filtered_trials\cellula_MI_data_1332.csv,left,False
1333,../data/processed/filtered_trials\cellula_MI_data_1333.csv,left,False
1334,../data/processed/filtered_trials\cellula_MI_data_1334.csv,left,False
1335,../data/processed/filtered_trials\cellula_MI_data_1335.csv,right,False
1336,../data/processed/filtered_trials\cellula_MI_data_1336.csv,right,False
1337,../data/processed/filtered_trials\cellula_MI_data_1337.csv,left,False
1338,../data/processed/filtered_trials\cellula_MI_data_1338.csv,left,False
1339,../data/processed/filtered_trials\cellula_MI_data_1339.csv,right,False
1340,../data/processed/filtered_trials\cellula_MI_data_1340.csv,right,False
1341,../data/processed/filtered_trials\cellula_MI_data_1341.csv,left,False
1342,../data/processed/filtered_trials\cellula_MI_data_1342.csv,right,False
1343,../data/processed/filtered_trials\cellula_MI_data_1343.csv,right,False
1344,../data/processed/filtered_trials\cellula_MI_data_1344.csv,left,False
1345,../data/processed/filtered_trials\cellula_MI_data_1345.csv,right,False
1346,../data/processed/filtered_trials\cellula_MI_data_1346.csv,left,False
1347,../data/processed/filtered_trials\cellula_MI_data_1347.csv,right,False
1348,../data/processed/filtered_trials\cellula_MI_data_1348.csv,right,False
1349,../data/processed/filtered_trials\cellula_MI_data_1349.csv,left,False
1350,../data/processed/filtered_trials\cellula_MI_data_1350.csv,left,False
1351,../data/processed/filtered_trials\cellula_MI_data_1351.csv,left,False
1352,../data/processed/filtered_trials\cellula_MI_data_1352.csv,left,False
1353,../data/processed/filtered_trials\cellula_MI_data_1353.csv,left,False
1354,../data/processed/filtered_trials\cellula_MI_data_1354.csv,left,False
1355,../data/processed/filtered_trials\cellula_MI_data_1355.csv,right,False
1356,../data/processed/filtered_trials\cellula_MI_data_1356.csv,right,False
1357,../data/processed/filtered_trials\cellula_MI_data_1357.csv,right,False
1358,../data/processed/filtered_trials\cellula_MI_data_1358.csv,right,False
1359,../data/processed/filtered_trials\cellula_MI_data_1359.csv,right,False
1360,../data/processed/filtered_trials\cellula_MI_data_1360.csv,right,False
1361,../data/processed/filtered_trials\cellula_MI_data_1361.csv,right,False
1362,../data/processed/filtered_trials\cellula_MI_data_1362.csv,left,False
1363,../data/processed/filtered_trials\cellula_MI_data_1363.csv,right,False
1364,../data/processed/filtered_trials\cellula_MI_data_1364.csv,left,False
1365,../data/processed/filtered_trials\cellula_MI_data_1365.csv,right,False
1366,../data/processed/filtered_trials\cellula_MI_data_1366.csv,left,False
1367,../data/processed/filtered_trials\cellula_MI_data_1367.csv,right,False
1368,../data/processed/filtered_trials\cellula_MI_data_1368.csv,right,False
1369,../data/processed/filtered_trials\cellula_MI_data_1369.csv,right,False
1370,../data/processed/filtered_trials\cellula_MI_data_1370.csv,right,False
1371,../data/processed/filtered_trials\cellula_MI_data_1371.csv,right,False
1372,../data/processed/filtered_trials\cellula_MI_data_1372.csv,left,False
1373,../data/processed/filtered_trials\cellula_MI_data_1373.csv,right,False
1374,../data/processed/filtered_trials\cellula_MI_data_1374.csv,right,False
1375,../data/processed/filtered_trials\cellula_MI_data_1375.csv,right,False
1376,../data/processed/filtered_trials\cellula_MI_data_1376.csv,left,False
1377,../data/processed/filtered_trials\cellula_MI_data_1377.csv,right,False
1379,../data/processed/filtered_trials\cellula_MI_data_1379.csv,right,False
1380,../data/processed/filtered_trials\cellula_MI_data_1380.csv,right,False
1381,../data/processed/filtered_trials\cellula_MI_data_1381.csv,right,False
1382,../data/processed/filtered_trials\cellula_MI_data_1382.csv,right,False
1383,../data/processed/filtered_trials\cellula_MI_data_1383.csv,right,False
1384,../data/processed/filtered_trials\cellula_MI_data_1384.csv,left,False
1385,../data/processed/filtered_trials\cellula_MI_data_1385.csv,right,False
1386,../data/processed/filtered_trials\cellula_MI_data_1386.csv,right,False
1389,../data/processed/filtered_trials\cellula_MI_data_1389.csv,left,False
1390,../data/processed/filtered_trials\cellula_MI_data_1390.csv,right,False
1391,../data/processed/filtered_trials\cellula_MI_data_1391.csv,left,False
1392,../data/processed/filtered_trials\cellula_MI_data_1392.csv,left,False
1393,../data/processed/filtered_trials\cellula_MI_data_1393.csv,right,False
1394,../data/processed/filtered_trials\cellula_MI_data_1394.csv,right,False
1395,../data/processed/filtered_trials\cellula_MI_data_1395.csv,right,False
1396,../data/processed/filtered_trials\cellula_MI_data_1396.csv,left,False
1397,../data/processed/filtered_trials\cellula_MI_data_1397.csv,right,False
1398,../data/processed/filtered_trials\cellula_MI_data_1398.csv,right,False
1399,../data/processed/filtered_trials\cellula_MI_data_1399.csv,right,False
1400,../data/processed/filtered_trials\cellula_MI_data_1400.csv,left,False
1401,../data/processed/filtered_trials\cellula_MI_data_1401.csv,left,False
1402,../data/processed/filtered_trials\cellula_MI_data_1402.csv,right,False
1403,../data/processed/filtered_trials\cellula_MI_data_1403.csv,left,False
1404,../data/processed/filtered_trials\cellula_MI_data_1404.csv,right,False
1405,../data/processed/filtered_trials\cellula_MI_data_1405.csv,left,False
1406,../data/processed/filtered_trials\cellula_MI_data_1406.csv,left,False
1407,../data/processed/filtered_trials\cellula_MI_data_1407.csv,right,False
1408,../data/processed/filtered_trials\cellula_MI_data_1408.csv,left,False
1409,../data/processed/filtered_trials\cellula_MI_data_1409.csv,left,False
1410,../data/processed/filtered_trials\cellula_MI_data_1410.csv,right,False
1411,../data/processed/filtered_trials\cellula_MI_data_1411.csv,right,False
1412,../data/processed/filtered_trials\cellula_MI_data_1412.csv,left,False
1413,../data/processed/filtered_trials\cellula_MI_data_1413.csv,left,False
1423,../data/processed/filtered_trials\cellula_MI_data_1423.csv,right,False
1424,../data/processed/filtered_trials\cellula_MI_data_1424.csv,left,False
1425,../data/processed/filtered_trials\cellula_MI_data_1425.csv,right,False
1426,../data/processed/filtered_trials\cellula_MI_data_1426.csv,left,False
1427,../data/processed/filtered_trials\cellula_MI_data_1427.csv,right,False
1428,../data/processed/filtered_trials\cellula_MI_data_1428.csv,left,False
1429,../data/processed/filtered_trials\cellula_MI_data_1429.csv,right,False
1430,../data/processed/filtered_trials\cellula_MI_data_1430.csv,left,False
1431,../data/processed/filtered_trials\cellula_MI_data_1431.csv,left,False
1432,../data/processed/filtered_trials\cellula_MI_data_1432.csv,left,False
1433,../data/processed/filtered_trials\cellula_MI_data_1433.csv,left,False
1434,../data/processed/filtered_trials\cellula_MI_data_1434.csv,left,False
1435,../data/processed/filtered_trials\cellula_MI_data_1435.csv,right,False
1436,../data/processed/filtered_trials\cellula_MI_data_1436.csv,left,False
1437,../data/processed/filtered_trials\cellula_MI_data_1437.csv,right,False
1438,../data/processed/filtered_trials\cellula_MI_data_1438.csv,left,False
1439,../data/processed/filtered_trials\cellula_MI_data_1439.csv,left,False
1440,../data/processed/filtered_trials\cellula_MI_data_1440.csv,left,False
1441,../data/processed/filtered_trials\cellula_MI_data_1441.csv,right,False
1442,../data/processed/filtered_trials\cellula_MI_data_1442.csv,right,False
1443,../data/processed/filtered_trials\cellula_MI_data_1443.csv,right,False
1444,../data/processed/filtered_trials\cellula_MI_data_1444.csv,left,False
1445,../data/processed/filtered_trials\cellula_MI_data_1445.csv,right,False
1446,../data/processed/filtered_trials\cellula_MI_data_1446.csv,left,False
1447,../data/processed/filtered_trials\cellula_MI_data_1447.csv,right,False
1448,../data/processed/filtered_trials\cellula_MI_data_1448.csv,right,False
1449,../data/processed/filtered_trials\cellula_MI_data_1449.csv,left,False
1450,../data/processed/filtered_trials\cellula_MI_data_1450.csv,right,False
1451,../data/processed/filtered_trials\cellula_MI_data_1451.csv,left,False
1452,../data/processed/filtered_trials\cellula_MI_data_1452.csv,left,False
1453,../data/processed/filtered_trials\cellula_MI_data_1453.csv,left,False
1454,../data/processed/filtered_trials\cellula_MI_data_1454.csv,right,False
1455,../data/processed/filtered_trials\cellula_MI_data_1455.csv,right,False
1456,../data/processed/filtered_trials\cellula_MI_data_1456.csv,right,False
1457,../data/processed/filtered_trials\cellula_MI_data_1457.csv,left,False
1458,../data/processed/filtered_trials\cellula_MI_data_1458.csv,left,False
1459,../data/processed/filtered_trials\cellula_MI_data_1459.csv,right,False
1460,../data/processed/filtered_trials\cellula_MI_data_1460.csv,left,False
1461,../data/processed/filtered_trials\cellula_MI_data_1461.csv,right,False
1462,../data/processed/filtered_trials\cellula_MI_data_1462.csv,right,False
1463,../data/processed/filtered_trials\cellula_MI_data_1463.csv,right,False
1464,../data/processed/filtered_trials\cellula_MI_data_1464.csv,right,False
1465,../data/processed/filtered_trials\cellula_MI_data_1465.csv,right,False
1466,../data/processed/filtered_trials\cellula_MI_data_1466.csv,right,False
1467,../data/processed/filtered_trials\cellula_MI_data_1467.csv,right,False
1468,../data/processed/filtered_trials\cellula_MI_data_1468.csv,right,False
1469,../data/processed/filtered_trials\cellula_MI_data_1469.csv,left,False
1470,../data/processed/filtered_trials\cellula_MI_data_1470.csv,left,False
1471,../data/processed/filtered_trials\cellula_MI_data_1471.csv,right,False
1472,../data/processed/filtered_trials\cellula_MI_data_1472.csv,left,False
1473,../data/processed/filtered_trials\cellula_MI_data_1473.csv,right,False
1474,../data/processed/filtered_trials\cellula_MI_data_1474.csv,left,False
1475,../data/processed/filtered_trials\cellula_MI_data_1475.csv,right,False
1476,../data/processed/filtered_trials\cellula_MI_data_1476.csv,left,False
1477,../data/processed/filtered_trials\cellula_MI_data_1477.csv,right,False
1478,../data/processed/filtered_trials\cellula_MI_data_1478.csv,left,False
1479,../data/processed/filtered_trials\cellula_MI_data_1479.csv,left,False
1480,../data/processed/filtered_trials\cellula_MI_data_1480.csv,right,False
1481,../data/processed/filtered_trials\cellula_MI_data_1481.csv,left,False
1482,../data/processed/filtered_trials\cellula_MI_data_1482.csv,right,False
1483,../data/processed/filtered_trials\cellula_MI_data_1483.csv,right,False
1484,../data/processed/filtered_trials\cellula_MI_data_1484.csv,right,False
1485,../data/processed/filtered_trials\cellula_MI_data_1485.csv,right,False
1486,../data/processed/filtered_trials\cellula_MI_data_1486.csv,left,False
1487,../data/processed/filtered_trials\cellula_MI_data_1487.csv,right,False
1488,../data/processed/filtered_trials\cellula_MI_data_1488.csv,right,False
1489,../data/processed/filtered_trials\cellula_MI_data_1489.csv,left,False
1490,../data/processed/filtered_trials\cellula_MI_data_1490.csv,right,False
1491,../data/processed/filtered_trials\cellula_MI_data_1491.csv,left,False
1492,../data/processed/filtered_trials\cellula_MI_data_1492.csv,right,False
1493,../data/processed/filtered_trials\cellula_MI_data_1493.csv,left,False
1494,../data/processed/filtered_trials\cellula_MI_data_1494.csv,right,False
1495,../data/processed/filtered_trials\cellula_MI_data_1495.csv,right,False
1496,../data/processed/filtered_trials\cellula_MI_data_1496.csv,left,False
1497,../data/processed/filtered_trials\cellula_MI_data_1497.csv,left,False
1498,../data/processed/filtered_trials\cellula_MI_data_1498.csv,left,False
1499,../data/processed/filtered_trials\cellula_MI_data_1499.csv,left,False
1500,../data/processed/filtered_trials\cellula_MI_data_1500.csv,left,False
1501,../data/processed/filtered_trials\cellula_MI_data_1501.csv,left,False
1502,../data/processed/filtered_trials\cellula_MI_data_1502.csv,right,False
1503,../data/processed/filtered_trials\cellula_MI_data_1503.csv,right,False
1504,../data/processed/filtered_trials\cellula_MI_data_1504.csv,left,False
1505,../data/processed/filtered_trials\cellula_MI_data_1505.csv,left,False
1506,../data/processed/filtered_trials\cellula_MI_data_1506.csv,left,False
1507,../data/processed/filtered_trials\cellula_MI_data_1507.csv,right,False
1508,../data/processed/filtered_trials\cellula_MI_data_1508.csv,left,False
1509,../data/processed/filtered_trials\cellula_MI_data_1509.csv,right,False
1510,../data/processed/filtered_trials\cellula_MI_data_1510.csv,right,False
1511,../data/processed/filtered_trials\cellula_MI_data_1511.csv,right,False
1512,../data/processed/filtered_trials\cellula_MI_data_1512.csv,right,False
1513,../data/processed/filtered_trials\cellula_MI_data_1513.csv,left,False
1514,../data/processed/filtered_trials\cellula_MI_data_1514.csv,left,False
1515,../data/processed/filtered_trials\cellula_MI_data_1515.csv,right,False
1516,../data/processed/filtered_trials\cellula_MI_data_1516.csv,right,False
1517,../data/processed/filtered_trials\cellula_MI_data_1517.csv,right,False
1518,../data/processed/filtered_trials\cellula_MI_data_1518.csv,left,False
1519,../data/processed/filtered_trials\cellula_MI_data_1519.csv,left,False
1520,../data/processed/filtered_trials\cellula_MI_data_1520.csv,right,False
1521,../data/processed/filtered_trials\cellula_MI_data_1521.csv,right,False
1522,../data/processed/filtered_trials\cellula_MI_data_1522.csv,right,False
1523,../data/processed/filtered_trials\cellula_MI_data_1523.csv,left,False
1524,../data/processed/filtered_trials\cellula_MI_data_1524.csv,left,False
1525,../data/processed/filtered_trials\cellula_MI_data_1525.csv,right,False
1526,../data/processed/filtered_trials\cellula_MI_data_1526.csv,left,False
1527,../data/processed/filtered_trials\cellula_MI_data_1527.csv,right,False
1528,../data/processed/filtered_trials\cellula_MI_data_1528.csv,left,False
1529,../data/processed/filtered_trials\cellula_MI_data_1529.csv,right,False
1530,../data/processed/filtered_trials\cellula_MI_data_1530.csv,left,False
1531,../data/processed/filtered_trials\cellula_MI_data_1531.csv,left,False
1532,../data/processed/filtered_trials\cellula_MI_data_1532.csv,left,False
1533,../data/processed/filtered_trials\cellula_MI_data_1533.csv,left,False
1534,../data/processed/filtered_trials\cellula_MI_data_1534.csv,right,False
1535,../data/processed/filtered_trials\cellula_MI_data_1535.csv,left,False
1536,../data/processed/filtered_trials\cellula_MI_data_1536.csv,right,False
1537,../data/processed/filtered_trials\cellula_MI_data_1537.csv,left,False
1538,../data/processed/filtered_trials\cellula_MI_data_1538.csv,right,False
1539,../data/processed/filtered_trials\cellula_MI_data_1539.csv,left,False
1540,../data/processed/filtered_trials\cellula_MI_data_1540.csv,right,False
1541,../data/processed/filtered_trials\cellula_MI_data_1541.csv,left,False
1542,../data/processed/filtered_trials\cellula_MI_data_1542.csv,right,False
1543,../data/processed/filtered_trials\cellula_MI_data_1543.csv,right,False
1544,../data/processed/filtered_trials\cellula_MI_data_1544.csv,left,False
1545,../data/processed/filtered_trials\cellula_MI_data_1545.csv,right,False
1546,../data/processed/filtered_trials\cellula_MI_data_1546.csv,left,False
1547,../data/processed/filtered_trials\cellula_MI_data_1547.csv,left,False
1548,../data/processed/filtered_trials\cellula_MI_data_1548.csv,right,False
1549,../data/processed/filtered_trials\cellula_MI_data_1549.csv,left,False
1550,../data/processed/filtered_trials\cellula_MI_data_1550.csv,right,False
1551,../data/processed/filtered_trials\cellula_MI_data_1551.csv,right,False
1552,../data/processed/filtered_trials\cellula_MI_data_1552.csv,left,False
1553,../data/processed/filtered_trials\cellula_MI_data_1553.csv,left,False
1554,../data/processed/filtered_trials\cellula_MI_data_1554.csv,left,False
1555,../data/processed/filtered_trials\cellula_MI_data_1555.csv,right,False
1556,../data/processed/filtered_trials\cellula_MI_data_1556.csv,right,False
1557,../data/processed/filtered_trials\cellula_MI_data_1557.csv,left,False
1558,../data/processed/filtered_trials\cellula_MI_data_1558.csv,left,False
1559,../data/processed/filtered_trials\cellula_MI_data_1559.csv,left,False
1560,../data/processed/filtered_trials\cellula_MI_data_1560.csv,left,False
1561,../data/processed/filtered_trials\cellula_MI_data_1561.csv,right,False
1562,../data/processed/filtered_trials\cellula_MI_data_1562.csv,right,False
1563,../data/processed/filtered_trials\cellula_MI_data_1563.csv,right,False
1564,../data/processed/filtered_trials\cellula_MI_data_1564.csv,left,False
1565,../data/processed/filtered_trials\cellula_MI_data_1565.csv,right,False
1566,../data/processed/filtered_trials\cellula_MI_data_1566.csv,left,False
1567,../data/processed/filtered_trials\cellula_MI_data_1567.csv,right,False
1568,../data/processed/filtered_trials\cellula_MI_data_1568.csv,left,False
1569,../data/processed/filtered_trials\cellula_MI_data_1569.csv,left,False
1570,../data/processed/filtered_trials\cellula_MI_data_1570.csv,left,False
1571,../data/processed/filtered_trials\cellula_MI_data_1571.csv,left,False
1572,../data/processed/filtered_trials\cellula_MI_data_1572.csv,left,False
1573,../data/processed/filtered_trials\cellula_MI_data_1573.csv,right,False
1574,../data/processed/filtered_trials\cellula_MI_data_1574.csv,right,False
1575,../data/processed/filtered_trials\cellula_MI_data_1575.csv,left,False
1576,../data/processed/filtered_trials\cellula_MI_data_1576.csv,right,False
1577,../data/processed/filtered_trials\cellula_MI_data_1577.csv,left,False
1578,../data/processed/filtered_trials\cellula_MI_data_1578.csv,left,False
1579,../data/processed/filtered_trials\cellula_MI_data_1579.csv,right,False
1580,../data/processed/filtered_trials\cellula_MI_data_1580.csv,right,False
1581,../data/processed/filtered_trials\cellula_MI_data_1581.csv,left,False
1582,../data/processed/filtered_trials\cellula_MI_data_1582.csv,right,False
1583,../data/processed/filtered_trials\cellula_MI_data_1583.csv,left,False
1584,../data/processed/filtered_trials\cellula_MI_data_1584.csv,right,False
1585,../data/processed/filtered_trials\cellula_MI_data_1585.csv,left,False
1586,../data/processed/filtered_trials\cellula_MI_data_1586.csv,left,False
1587,../data/processed/filtered_trials\cellula_MI_data_1587.csv,left,False
1588,../data/processed/filtered_trials\cellula_MI_data_1588.csv,right,False
1589,../data/processed/filtered_trials\cellula_MI_data_1589.csv,left,False
1590,../data/processed/filtered_trials\cellula_MI_data_1590.csv,right,False
1591,../data/processed/filtered_trials\cellula_MI_data_1591.csv,left,False
1592,../data/processed/filtered_trials\cellula_MI_data_1592.csv,right,False
1593,../data/processed/filtered_trials\cellula_MI_data_1593.csv,right,False
1594,../data/processed/filtered_trials\cellula_MI_data_1594.csv,right,False
1595,../data/processed/filtered_trials\cellula_MI_data_1595.csv,left,False
1596,../data/processed/filtered_trials\cellula_MI_data_1596.csv,left,False
1597,../data/processed/filtered_trials\cellula_MI_data_1597.csv,left,False
1598,../data/processed/filtered_trials\cellula_MI_data_1598.csv,left,False
1599,../data/processed/filtered_trials\cellula_MI_data_1599.csv,left,False
1600,../data/processed/filtered_trials\cellula_MI_data_1600.csv,right,False
1601,../data/processed/filtered_trials\cellula_MI_data_1601.csv,left,False
1602,../data/processed/filtered_trials\cellula_MI_data_1602.csv,left,False
1603,../data/processed/filtered_trials\cellula_MI_data_1603.csv,left,False
1604,../data/processed/filtered_trials\cellula_MI_data_1604.csv,right,False
1605,../data/processed/filtered_trials\cellula_MI_data_1605.csv,right,False
1606,../data/processed/filtered_trials\cellula_MI_data_1606.csv,right,False
1607,../data/processed/filtered_trials\cellula_MI_data_1607.csv,left,False
1608,../data/processed/filtered_trials\cellula_MI_data_1608.csv,right,False
1609,../data/processed/filtered_trials\cellula_MI_data_1609.csv,left,False
1610,../data/processed/filtered_trials\cellula_MI_data_1610.csv,right,False
1611,../data/processed/filtered_trials\cellula_MI_data_1611.csv,left,False
1612,../data/processed/filtered_trials\cellula_MI_data_1612.csv,left,False
1613,../data/processed/filtered_trials\cellula_MI_data_1613.csv,right,False
1614,../data/processed/filtered_trials\cellula_MI_data_1614.csv,right,False
1615,../data/processed/filtered_trials\cellula_MI_data_1615.csv,left,False
1616,../data/processed/filtered_trials\cellula_MI_data_1616.csv,left,False
1617,../data/processed/filtered_trials\cellula_MI_data_1617.csv,right,False
1618,../data/processed/filtered_trials\cellula_MI_data_1618.csv,left,False
1619,../data/processed/filtered_trials\cellula_MI_data_1619.csv,right,False
1620,../data/processed/filtered_trials\cellula_MI_data_1620.csv,right,False
1621,../data/processed/filtered_trials\cellula_MI_data_1621.csv,left,False
1622,../data/processed/filtered_trials\cellula_MI_data_1622.csv,left,False
1623,../data/processed/filtered_trials\cellula_MI_data_1623.csv,right,False
1624,../data/processed/filtered_trials\cellula_MI_data_1624.csv,left,False
1625,../data/processed/filtered_trials\cellula_MI_data_1625.csv,right,False
1626,../data/processed/filtered_trials\cellula_MI_data_1626.csv,right,False
1627,../data/processed/filtered_trials\cellula_MI_data_1627.csv,left,False
1628,../data/processed/filtered_trials\cellula_MI_data_1628.csv,left,False
1629,../data/processed/filtered_trials\cellula_MI_data_1629.csv,right,False
1630,../data/processed/filtered_trials\cellula_MI_data_1630.csv,left,False
1631,../data/processed/filtered_trials\cellula_MI_data_1631.csv,left,False
1632,../data/processed/filtered_trials\cellula_MI_data_1632.csv,left,False
1633,../data/processed/filtered_trials\cellula_MI_data_1633.csv,left,False
1634,../data/processed/filtered_trials\cellula_MI_data_1634.csv,left,False
1635,../data/processed/filtered_trials\cellula_MI_data_1635.csv,left,False
1636,../data/processed/filtered_trials\cellula_MI_data_1636.csv,right,False
1637,../data/processed/filtered_trials\cellula_MI_data_1637.csv,left,False
1638,../data/processed/filtered_trials\cellula_MI_data_1638.csv,left,False
1639,../data/processed/filtered_trials\cellula_MI_data_1639.csv,left,False
1640,../data/processed/filtered_trials\cellula_MI_data_1640.csv,right,False
1641,../data/processed/filtered_trials\cellula_MI_data_1641.csv,right,False
1642,../data/processed/filtered_trials\cellula_MI_data_1642.csv,left,False
1643,../data/processed/filtered_trials\cellula_MI_data_1643.csv,left,False
1644,../data/processed/filtered_trials\cellula_MI_data_1644.csv,left,False
1645,../data/processed/filtered_trials\cellula_MI_data_1645.csv,right,False
1646,../data/processed/filtered_trials\cellula_MI_data_1646.csv,left,False
1647,../data/processed/filtered_trials\cellula_MI_data_1647.csv,right,False
1648,../data/processed/filtered_trials\cellula_MI_data_1648.csv,left,False
1649,../data/processed/filtered_trials\cellula_MI_data_1649.csv,left,False
1650,../data/processed/filtered_trials\cellula_MI_data_1650.csv,left,False
1651,../data/processed/filtered_trials\cellula_MI_data_1651.csv,left,False
1652,../data/processed/filtered_trials\cellula_MI_data_1652.csv,right,False
1653,../data/processed/filtered_trials\cellula_MI_data_1653.csv,right,False
1654,../data/processed/filtered_trials\cellula_MI_data_1654.csv,left,False
1655,../data/processed/filtered_trials\cellula_MI_data_1655.csv,left,False
1656,../data/processed/filtered_trials\cellula_MI_data_1656.csv,left,False
1657,../data/processed/filtered_trials\cellula_MI_data_1657.csv,left,False
1658,../data/processed/filtered_trials\cellula_MI_data_1658.csv,left,False
1659,../data/processed/filtered_trials\cellula_MI_data_1659.csv,left,False
1660,../data/processed/filtered_trials\cellula_MI_data_1660.csv,right,False
1661,../data/processed/filtered_trials\cellula_MI_data_1661.csv,right,False
1662,../data/processed/filtered_trials\cellula_MI_data_1662.csv,left,False
1663,../data/processed/filtered_trials\cellula_MI_data_1663.csv,left,False
1664,../data/processed/filtered_trials\cellula_MI_data_1664.csv,right,False
1665,../data/processed/filtered_trials\cellula_MI_data_1665.csv,left,False
1666,../data/processed/filtered_trials\cellula_MI_data_1666.csv,left,False
1667,../data/processed/filtered_trials\cellula_MI_data_1667.csv,left,False
1668,../data/processed/filtered_trials\cellula_MI_data_1668.csv,left,False
1669,../data/processed/filtered_trials\cellula_MI_data_1669.csv,right,False
1670,../data/processed/filtered_trials\cellula_MI_data_1670.csv,right,False
1671,../data/processed/filtered_trials\cellula_MI_data_1671.csv,right,False
1672,../data/processed/filtered_trials\cellula_MI_data_1672.csv,left,False
1673,../data/processed/filtered_trials\cellula_MI_data_1673.csv,left,False
1674,../data/processed/filtered_trials\cellula_MI_data_1674.csv,right,False
1675,../data/processed/filtered_trials\cellula_MI_data_1675.csv,left,False
1676,../data/processed/filtered_trials\cellula_MI_data_1676.csv,left,False
1677,../data/processed/filtered_trials\cellula_MI_data_1677.csv,left,False
1678,../data/processed/filtered_trials\cellula_MI_data_1678.csv,right,False
1679,../data/processed/filtered_trials\cellula_MI_data_1679.csv,left,False
1680,../data/processed/filtered_trials\cellula_MI_data_1680.csv,right,False
1681,../data/processed/filtered_trials\cellula_MI_data_1681.csv,right,False
1682,../data/processed/filtered_trials\cellula_MI_data_1682.csv,right,False
1683,../data/processed/filtered_trials\cellula_MI_data_1683.csv,right,False
1684,../data/processed/filtered_trials\cellula_MI_data_1684.csv,right,False
1685,../data/processed/filtered_trials\cellula_MI_data_1685.csv,right,False
1686,../data/processed/filtered_trials\cellula_MI_data_1686.csv,left,False
1687,../data/processed/filtered_trials\cellula_MI_data_1687.csv,right,False
1688,../data/processed/filtered_trials\cellula_MI_data_1688.csv,left,False
1689,../data/processed/filtered_trials\cellula_MI_data_1689.csv,right,False
1690,../data/processed/filtered_trials\cellula_MI_data_1690.csv,right,False
1691,../data/processed/filtered_trials\cellula_MI_data_1691.csv,right,False
1692,../data/processed/filtered_trials\cellula_MI_data_1692.csv,right,False
1693,../data/processed/filtered_trials\cellula_MI_data_1693.csv,right,False
1694,../data/processed/filtered_trials\cellula_MI_data_1694.csv,right,False
1695,../data/processed/filtered_trials\cellula_MI_data_1695.csv,left,False
1696,../data/processed/filtered_trials\cellula_MI_data_1696.csv,right,False
1697,../data/processed/filtered_trials\cellula_MI_data_1697.csv,left,False
1698,../data/processed/filtered_trials\cellula_MI_data_1698.csv,right,False
1699,../data/processed/filtered_trials\cellula_MI_data_1699.csv,right,False
1700,../data/processed/filtered_trials\cellula_MI_data_1700.csv,right,False
1701,../data/processed/filtered_trials\cellula_MI_data_1701.csv,left,False
1702,../data/processed/filtered_trials\cellula_MI_data_1702.csv,left,False
1703,../data/processed/filtered_trials\cellula_MI_data_1703.csv,left,False
1704,../data/processed/filtered_trials\cellula_MI_data_1704.csv,left,False
1705,../data/processed/filtered_trials\cellula_MI_data_1705.csv,right,False
1706,../data/processed/filtered_trials\cellula_MI_data_1706.csv,right,False
1707,../data/processed/filtered_trials\cellula_MI_data_1707.csv,left,False
1708,../data/processed/filtered_trials\cellula_MI_data_1708.csv,left,False
1709,../data/processed/filtered_trials\cellula_MI_data_1709.csv,right,False
1710,../data/processed/filtered_trials\cellula_MI_data_1710.csv,right,False
1711,../data/processed/filtered_trials\cellula_MI_data_1711.csv,left,False
1712,../data/processed/filtered_trials\cellula_MI_data_1712.csv,right,False
1713,../data/processed/filtered_trials\cellula_MI_data_1713.csv,right,False
1714,../data/processed/filtered_trials\cellula_MI_data_1714.csv,right,False
1715,../data/processed/filtered_trials\cellula_MI_data_1715.csv,left,False
1716,../data/processed/filtered_trials\cellula_MI_data_1716.csv,right,False
1717,../data/processed/filtered_trials\cellula_MI_data_1717.csv,right,False
1718,../data/processed/filtered_trials\cellula_MI_data_1718.csv,right,False
1719,../data/processed/filtered_trials\cellula_MI_data_1719.csv,right,False
1720,../data/processed/filtered_trials\cellula_MI_data_1720.csv,left,False
1721,../data/processed/filtered_trials\cellula_MI_data_1721.csv,left,False
1722,../data/processed/filtered_trials\cellula_MI_data_1722.csv,right,False
1723,../data/processed/filtered_trials\cellula_MI_data_1723.csv,right,False
1724,../data/processed/filtered_trials\cellula_MI_data_1724.csv,left,False
1725,../data/processed/filtered_trials\cellula_MI_data_1725.csv,right,False
1726,../data/processed/filtered_trials\cellula_MI_data_1726.csv,left,False
1727,../data/processed/filtered_trials\cellula_MI_data_1727.csv,left,False
1728,../data/processed/filtered_trials\cellula_MI_data_1728.csv,left,False
1729,../data/processed/filtered_trials\cellula_MI_data_1729.csv,right,False
1730,../data/processed/filtered_trials\cellula_MI_data_1730.csv,left,False
1731,../data/processed/filtered_trials\cellula_MI_data_1731.csv,left,False
1732,../data/processed/filtered_trials\cellula_MI_data_1732.csv,left,False
1733,../data/processed/filtered_trials\cellula_MI_data_1733.csv,right,False
1734,../data/processed/filtered_trials\cellula_MI_data_1734.csv,left,False
1735,../data/processed/filtered_trials\cellula_MI_data_1735.csv,right,False
1736,../data/processed/filtered_trials\cellula_MI_data_1736.csv,left,False
1737,../data/processed/filtered_trials\cellula_MI_data_1737.csv,right,False
1738,../data/processed/filtered_trials\cellula_MI_data_1738.csv,left,False
1739,../data/processed/filtered_trials\cellula_MI_data_1739.csv,left,False
1740,../data/processed/filtered_trials\cellula_MI_data_1740.csv,left,False
1741,../data/processed/filtered_trials\cellula_MI_data_1741.csv,left,False
1742,../data/processed/filtered_trials\cellula_MI_data_1742.csv,left,False
1743,../data/processed/filtered_trials\cellula_MI_data_1743.csv,right,False
1744,../data/processed/filtered_trials\cellula_MI_data_1744.csv,left,False
1745,../data/processed/filtered_trials\cellula_MI_data_1745.csv,left,False
1746,../data/processed/filtered_trials\cellula_MI_data_1746.csv,left,False
1747,../data/processed/filtered_trials\cellula_MI_data_1747.csv,left,False
1748,../data/processed/filtered_trials\cellula_MI_data_1748.csv,right,False
1749,../data/processed/filtered_trials\cellula_MI_data_1749.csv,left,False
1750,../data/processed/filtered_trials\cellula_MI_data_1750.csv,right,False
1751,../data/processed/filtered_trials\cellula_MI_data_1751.csv,left,False
1752,../data/processed/filtered_trials\cellula_MI_data_1752.csv,left,False
1753,../data/processed/filtered_trials\cellula_MI_data_1753.csv,right,False
1754,../data/processed/filtered_trials\cellula_MI_data_1754.csv,left,False
1755,../data/processed/filtered_trials\cellula_MI_data_1755.csv,left,False
1756,../data/processed/filtered_trials\cellula_MI_data_1756.csv,right,False
1757,../data/processed/filtered_trials\cellula_MI_data_1757.csv,left,False
1758,../data/processed/filtered_trials\cellula_MI_data_1758.csv,right,False
1759,../data/processed/filtered_trials\cellula_MI_data_1759.csv,left,False
1760,../data/processed/filtered_trials\cellula_MI_data_1760.csv,right,False
1761,../data/processed/filtered_trials\cellula_MI_data_1761.csv,left,False
1762,../data/processed/filtered_trials\cellula_MI_data_1762.csv,right,False
1763,../data/processed/filtered_trials\cellula_MI_data_1763.csv,left,False
1764,../data/processed/filtered_trials\cellula_MI_data_1764.csv,left,False
1765,../data/processed/filtered_trials\cellula_MI_data_1765.csv,right,False
1766,../data/processed/filtered_trials\cellula_MI_data_1766.csv,left,False
1767,../data/processed/filtered_trials\cellula_MI_data_1767.csv,right,False
1768,../data/processed/filtered_trials\cellula_MI_data_1768.csv,left,False
1769,../data/processed/filtered_trials\cellula_MI_data_1769.csv,right,False
1770,../data/processed/filtered_trials\cellula_MI_data_1770.csv,left,False
1771,../data/processed/filtered_trials\cellula_MI_data_1771.csv,left,False
1772,../data/processed/filtered_trials\cellula_MI_data_1772.csv,right,False
1773,../data/processed/filtered_trials\cellula_MI_data_1773.csv,left,False
1774,../data/processed/filtered_trials\cellula_MI_data_1774.csv,right,False
1775,../data/processed/filtered_trials\cellula_MI_data_1775.csv,left,False
1776,../data/processed/filtered_trials\cellula_MI_data_1776.csv,right,False
1777,../data/processed/filtered_trials\cellula_MI_data_1777.csv,left,False
1778,../data/processed/filtered_trials\cellula_MI_data_1778.csv,left,False
1779,../data/processed/filtered_trials\cellula_MI_data_1779.csv,left,False
1780,../data/processed/filtered_trials\cellula_MI_data_1780.csv,left,False
1781,../data/processed/filtered_trials\cellula_MI_data_1781.csv,left,False
1782,../data/processed/filtered_trials\cellula_MI_data_1782.csv,right,False
1783,../data/processed/filtered_trials\cellula_MI_data_1783.csv,right,False
1784,../data/processed/filtered_trials\cellula_MI_data_1784.csv,left,False
1785,../data/processed/filtered_trials\cellula_MI_data_1785.csv,right,False
1786,../data/processed/filtered_trials\cellula_MI_data_1786.csv,left,False
1787,../data/processed/filtered_trials\cellula_MI_data_1787.csv,right,False
1788,../data/processed/filtered_trials\cellula_MI_data_1788.csv,left,False
1789,../data/processed/filtered_trials\cellula_MI_data_1789.csv,left,False
1790,../data/processed/filtered_trials\cellula_MI_data_1790.csv,right,False
1791,../data/processed/filtered_trials\cellula_MI_data_1791.csv,right,False
1792,../data/processed/filtered_trials\cellula_MI_data_1792.csv,right,False
1793,../data/processed/filtered_trials\cellula_MI_data_1793.csv,left,False
1794,../data/processed/filtered_trials\cellula_MI_data_1794.csv,left,False
1795,../data/processed/filtered_trials\cellula_MI_data_1795.csv,right,False
1796,../data/processed/filtered_trials\cellula_MI_data_1796.csv,right,False
1797,../data/processed/filtered_trials\cellula_MI_data_1797.csv,left,False
1798,../data/processed/filtered_trials\cellula_MI_data_1798.csv,left,False
1799,../data/processed/filtered_trials\cellula_MI_data_1799.csv,right,False
1800,../data/processed/filtered_trials\cellula_MI_data_1800.csv,left,False
1801,../data/processed/filtered_trials\cellula_MI_data_1801.csv,left,False
1802,../data/processed/filtered_trials\cellula_MI_data_1802.csv,right,False
1803,../data/processed/filtered_trials\cellula_MI_data_1803.csv,left,False
1804,../data/processed/filtered_trials\cellula_MI_data_1804.csv,left,False
1805,../data/processed/filtered_trials\cellula_MI_data_1805.csv,right,False
1806,../data/processed/filtered_trials\cellula_MI_data_1806.csv,right,False
1807,../data/processed/filtered_trials\cellula_MI_data_1807.csv,left,False
1808,../data/processed/filtered_trials\cellula_MI_data_1808.csv,right,False
1809,../data/processed/filtered_trials\cellula_MI_data_1809.csv,right,False
1810,../data/processed/filtered_trials\cellula_MI_data_1810.csv,left,False
1811,../data/processed/filtered_trials\cellula_MI_data_1811.csv,right,False
1812,../data/processed/filtered_trials\cellula_MI_data_1812.csv,left,False
1813,../data/processed/filtered_trials\cellula_MI_data_1813.csv,right,False
1814,../data/processed/filtered_trials\cellula_MI_data_1814.csv,left,False
1815,../data/processed/filtered_trials\cellula_MI_data_1815.csv,right,False
1816,../data/processed/filtered_trials\cellula_MI_data_1816.csv,right,False
1817,../data/processed/filtered_trials\cellula_MI_data_1817.csv,right,False
1818,../data/processed/filtered_trials\cellula_MI_data_1818.csv,left,False
1819,../data/processed/filtered_trials\cellula_MI_data_1819.csv,left,False
1820,../data/processed/filtered_trials\cellula_MI_data_1820.csv,right,False
1821,../data/processed/filtered_trials\cellula_MI_data_1821.csv,right,False
1822,../data/processed/filtered_trials\cellula_MI_data_1822.csv,left,False
1823,../data/processed/filtered_trials\cellula_MI_data_1823.csv,left,False
1824,../data/processed/filtered_trials\cellula_MI_data_1824.csv,right,False
1825,../data/processed/filtered_trials\cellula_MI_data_1825.csv,right,False
1826,../data/processed/filtered_trials\cellula_MI_data_1826.csv,right,False
1827,../data/processed/filtered_trials\cellula_MI_data_1827.csv,left,False
1828,../data/processed/filtered_trials\cellula_MI_data_1828.csv,right,False
1829,../data/processed/filtered_trials\cellula_MI_data_1829.csv,left,False
1830,../data/processed/filtered_trials\cellula_MI_data_1830.csv,left,False
1831,../data/processed/filtered_trials\cellula_MI_data_1831.csv,left,False
1832,../data/processed/filtered_trials\cellula_MI_data_1832.csv,left,False
1833,../data/processed/filtered_trials\cellula_MI_data_1833.csv,left,False
1834,../data/processed/filtered_trials\cellula_MI_data_1834.csv,right,False
1835,../data/processed/filtered_trials\cellula_MI_data_1835.csv,left,False
1836,../data/processed/filtered_trials\cellula_MI_data_1836.csv,right,False
1837,../data/processed/filtered_trials\cellula_MI_data_1837.csv,right,False
1838,../data/processed/filtered_trials\cellula_MI_data_1838.csv,right,False
1839,../data/processed/filtered_trials\cellula_MI_data_1839.csv,left,False
1840,../data/processed/filtered_trials\cellula_MI_data_1840.csv,right,False
1841,../data/processed/filtered_trials\cellula_MI_data_1841.csv,left,False
1842,../data/processed/filtered_trials\cellula_MI_data_1842.csv,right,False
1843,../data/processed/filtered_trials\cellula_MI_data_1843.csv,left,False
1844,../data/processed/filtered_trials\cellula_MI_data_1844.csv,right,False
1845,../data/processed/filtered_trials\cellula_MI_data_1845.csv,left,False
1846,../data/processed/filtered_trials\cellula_MI_data_1846.csv,left,False
1847,../data/processed/filtered_trials\cellula_MI_data_1847.csv,left,False
1848,../data/processed/filtered_trials\cellula_MI_data_1848.csv,left,False
1849,../data/processed/filtered_trials\cellula_MI_data_1849.csv,left,False
1850,../data/processed/filtered_trials\cellula_MI_data_1850.csv,left,False
1851,../data/processed/filtered_trials\cellula_MI_data_1851.csv,left,False
1852,../data/processed/filtered_trials\cellula_MI_data_1852.csv,left,False
1853,../data/processed/filtered_trials\cellula_MI_data_1853.csv,left,False
1854,../data/processed/filtered_trials\cellula_MI_data_1854.csv,right,False
1855,../data/processed/filtered_trials\cellula_MI_data_1855.csv,right,False
1856,../data/processed/filtered_trials\cellula_MI_data_1856.csv,right,False
1857,../data/processed/filtered_trials\cellula_MI_data_1857.csv,right,False
1858,../data/processed/filtered_trials\cellula_MI_data_1858.csv,left,False
1859,../data/processed/filtered_trials\cellula_MI_data_1859.csv,left,False
1860,../data/processed/filtered_trials\cellula_MI_data_1860.csv,right,False
1861,../data/processed/filtered_trials\cellula_MI_data_1861.csv,right,False
1862,../data/processed/filtered_trials\cellula_MI_data_1862.csv,left,False
1863,../data/processed/filtered_trials\cellula_MI_data_1863.csv,left,False
1864,../data/processed/filtered_trials\cellula_MI_data_1864.csv,left,False
1865,../data/processed/filtered_trials\cellula_MI_data_1865.csv,left,False
1866,../data/processed/filtered_trials\cellula_MI_data_1866.csv,right,False
1867,../data/processed/filtered_trials\cellula_MI_data_1867.csv,left,False
1868,../data/processed/filtered_trials\cellula_MI_data_1868.csv,left,False
1869,../data/processed/filtered_trials\cellula_MI_data_1869.csv,left,False
1870,../data/processed/filtered_trials\cellula_MI_data_1870.csv,right,False
1871,../data/processed/filtered_trials\cellula_MI_data_1871.csv,left,False
1872,../data/processed/filtered_trials\cellula_MI_data_1872.csv,right,False
1873,../data/processed/filtered_trials\cellula_MI_data_1873.csv,right,False
1874,../data/processed/filtered_trials\cellula_MI_data_1874.csv,left,False
1875,../data/processed/filtered_trials\cellula_MI_data_1875.csv,left,False
1876,../data/processed/filtered_trials\cellula_MI_data_1876.csv,right,False
1877,../data/processed/filtered_trials\cellula_MI_data_1877.csv,right,False
1878,../data/processed/filtered_trials\cellula_MI_data_1878.csv,left,False
1879,../data/processed/filtered_trials\cellula_MI_data_1879.csv,left,False
1880,../data/processed/filtered_trials\cellula_MI_data_1880.csv,left,False
1881,../data/processed/filtered_trials\cellula_MI_data_1881.csv,right,False
1882,../data/processed/filtered_trials\cellula_MI_data_1882.csv,right,False
1883,../data/processed/filtered_trials\cellula_MI_data_1883.csv,right,False
1884,../data/processed/filtered_trials\cellula_MI_data_1884.csv,left,False
1885,../data/processed/filtered_trials\cellula_MI_data_1885.csv,left,False
1886,../data/processed/filtered_trials\cellula_MI_data_1886.csv,left,False
1887,../data/processed/filtered_trials\cellula_MI_data_1887.csv,left,False
1888,../data/processed/filtered_trials\cellula_MI_data_1888.csv,left,False
1889,../data/processed/filtered_trials\cellula_MI_data_1889.csv,right,False
1890,../data/processed/filtered_trials\cellula_MI_data_1890.csv,left,False
1891,../data/processed/filtered_trials\cellula_MI_data_1891.csv,right,False
1892,../data/processed/filtered_trials\cellula_MI_data_1892.csv,left,False
1893,../data/processed/filtered_trials\cellula_MI_data_1893.csv,right,False
1894,../data/processed/filtered_trials\cellula_MI_data_1894.csv,right,False
1895,../data/processed/filtered_trials\cellula_MI_data_1895.csv,right,False
1896,../data/processed/filtered_trials\cellula_MI_data_1896.csv,right,False
1897,../data/processed/filtered_trials\cellula_MI_data_1897.csv,right,False
1898,../data/processed/filtered_trials\cellula_MI_data_1898.csv,left,False
1899,../data/processed/filtered_trials\cellula_MI_data_1899.csv,left,False
1900,../data/processed/filtered_trials\cellula_MI_data_1900.csv,right,False
1901,../data/processed/filtered_trials\cellula_MI_data_1901.csv,right,False
1902,../data/processed/filtered_trials\cellula_MI_data_1902.csv,left,False
1903,../data/processed/filtered_trials\cellula_MI_data_1903.csv,left,False
1904,../data/processed/filtered_trials\cellula_MI_data_1904.csv,right,False
1905,../data/processed/filtered_trials\cellula_MI_data_1905.csv,right,False
1906,../data/processed/filtered_trials\cellula_MI_data_1906.csv,right,False
1907,../data/processed/filtered_trials\cellula_MI_data_1907.csv,right,False
1908,../data/processed/filtered_trials\cellula_MI_data_1908.csv,right,False
1909,../data/processed/filtered_trials\cellula_MI_data_1909.csv,right,False
1910,../data/processed/filtered_trials\cellula_MI_data_1910.csv,right,False
1911,../data/processed/filtered_trials\cellula_MI_data_1911.csv,left,False
1912,../data/processed/filtered_trials\cellula_MI_data_1912.csv,left,False
1913,../data/processed/filtered_trials\cellula_MI_data_1913.csv,left,False
1914,../data/processed/filtered_trials\cellula_MI_data_1914.csv,right,False
1915,../data/processed/filtered_trials\cellula_MI_data_1915.csv,right,False
1916,../data/processed/filtered_trials\cellula_MI_data_1916.csv,right,False
1917,../data/processed/filtered_trials\cellula_MI_data_1917.csv,left,False
1918,../data/processed/filtered_trials\cellula_MI_data_1918.csv,left,False
1919,../data/processed/filtered_trials\cellula_MI_data_1919.csv,right,False
1920,../data/processed/filtered_trials\cellula_MI_data_1920.csv,left,False
1921,../data/processed/filtered_trials\cellula_MI_data_1921.csv,right,False
1922,../data/processed/filtered_trials\cellula_MI_data_1922.csv,left,False
1923,../data/processed/filtered_trials\cellula_MI_data_1923.csv,right,False
1924,../data/processed/filtered_trials\cellula_MI_data_1924.csv,right,False
1925,../data/processed/filtered_trials\cellula_MI_data_1925.csv,left,False
1926,../data/processed/filtered_trials\cellula_MI_data_1926.csv,left,False
1927,../data/processed/filtered_trials\cellula_MI_data_1927.csv,left,False
1928,../data/processed/filtered_trials\cellula_MI_data_1928.csv,right,False
1929,../data/processed/filtered_trials\cellula_MI_data_1929.csv,right,False
1930,../data/processed/filtered_trials\cellula_MI_data_1930.csv,left,False
1931,../data/processed/filtered_trials\cellula_MI_data_1931.csv,left,False
1932,../data/processed/filtered_trials\cellula_MI_data_1932.csv,left,False
1933,../data/processed/filtered_trials\cellula_MI_data_1933.csv,right,False
1934,../data/processed/filtered_trials\cellula_MI_data_1934.csv,right,False
1935,../data/processed/filtered_trials\cellula_MI_data_1935.csv,left,False
1936,../data/processed/filtered_trials\cellula_MI_data_1936.csv,right,False
1937,../data/processed/filtered_trials\cellula_MI_data_1937.csv,left,False
1938,../data/processed/filtered_trials\cellula_MI_data_1938.csv,right,False
1939,../data/processed/filtered_trials\cellula_MI_data_1939.csv,right,False
1940,../data/processed/filtered_trials\cellula_MI_data_1940.csv,left,False
1941,../data/processed/filtered_trials\cellula_MI_data_1941.csv,right,False
1942,../data/processed/filtered_trials\cellula_MI_data_1942.csv,left,False
1943,../data/processed/filtered_trials\cellula_MI_data_1943.csv,right,False
1944,../data/processed/filtered_trials\cellula_MI_data_1944.csv,left,False
1945,../data/processed/filtered_trials\cellula_MI_data_1945.csv,right,False
1946,../data/processed/filtered_trials\cellula_MI_data_1946.csv,left,False
1947,../data/processed/filtered_trials\cellula_MI_data_1947.csv,left,False
1948,../data/processed/filtered_trials\cellula_MI_data_1948.csv,right,False
1949,../data/processed/filtered_trials\cellula_MI_data_1949.csv,right,False
1950,../data/processed/filtered_trials\cellula_MI_data_1950.csv,right,False
1951,../data/processed/filtered_trials\cellula_MI_data_1951.csv,left,False
1952,../data/processed/filtered_trials\cellula_MI_data_1952.csv,right,False
1953,../data/processed/filtered_trials\cellula_MI_data_1953.csv,left,False
1954,../data/processed/filtered_trials\cellula_MI_data_1954.csv,right,False
1955,../data/processed/filtered_trials\cellula_MI_data_1955.csv,right,False
1956,../data/processed/filtered_trials\cellula_MI_data_1956.csv,right,False
1957,../data/processed/filtered_trials\cellula_MI_data_1957.csv,left,False
1958,../data/processed/filtered_trials\cellula_MI_data_1958.csv,right,False
1959,../data/processed/filtered_trials\cellula_MI_data_1959.csv,left,False
1960,../data/processed/filtered_trials\cellula_MI_data_1960.csv,left,False
1961,../data/processed/filtered_trials\cellula_MI_data_1961.csv,left,False
1962,../data/processed/filtered_trials\cellula_MI_data_1962.csv,right,False
1963,../data/processed/filtered_trials\cellula_MI_data_1963.csv,left,False
1964,../data/processed/filtered_trials\cellula_MI_data_1964.csv,right,False
1965,../data/processed/filtered_trials\cellula_MI_data_1965.csv,right,False
1966,../data/processed/filtered_trials\cellula_MI_data_1966.csv,left,False
1967,../data/processed/filtered_trials\cellula_MI_data_1967.csv,left,False
1968,../data/processed/filtered_trials\cellula_MI_data_1968.csv,left,False
1969,../data/processed/filtered_trials\cellula_MI_data_1969.csv,left,False
1970,../data/processed/filtered_trials\cellula_MI_data_1970.csv,right,False
1971,../data/processed/filtered_trials\cellula_MI_data_1971.csv,right,False
1972,../data/processed/filtered_trials\cellula_MI_data_1972.csv,right,False
1973,../data/processed/filtered_trials\cellula_MI_data_1973.csv,right,False
1974,../data/processed/filtered_trials\cellula_MI_data_1974.csv,right,False
1975,../data/processed/filtered_trials\cellula_MI_data_1975.csv,left,False
1976,../data/processed/filtered_trials\cellula_MI_data_1976.csv,right,False
1977,../data/processed/filtered_trials\cellula_MI_data_1977.csv,left,False
1978,../data/processed/filtered_trials\cellula_MI_data_1978.csv,right,False
1979,../data/processed/filtered_trials\cellula_MI_data_1979.csv,left,False
1980,../data/processed/filtered_trials\cellula_MI_data_1980.csv,left,False
1981,../data/processed/filtered_trials\cellula_MI_data_1981.csv,left,False
1982,../data/processed/filtered_trials\cellula_MI_data_1982.csv,left,False
1983,../data/processed/filtered_trials\cellula_MI_data_1983.csv,right,False
1984,../data/processed/filtered_trials\cellula_MI_data_1984.csv,left,False
1985,../data/processed/filtered_trials\cellula_MI_data_1985.csv,right,False
1986,../data/processed/filtered_trials\cellula_MI_data_1986.csv,left,False
1987,../data/processed/filtered_trials\cellula_MI_data_1987.csv,left,False
1988,../data/processed/filtered_trials\cellula_MI_data_1988.csv,left,False
1989,../data/processed/filtered_trials\cellula_MI_data_1989.csv,right,False
1990,../data/processed/filtered_trials\cellula_MI_data_1990.csv,right,False
1991,../data/processed/filtered_trials\cellula_MI_data_1991.csv,left,False
1992,../data/processed/filtered_trials\cellula_MI_data_1992.csv,right,False
1993,../data/processed/filtered_trials\cellula_MI_data_1993.csv,left,False
1994,../data/processed/filtered_trials\cellula_MI_data_1994.csv,left,False
1995,../data/processed/filtered_trials\cellula_MI_data_1995.csv,right,False
1996,../data/processed/filtered_trials\cellula_MI_data_1996.csv,left,False
1997,../data/processed/filtered_trials\cellula_MI_data_1997.csv,right,False
1998,../data/processed/filtered_trials\cellula_MI_data_1998.csv,right,False
1999,../data/processed/filtered_trials\cellula_MI_data_1999.csv,left,False
2000,../data/processed/filtered_trials\cellula_MI_data_2000.csv,right,False
2001,../data/processed/filtered_trials\cellula_MI_data_2001.csv,left,False
2002,../data/processed/filtered_trials\cellula_MI_data_2002.csv,right,False
2003,../data/processed/filtered_trials\cellula_MI_data_2003.csv,left,False
2004,../data/processed/filtered_trials\cellula_MI_data_2004.csv,right,False
2005,../data/processed/filtered_trials\cellula_MI_data_2005.csv,right,False
2006,../data/processed/filtered_trials\cellula_MI_data_2006.csv,right,False
2007,../data/processed/filtered_trials\cellula_MI_data_2007.csv,right,False
2008,../data/processed/filtered_trials\cellula_MI_data_2008.csv,right,False
2009,../data/processed/filtered_trials\cellula_MI_data_2009.csv,left,False
2010,../data/processed/filtered_trials\cellula_MI_data_2010.csv,right,False
2011,../data/processed/filtered_trials\cellula_MI_data_2011.csv,right,False
2012,../data/processed/filtered_trials\cellula_MI_data_2012.csv,right,False
2013,../data/processed/filtered_trials\cellula_MI_data_2013.csv,left,False
2014,../data/processed/filtered_trials\cellula_MI_data_2014.csv,right,False
2015,../data/processed/filtered_trials\cellula_MI_data_2015.csv,right,False
2016,../data/processed/filtered_trials\cellula_MI_data_2016.csv,right,False
2017,../data/processed/filtered_trials\cellula_MI_data_2017.csv,left,False
2018,../data/processed/filtered_trials\cellula_MI_data_2018.csv,right,False
2019,../data/processed/filtered_trials\cellula_MI_data_2019.csv,right,False
2020,../data/processed/filtered_trials\cellula_MI_data_2020.csv,right,False
2021,../data/processed/filtered_trials\cellula_MI_data_2021.csv,right,False
2022,../data/processed/filtered_trials\cellula_MI_data_2022.csv,right,False
2023,../data/processed/filtered_trials\cellula_MI_data_2023.csv,left,False
2024,../data/processed/filtered_trials\cellula_MI_data_2024.csv,right,False
2025,../data/processed/filtered_trials\cellula_MI_data_2025.csv,left,False
2026,../data/processed/filtered_trials\cellula_MI_data_2026.csv,left,False
2027,../data/processed/filtered_trials\cellula_MI_data_2027.csv,right,False
2028,../data/processed/filtered_trials\cellula_MI_data_2028.csv,left,False
2029,../data/processed/filtered_trials\cellula_MI_data_2029.csv,left,False
2030,../data/processed/filtered_trials\cellula_MI_data_2030.csv,right,False
2031,../data/processed/filtered_trials\cellula_MI_data_2031.csv,right,False
2032,../data/processed/filtered_trials\cellula_MI_data_2032.csv,left,False
2033,../data/processed/filtered_trials\cellula_MI_data_2033.csv,left,False
2034,../data/processed/filtered_trials\cellula_MI_data_2034.csv,right,False
2035,../data/processed/filtered_trials\cellula_MI_data_2035.csv,right,False
2036,../data/processed/filtered_trials\cellula_MI_data_2036.csv,left,False
2037,../data/processed/filtered_trials\cellula_MI_data_2037.csv,right,False
2038,../data/processed/filtered_trials\cellula_MI_data_2038.csv,right,False
2039,../data/processed/filtered_trials\cellula_MI_data_2039.csv,right,False
2040,../data/processed/filtered_trials\cellula_MI_data_2040.csv,left,False
2041,../data/processed/filtered_trials\cellula_MI_data_2041.csv,left,False
2042,../data/processed/filtered_trials\cellula_MI_data_2042.csv,left,False
2043,../data/processed/filtered_trials\cellula_MI_data_2043.csv,right,False
2044,../data/processed/filtered_trials\cellula_MI_data_2044.csv,left,False
2045,../data/processed/filtered_trials\cellula_MI_data_2045.csv,left,False
2046,../data/processed/filtered_trials\cellula_MI_data_2046.csv,right,False
2047,../data/processed/filtered_trials\cellula_MI_data_2047.csv,left,False
2048,../data/processed/filtered_trials\cellula_MI_data_2048.csv,right,False
2049,../data/processed/filtered_trials\cellula_MI_data_2049.csv,left,False
2050,../data/processed/filtered_trials\cellula_MI_data_2050.csv,right,False
2051,../data/processed/filtered_trials\cellula_MI_data_2051.csv,right,False
2052,../data/processed/filtered_trials\cellula_MI_data_2052.csv,right,False
2053,../data/processed/filtered_trials\cellula_MI_data_2053.csv,left,False
2054,../data/processed/filtered_trials\cellula_MI_data_2054.csv,right,False
2055,../data/processed/filtered_trials\cellula_MI_data_2055.csv,left,False
2056,../data/processed/filtered_trials\cellula_MI_data_2056.csv,left,False
2057,../data/processed/filtered_trials\cellula_MI_data_2057.csv,left,False
2058,../data/processed/filtered_trials\cellula_MI_data_2058.csv,left,False
2059,../data/processed/filtered_trials\cellula_MI_data_2059.csv,left,False
2060,../data/processed/filtered_trials\cellula_MI_data_2060.csv,right,False
2061,../data/processed/filtered_trials\cellula_MI_data_2061.csv,left,False
2062,../data/processed/filtered_trials\cellula_MI_data_2062.csv,right,False
2063,../data/processed/filtered_trials\cellula_MI_data_2063.csv,right,False
2064,../data/processed/filtered_trials\cellula_MI_data_2064.csv,right,False
2065,../data/processed/filtered_trials\cellula_MI_data_2065.csv,left,False
2066,../data/processed/filtered_trials\cellula_MI_data_2066.csv,right,False
2067,../data/processed/filtered_trials\cellula_MI_data_2067.csv,right,False
2068,../data/processed/filtered_trials\cellula_MI_data_2068.csv,right,False
2069,../data/processed/filtered_trials\cellula_MI_data_2069.csv,left,False
2070,../data/processed/filtered_trials\cellula_MI_data_2070.csv,left,False
2071,../data/processed/filtered_trials\cellula_MI_data_2071.csv,left,False
2072,../data/processed/filtered_trials\cellula_MI_data_2072.csv,right,False
2073,../data/processed/filtered_trials\cellula_MI_data_2073.csv,left,False
2074,../data/processed/filtered_trials\cellula_MI_data_2074.csv,right,False
2075,../data/processed/filtered_trials\cellula_MI_data_2075.csv,right,False
2076,../data/processed/filtered_trials\cellula_MI_data_2076.csv,right,False
2077,../data/processed/filtered_trials\cellula_MI_data_2077.csv,left,False
2078,../data/processed/filtered_trials\cellula_MI_data_2078.csv,left,False
2079,../data/processed/filtered_trials\cellula_MI_data_2079.csv,right,False
2080,../data/processed/filtered_trials\cellula_MI_data_2080.csv,left,False
2081,../data/processed/filtered_trials\cellula_MI_data_2081.csv,left,False
2082,../data/processed/filtered_trials\cellula_MI_data_2082.csv,left,False
2083,../data/processed/filtered_trials\cellula_MI_data_2083.csv,left,False
2084,../data/processed/filtered_trials\cellula_MI_data_2084.csv,right,False
2085,../data/processed/filtered_trials\cellula_MI_data_2085.csv,left,False
2086,../data/processed/filtered_trials\cellula_MI_data_2086.csv,right,False
2087,../data/processed/filtered_trials\cellula_MI_data_2087.csv,left,False
2088,../data/processed/filtered_trials\cellula_MI_data_2088.csv,left,False
2089,../data/processed/filtered_trials\cellula_MI_data_2089.csv,right,False
2090,../data/processed/filtered_trials\cellula_MI_data_2090.csv,right,False
2091,../data/processed/filtered_trials\cellula_MI_data_2091.csv,right,False
2092,../data/processed/filtered_trials\cellula_MI_data_2092.csv,left,False
2093,../data/processed/filtered_trials\cellula_MI_data_2093.csv,left,False
2094,../data/processed/filtered_trials\cellula_MI_data_2094.csv,right,False
2095,../data/processed/filtered_trials\cellula_MI_data_2095.csv,left,False
2096,../data/processed/filtered_trials\cellula_MI_data_2096.csv,right,False
2097,../data/processed/filtered_trials\cellula_MI_data_2097.csv,left,False
2098,../data/processed/filtered_trials\cellula_MI_data_2098.csv,right,False
2099,../data/processed/filtered_trials\cellula_MI_data_2099.csv,right,False
2100,../data/processed/filtered_trials\cellula_MI_data_2100.csv,right,False
2101,../data/processed/filtered_trials\cellula_MI_data_2101.csv,right,False
2102,../data/processed/filtered_trials\cellula_MI_data_2102.csv,right,False
2103,../data/processed/filtered_trials\cellula_MI_data_2103.csv,right,False
2104,../data/processed/filtered_trials\cellula_MI_data_2104.csv,left,False
2105,../data/processed/filtered_trials\cellula_MI_data_2105.csv,right,False
2106,../data/processed/filtered_trials\cellula_MI_data_2106.csv,right,False
2107,../data/processed/filtered_trials\cellula_MI_data_2107.csv,left,False
2108,../data/processed/filtered_trials\cellula_MI_data_2108.csv,right,False
2109,../data/processed/filtered_trials\cellula_MI_data_2109.csv,right,False
2110,../data/processed/filtered_trials\cellula_MI_data_2110.csv,right,False
2111,../data/processed/filtered_trials\cellula_MI_data_2111.csv,right,False
2112,../data/processed/filtered_trials\cellula_MI_data_2112.csv,right,False
2113,../data/processed/filtered_trials\cellula_MI_data_2113.csv,right,False
2114,../data/processed/filtered_trials\cellula_MI_data_2114.csv,left,False
2115,../data/processed/filtered_trials\cellula_MI_data_2115.csv,left,False
2116,../data/processed/filtered_trials\cellula_MI_data_2116.csv,right,False
2117,../data/processed/filtered_trials\cellula_MI_data_2117.csv,right,False
2118,../data/processed/filtered_trials\cellula_MI_data_2118.csv,left,False
2119,../data/processed/filtered_trials\cellula_MI_data_2119.csv,left,False
2120,../data/processed/filtered_trials\cellula_MI_data_2120.csv,left,False
2121,../data/processed/filtered_trials\cellula_MI_data_2121.csv,left,False
2122,../data/processed/filtered_trials\cellula_MI_data_2122.csv,left,False
2123,../data/processed/filtered_trials\cellula_MI_data_2123.csv,left,False
2124,../data/processed/filtered_trials\cellula_MI_data_2124.csv,left,False
2125,../data/processed/filtered_trials\cellula_MI_data_2125.csv,left,False
2126,../data/processed/filtered_trials\cellula_MI_data_2126.csv,left,False
2127,../data/processed/filtered_trials\cellula_MI_data_2127.csv,right,False
2128,../data/processed/filtered_trials\cellula_MI_data_2128.csv,right,False
2129,../data/processed/filtered_trials\cellula_MI_data_2129.csv,right,False
2130,../data/processed/filtered_trials\cellula_MI_data_2130.csv,left,False
2131,../data/processed/filtered_trials\cellula_MI_data_2131.csv,left,False
2132,../data/processed/filtered_trials\cellula_MI_data_2132.csv,right,False
2133,../data/processed/filtered_trials\cellula_MI_data_2133.csv,right,False
2134,../data/processed/filtered_trials\cellula_MI_data_2134.csv,right,False
2135,../data/processed/filtered_trials\cellula_MI_data_2135.csv,right,False
2136,../data/processed/filtered_trials\cellula_MI_data_2136.csv,right,False
2137,../data/processed/filtered_trials\cellula_MI_data_2137.csv,left,False
2138,../data/processed/filtered_trials\cellula_MI_data_2138.csv,left,False
2139,../data/processed/filtered_trials\cellula_MI_data_2139.csv,right,False
2140,../data/processed/filtered_trials\cellula_MI_data_2140.csv,left,False
2141,../data/processed/filtered_trials\cellula_MI_data_2141.csv,right,False
2142,../data/processed/filtered_trials\cellula_MI_data_2142.csv,left,False
2143,../data/processed/filtered_trials\cellula_MI_data_2143.csv,left,False
2144,../data/processed/filtered_trials\cellula_MI_data_2144.csv,left,False
2145,../data/processed/filtered_trials\cellula_MI_data_2145.csv,right,False
2146,../data/processed/filtered_trials\cellula_MI_data_2146.csv,left,False
2147,../data/processed/filtered_trials\cellula_MI_data_2147.csv,left,False
2148,../data/processed/filtered_trials\cellula_MI_data_2148.csv,right,False
2149,../data/processed/filtered_trials\cellula_MI_data_2149.csv,right,False
2150,../data/processed/filtered_trials\cellula_MI_data_2150.csv,right,False
2151,../data/processed/filtered_trials\cellula_MI_data_2151.csv,left,False
2152,../data/processed/filtered_trials\cellula_MI_data_2152.csv,right,False
2153,../data/processed/filtered_trials\cellula_MI_data_2153.csv,left,False
2154,../data/processed/filtered_trials\cellula_MI_data_2154.csv,left,False
2155,../data/processed/filtered_trials\cellula_MI_data_2155.csv,left,False
2156,../data/processed/filtered_trials\cellula_MI_data_2156.csv,left,False
2157,../data/processed/filtered_trials\cellula_MI_data_2157.csv,left,False
2158,../data/processed/filtered_trials\cellula_MI_data_2158.csv,right,False
2159,../data/processed/filtered_trials\cellula_MI_data_2159.csv,right,False
2160,../data/processed/filtered_trials\cellula_MI_data_2160.csv,right,False
