trial_id,file_path,label
1,../data/processed/rereferenced_trials\cellula_MI_data_1.csv,left
2,../data/processed/rereferenced_trials\cellula_MI_data_2.csv,right
3,../data/processed/rereferenced_trials\cellula_MI_data_3.csv,left
4,../data/processed/rereferenced_trials\cellula_MI_data_4.csv,left
5,../data/processed/rereferenced_trials\cellula_MI_data_5.csv,left
6,../data/processed/rereferenced_trials\cellula_MI_data_6.csv,right
7,../data/processed/rereferenced_trials\cellula_MI_data_7.csv,right
8,../data/processed/rereferenced_trials\cellula_MI_data_8.csv,left
9,../data/processed/rereferenced_trials\cellula_MI_data_9.csv,left
10,../data/processed/rereferenced_trials\cellula_MI_data_10.csv,right
11,../data/processed/rereferenced_trials\cellula_MI_data_11.csv,left
12,../data/processed/rereferenced_trials\cellula_MI_data_12.csv,right
13,../data/processed/rereferenced_trials\cellula_MI_data_13.csv,left
14,../data/processed/rereferenced_trials\cellula_MI_data_14.csv,left
15,../data/processed/rereferenced_trials\cellula_MI_data_15.csv,left
16,../data/processed/rereferenced_trials\cellula_MI_data_16.csv,right
17,../data/processed/rereferenced_trials\cellula_MI_data_17.csv,right
18,../data/processed/rereferenced_trials\cellula_MI_data_18.csv,left
19,../data/processed/rereferenced_trials\cellula_MI_data_19.csv,right
20,../data/processed/rereferenced_trials\cellula_MI_data_20.csv,left
21,../data/processed/rereferenced_trials\cellula_MI_data_21.csv,right
22,../data/processed/rereferenced_trials\cellula_MI_data_22.csv,left
23,../data/processed/rereferenced_trials\cellula_MI_data_23.csv,left
24,../data/processed/rereferenced_trials\cellula_MI_data_24.csv,left
25,../data/processed/rereferenced_trials\cellula_MI_data_25.csv,left
26,../data/processed/rereferenced_trials\cellula_MI_data_26.csv,right
27,../data/processed/rereferenced_trials\cellula_MI_data_27.csv,right
28,../data/processed/rereferenced_trials\cellula_MI_data_28.csv,right
29,../data/processed/rereferenced_trials\cellula_MI_data_29.csv,left
30,../data/processed/rereferenced_trials\cellula_MI_data_30.csv,right
31,../data/processed/rereferenced_trials\cellula_MI_data_31.csv,left
32,../data/processed/rereferenced_trials\cellula_MI_data_32.csv,left
33,../data/processed/rereferenced_trials\cellula_MI_data_33.csv,left
34,../data/processed/rereferenced_trials\cellula_MI_data_34.csv,right
35,../data/processed/rereferenced_trials\cellula_MI_data_35.csv,left
36,../data/processed/rereferenced_trials\cellula_MI_data_36.csv,right
37,../data/processed/rereferenced_trials\cellula_MI_data_37.csv,right
38,../data/processed/rereferenced_trials\cellula_MI_data_38.csv,left
39,../data/processed/rereferenced_trials\cellula_MI_data_39.csv,right
40,../data/processed/rereferenced_trials\cellula_MI_data_40.csv,left
41,../data/processed/rereferenced_trials\cellula_MI_data_41.csv,left
42,../data/processed/rereferenced_trials\cellula_MI_data_42.csv,left
43,../data/processed/rereferenced_trials\cellula_MI_data_43.csv,left
44,../data/processed/rereferenced_trials\cellula_MI_data_44.csv,right
45,../data/processed/rereferenced_trials\cellula_MI_data_45.csv,left
46,../data/processed/rereferenced_trials\cellula_MI_data_46.csv,left
47,../data/processed/rereferenced_trials\cellula_MI_data_47.csv,right
48,../data/processed/rereferenced_trials\cellula_MI_data_48.csv,right
49,../data/processed/rereferenced_trials\cellula_MI_data_49.csv,right
50,../data/processed/rereferenced_trials\cellula_MI_data_50.csv,right
51,../data/processed/rereferenced_trials\cellula_MI_data_51.csv,right
52,../data/processed/rereferenced_trials\cellula_MI_data_52.csv,right
53,../data/processed/rereferenced_trials\cellula_MI_data_53.csv,right
54,../data/processed/rereferenced_trials\cellula_MI_data_54.csv,left
55,../data/processed/rereferenced_trials\cellula_MI_data_55.csv,right
56,../data/processed/rereferenced_trials\cellula_MI_data_56.csv,right
57,../data/processed/rereferenced_trials\cellula_MI_data_57.csv,right
58,../data/processed/rereferenced_trials\cellula_MI_data_58.csv,left
59,../data/processed/rereferenced_trials\cellula_MI_data_59.csv,left
60,../data/processed/rereferenced_trials\cellula_MI_data_60.csv,right
61,../data/processed/rereferenced_trials\cellula_MI_data_61.csv,left
62,../data/processed/rereferenced_trials\cellula_MI_data_62.csv,left
63,../data/processed/rereferenced_trials\cellula_MI_data_63.csv,left
64,../data/processed/rereferenced_trials\cellula_MI_data_64.csv,left
65,../data/processed/rereferenced_trials\cellula_MI_data_65.csv,left
66,../data/processed/rereferenced_trials\cellula_MI_data_66.csv,right
67,../data/processed/rereferenced_trials\cellula_MI_data_67.csv,right
68,../data/processed/rereferenced_trials\cellula_MI_data_68.csv,left
69,../data/processed/rereferenced_trials\cellula_MI_data_69.csv,left
70,../data/processed/rereferenced_trials\cellula_MI_data_70.csv,left
71,../data/processed/rereferenced_trials\cellula_MI_data_71.csv,right
72,../data/processed/rereferenced_trials\cellula_MI_data_72.csv,right
73,../data/processed/rereferenced_trials\cellula_MI_data_73.csv,right
74,../data/processed/rereferenced_trials\cellula_MI_data_74.csv,right
75,../data/processed/rereferenced_trials\cellula_MI_data_75.csv,left
76,../data/processed/rereferenced_trials\cellula_MI_data_76.csv,left
77,../data/processed/rereferenced_trials\cellula_MI_data_77.csv,left
78,../data/processed/rereferenced_trials\cellula_MI_data_78.csv,right
79,../data/processed/rereferenced_trials\cellula_MI_data_79.csv,right
80,../data/processed/rereferenced_trials\cellula_MI_data_80.csv,left
81,../data/processed/rereferenced_trials\cellula_MI_data_81.csv,right
82,../data/processed/rereferenced_trials\cellula_MI_data_82.csv,left
83,../data/processed/rereferenced_trials\cellula_MI_data_83.csv,left
84,../data/processed/rereferenced_trials\cellula_MI_data_84.csv,left
85,../data/processed/rereferenced_trials\cellula_MI_data_85.csv,right
86,../data/processed/rereferenced_trials\cellula_MI_data_86.csv,right
87,../data/processed/rereferenced_trials\cellula_MI_data_87.csv,left
88,../data/processed/rereferenced_trials\cellula_MI_data_88.csv,right
89,../data/processed/rereferenced_trials\cellula_MI_data_89.csv,right
90,../data/processed/rereferenced_trials\cellula_MI_data_90.csv,right
91,../data/processed/rereferenced_trials\cellula_MI_data_91.csv,left
92,../data/processed/rereferenced_trials\cellula_MI_data_92.csv,left
93,../data/processed/rereferenced_trials\cellula_MI_data_93.csv,right
94,../data/processed/rereferenced_trials\cellula_MI_data_94.csv,right
95,../data/processed/rereferenced_trials\cellula_MI_data_95.csv,right
96,../data/processed/rereferenced_trials\cellula_MI_data_96.csv,right
97,../data/processed/rereferenced_trials\cellula_MI_data_97.csv,left
98,../data/processed/rereferenced_trials\cellula_MI_data_98.csv,left
99,../data/processed/rereferenced_trials\cellula_MI_data_99.csv,right
100,../data/processed/rereferenced_trials\cellula_MI_data_100.csv,left
101,../data/processed/rereferenced_trials\cellula_MI_data_101.csv,left
102,../data/processed/rereferenced_trials\cellula_MI_data_102.csv,right
103,../data/processed/rereferenced_trials\cellula_MI_data_103.csv,left
104,../data/processed/rereferenced_trials\cellula_MI_data_104.csv,right
105,../data/processed/rereferenced_trials\cellula_MI_data_105.csv,left
106,../data/processed/rereferenced_trials\cellula_MI_data_106.csv,left
107,../data/processed/rereferenced_trials\cellula_MI_data_107.csv,right
108,../data/processed/rereferenced_trials\cellula_MI_data_108.csv,left
109,../data/processed/rereferenced_trials\cellula_MI_data_109.csv,right
110,../data/processed/rereferenced_trials\cellula_MI_data_110.csv,right
111,../data/processed/rereferenced_trials\cellula_MI_data_111.csv,left
112,../data/processed/rereferenced_trials\cellula_MI_data_112.csv,left
113,../data/processed/rereferenced_trials\cellula_MI_data_113.csv,right
114,../data/processed/rereferenced_trials\cellula_MI_data_114.csv,left
115,../data/processed/rereferenced_trials\cellula_MI_data_115.csv,left
116,../data/processed/rereferenced_trials\cellula_MI_data_116.csv,left
117,../data/processed/rereferenced_trials\cellula_MI_data_117.csv,left
118,../data/processed/rereferenced_trials\cellula_MI_data_118.csv,right
119,../data/processed/rereferenced_trials\cellula_MI_data_119.csv,left
120,../data/processed/rereferenced_trials\cellula_MI_data_120.csv,left
121,../data/processed/rereferenced_trials\cellula_MI_data_121.csv,left
122,../data/processed/rereferenced_trials\cellula_MI_data_122.csv,right
123,../data/processed/rereferenced_trials\cellula_MI_data_123.csv,left
124,../data/processed/rereferenced_trials\cellula_MI_data_124.csv,left
125,../data/processed/rereferenced_trials\cellula_MI_data_125.csv,left
126,../data/processed/rereferenced_trials\cellula_MI_data_126.csv,left
127,../data/processed/rereferenced_trials\cellula_MI_data_127.csv,right
128,../data/processed/rereferenced_trials\cellula_MI_data_128.csv,right
129,../data/processed/rereferenced_trials\cellula_MI_data_129.csv,right
130,../data/processed/rereferenced_trials\cellula_MI_data_130.csv,left
131,../data/processed/rereferenced_trials\cellula_MI_data_131.csv,right
132,../data/processed/rereferenced_trials\cellula_MI_data_132.csv,left
133,../data/processed/rereferenced_trials\cellula_MI_data_133.csv,right
134,../data/processed/rereferenced_trials\cellula_MI_data_134.csv,left
135,../data/processed/rereferenced_trials\cellula_MI_data_135.csv,left
136,../data/processed/rereferenced_trials\cellula_MI_data_136.csv,right
137,../data/processed/rereferenced_trials\cellula_MI_data_137.csv,right
138,../data/processed/rereferenced_trials\cellula_MI_data_138.csv,right
139,../data/processed/rereferenced_trials\cellula_MI_data_139.csv,left
140,../data/processed/rereferenced_trials\cellula_MI_data_140.csv,right
141,../data/processed/rereferenced_trials\cellula_MI_data_141.csv,left
142,../data/processed/rereferenced_trials\cellula_MI_data_142.csv,right
143,../data/processed/rereferenced_trials\cellula_MI_data_143.csv,right
144,../data/processed/rereferenced_trials\cellula_MI_data_144.csv,right
145,../data/processed/rereferenced_trials\cellula_MI_data_145.csv,right
146,../data/processed/rereferenced_trials\cellula_MI_data_146.csv,left
147,../data/processed/rereferenced_trials\cellula_MI_data_147.csv,left
148,../data/processed/rereferenced_trials\cellula_MI_data_148.csv,right
149,../data/processed/rereferenced_trials\cellula_MI_data_149.csv,right
150,../data/processed/rereferenced_trials\cellula_MI_data_150.csv,right
151,../data/processed/rereferenced_trials\cellula_MI_data_151.csv,right
152,../data/processed/rereferenced_trials\cellula_MI_data_152.csv,left
153,../data/processed/rereferenced_trials\cellula_MI_data_153.csv,right
154,../data/processed/rereferenced_trials\cellula_MI_data_154.csv,right
155,../data/processed/rereferenced_trials\cellula_MI_data_155.csv,left
156,../data/processed/rereferenced_trials\cellula_MI_data_156.csv,left
157,../data/processed/rereferenced_trials\cellula_MI_data_157.csv,left
158,../data/processed/rereferenced_trials\cellula_MI_data_158.csv,left
159,../data/processed/rereferenced_trials\cellula_MI_data_159.csv,left
160,../data/processed/rereferenced_trials\cellula_MI_data_160.csv,right
161,../data/processed/rereferenced_trials\cellula_MI_data_161.csv,left
162,../data/processed/rereferenced_trials\cellula_MI_data_162.csv,left
163,../data/processed/rereferenced_trials\cellula_MI_data_163.csv,right
164,../data/processed/rereferenced_trials\cellula_MI_data_164.csv,left
165,../data/processed/rereferenced_trials\cellula_MI_data_165.csv,right
166,../data/processed/rereferenced_trials\cellula_MI_data_166.csv,left
167,../data/processed/rereferenced_trials\cellula_MI_data_167.csv,right
168,../data/processed/rereferenced_trials\cellula_MI_data_168.csv,right
169,../data/processed/rereferenced_trials\cellula_MI_data_169.csv,right
170,../data/processed/rereferenced_trials\cellula_MI_data_170.csv,left
171,../data/processed/rereferenced_trials\cellula_MI_data_171.csv,left
172,../data/processed/rereferenced_trials\cellula_MI_data_172.csv,left
173,../data/processed/rereferenced_trials\cellula_MI_data_173.csv,left
174,../data/processed/rereferenced_trials\cellula_MI_data_174.csv,right
175,../data/processed/rereferenced_trials\cellula_MI_data_175.csv,left
176,../data/processed/rereferenced_trials\cellula_MI_data_176.csv,left
177,../data/processed/rereferenced_trials\cellula_MI_data_177.csv,right
178,../data/processed/rereferenced_trials\cellula_MI_data_178.csv,right
179,../data/processed/rereferenced_trials\cellula_MI_data_179.csv,right
180,../data/processed/rereferenced_trials\cellula_MI_data_180.csv,left
181,../data/processed/rereferenced_trials\cellula_MI_data_181.csv,left
182,../data/processed/rereferenced_trials\cellula_MI_data_182.csv,left
183,../data/processed/rereferenced_trials\cellula_MI_data_183.csv,right
184,../data/processed/rereferenced_trials\cellula_MI_data_184.csv,left
185,../data/processed/rereferenced_trials\cellula_MI_data_185.csv,left
186,../data/processed/rereferenced_trials\cellula_MI_data_186.csv,right
187,../data/processed/rereferenced_trials\cellula_MI_data_187.csv,left
188,../data/processed/rereferenced_trials\cellula_MI_data_188.csv,left
189,../data/processed/rereferenced_trials\cellula_MI_data_189.csv,right
190,../data/processed/rereferenced_trials\cellula_MI_data_190.csv,right
191,../data/processed/rereferenced_trials\cellula_MI_data_191.csv,right
192,../data/processed/rereferenced_trials\cellula_MI_data_192.csv,right
193,../data/processed/rereferenced_trials\cellula_MI_data_193.csv,right
194,../data/processed/rereferenced_trials\cellula_MI_data_194.csv,left
195,../data/processed/rereferenced_trials\cellula_MI_data_195.csv,right
196,../data/processed/rereferenced_trials\cellula_MI_data_196.csv,right
197,../data/processed/rereferenced_trials\cellula_MI_data_197.csv,left
198,../data/processed/rereferenced_trials\cellula_MI_data_198.csv,left
199,../data/processed/rereferenced_trials\cellula_MI_data_199.csv,left
200,../data/processed/rereferenced_trials\cellula_MI_data_200.csv,right
201,../data/processed/rereferenced_trials\cellula_MI_data_201.csv,left
202,../data/processed/rereferenced_trials\cellula_MI_data_202.csv,right
203,../data/processed/rereferenced_trials\cellula_MI_data_203.csv,right
204,../data/processed/rereferenced_trials\cellula_MI_data_204.csv,right
205,../data/processed/rereferenced_trials\cellula_MI_data_205.csv,left
206,../data/processed/rereferenced_trials\cellula_MI_data_206.csv,left
207,../data/processed/rereferenced_trials\cellula_MI_data_207.csv,right
208,../data/processed/rereferenced_trials\cellula_MI_data_208.csv,left
209,../data/processed/rereferenced_trials\cellula_MI_data_209.csv,left
210,../data/processed/rereferenced_trials\cellula_MI_data_210.csv,left
211,../data/processed/rereferenced_trials\cellula_MI_data_211.csv,right
212,../data/processed/rereferenced_trials\cellula_MI_data_212.csv,left
213,../data/processed/rereferenced_trials\cellula_MI_data_213.csv,right
214,../data/processed/rereferenced_trials\cellula_MI_data_214.csv,left
215,../data/processed/rereferenced_trials\cellula_MI_data_215.csv,left
216,../data/processed/rereferenced_trials\cellula_MI_data_216.csv,right
217,../data/processed/rereferenced_trials\cellula_MI_data_217.csv,left
218,../data/processed/rereferenced_trials\cellula_MI_data_218.csv,left
219,../data/processed/rereferenced_trials\cellula_MI_data_219.csv,left
220,../data/processed/rereferenced_trials\cellula_MI_data_220.csv,left
221,../data/processed/rereferenced_trials\cellula_MI_data_221.csv,right
222,../data/processed/rereferenced_trials\cellula_MI_data_222.csv,right
223,../data/processed/rereferenced_trials\cellula_MI_data_223.csv,right
224,../data/processed/rereferenced_trials\cellula_MI_data_224.csv,left
225,../data/processed/rereferenced_trials\cellula_MI_data_225.csv,left
226,../data/processed/rereferenced_trials\cellula_MI_data_226.csv,right
227,../data/processed/rereferenced_trials\cellula_MI_data_227.csv,right
228,../data/processed/rereferenced_trials\cellula_MI_data_228.csv,right
229,../data/processed/rereferenced_trials\cellula_MI_data_229.csv,right
230,../data/processed/rereferenced_trials\cellula_MI_data_230.csv,right
231,../data/processed/rereferenced_trials\cellula_MI_data_231.csv,left
232,../data/processed/rereferenced_trials\cellula_MI_data_232.csv,right
233,../data/processed/rereferenced_trials\cellula_MI_data_233.csv,right
234,../data/processed/rereferenced_trials\cellula_MI_data_234.csv,left
235,../data/processed/rereferenced_trials\cellula_MI_data_235.csv,left
236,../data/processed/rereferenced_trials\cellula_MI_data_236.csv,right
237,../data/processed/rereferenced_trials\cellula_MI_data_237.csv,left
238,../data/processed/rereferenced_trials\cellula_MI_data_238.csv,right
239,../data/processed/rereferenced_trials\cellula_MI_data_239.csv,left
240,../data/processed/rereferenced_trials\cellula_MI_data_240.csv,left
241,../data/processed/rereferenced_trials\cellula_MI_data_241.csv,right
242,../data/processed/rereferenced_trials\cellula_MI_data_242.csv,right
243,../data/processed/rereferenced_trials\cellula_MI_data_243.csv,left
244,../data/processed/rereferenced_trials\cellula_MI_data_244.csv,right
245,../data/processed/rereferenced_trials\cellula_MI_data_245.csv,left
246,../data/processed/rereferenced_trials\cellula_MI_data_246.csv,left
247,../data/processed/rereferenced_trials\cellula_MI_data_247.csv,right
248,../data/processed/rereferenced_trials\cellula_MI_data_248.csv,right
249,../data/processed/rereferenced_trials\cellula_MI_data_249.csv,right
250,../data/processed/rereferenced_trials\cellula_MI_data_250.csv,right
251,../data/processed/rereferenced_trials\cellula_MI_data_251.csv,left
252,../data/processed/rereferenced_trials\cellula_MI_data_252.csv,right
253,../data/processed/rereferenced_trials\cellula_MI_data_253.csv,left
254,../data/processed/rereferenced_trials\cellula_MI_data_254.csv,right
255,../data/processed/rereferenced_trials\cellula_MI_data_255.csv,right
256,../data/processed/rereferenced_trials\cellula_MI_data_256.csv,right
257,../data/processed/rereferenced_trials\cellula_MI_data_257.csv,left
258,../data/processed/rereferenced_trials\cellula_MI_data_258.csv,left
259,../data/processed/rereferenced_trials\cellula_MI_data_259.csv,right
260,../data/processed/rereferenced_trials\cellula_MI_data_260.csv,right
261,../data/processed/rereferenced_trials\cellula_MI_data_261.csv,left
262,../data/processed/rereferenced_trials\cellula_MI_data_262.csv,left
263,../data/processed/rereferenced_trials\cellula_MI_data_263.csv,left
264,../data/processed/rereferenced_trials\cellula_MI_data_264.csv,left
265,../data/processed/rereferenced_trials\cellula_MI_data_265.csv,right
266,../data/processed/rereferenced_trials\cellula_MI_data_266.csv,left
267,../data/processed/rereferenced_trials\cellula_MI_data_267.csv,left
268,../data/processed/rereferenced_trials\cellula_MI_data_268.csv,left
269,../data/processed/rereferenced_trials\cellula_MI_data_269.csv,left
270,../data/processed/rereferenced_trials\cellula_MI_data_270.csv,right
271,../data/processed/rereferenced_trials\cellula_MI_data_271.csv,left
272,../data/processed/rereferenced_trials\cellula_MI_data_272.csv,right
273,../data/processed/rereferenced_trials\cellula_MI_data_273.csv,right
274,../data/processed/rereferenced_trials\cellula_MI_data_274.csv,right
275,../data/processed/rereferenced_trials\cellula_MI_data_275.csv,left
276,../data/processed/rereferenced_trials\cellula_MI_data_276.csv,right
277,../data/processed/rereferenced_trials\cellula_MI_data_277.csv,left
278,../data/processed/rereferenced_trials\cellula_MI_data_278.csv,left
279,../data/processed/rereferenced_trials\cellula_MI_data_279.csv,left
280,../data/processed/rereferenced_trials\cellula_MI_data_280.csv,left
281,../data/processed/rereferenced_trials\cellula_MI_data_281.csv,left
282,../data/processed/rereferenced_trials\cellula_MI_data_282.csv,right
283,../data/processed/rereferenced_trials\cellula_MI_data_283.csv,right
284,../data/processed/rereferenced_trials\cellula_MI_data_284.csv,right
285,../data/processed/rereferenced_trials\cellula_MI_data_285.csv,right
286,../data/processed/rereferenced_trials\cellula_MI_data_286.csv,right
287,../data/processed/rereferenced_trials\cellula_MI_data_287.csv,right
288,../data/processed/rereferenced_trials\cellula_MI_data_288.csv,right
289,../data/processed/rereferenced_trials\cellula_MI_data_289.csv,left
290,../data/processed/rereferenced_trials\cellula_MI_data_290.csv,left
291,../data/processed/rereferenced_trials\cellula_MI_data_291.csv,right
292,../data/processed/rereferenced_trials\cellula_MI_data_292.csv,left
293,../data/processed/rereferenced_trials\cellula_MI_data_293.csv,left
294,../data/processed/rereferenced_trials\cellula_MI_data_294.csv,right
295,../data/processed/rereferenced_trials\cellula_MI_data_295.csv,right
296,../data/processed/rereferenced_trials\cellula_MI_data_296.csv,left
297,../data/processed/rereferenced_trials\cellula_MI_data_297.csv,left
298,../data/processed/rereferenced_trials\cellula_MI_data_298.csv,left
299,../data/processed/rereferenced_trials\cellula_MI_data_299.csv,right
300,../data/processed/rereferenced_trials\cellula_MI_data_300.csv,right
301,../data/processed/rereferenced_trials\cellula_MI_data_301.csv,right
302,../data/processed/rereferenced_trials\cellula_MI_data_302.csv,right
303,../data/processed/rereferenced_trials\cellula_MI_data_303.csv,right
304,../data/processed/rereferenced_trials\cellula_MI_data_304.csv,left
305,../data/processed/rereferenced_trials\cellula_MI_data_305.csv,right
306,../data/processed/rereferenced_trials\cellula_MI_data_306.csv,left
307,../data/processed/rereferenced_trials\cellula_MI_data_307.csv,right
308,../data/processed/rereferenced_trials\cellula_MI_data_308.csv,right
309,../data/processed/rereferenced_trials\cellula_MI_data_309.csv,right
310,../data/processed/rereferenced_trials\cellula_MI_data_310.csv,left
311,../data/processed/rereferenced_trials\cellula_MI_data_311.csv,right
312,../data/processed/rereferenced_trials\cellula_MI_data_312.csv,left
313,../data/processed/rereferenced_trials\cellula_MI_data_313.csv,right
314,../data/processed/rereferenced_trials\cellula_MI_data_314.csv,left
315,../data/processed/rereferenced_trials\cellula_MI_data_315.csv,left
316,../data/processed/rereferenced_trials\cellula_MI_data_316.csv,left
317,../data/processed/rereferenced_trials\cellula_MI_data_317.csv,left
318,../data/processed/rereferenced_trials\cellula_MI_data_318.csv,left
319,../data/processed/rereferenced_trials\cellula_MI_data_319.csv,right
320,../data/processed/rereferenced_trials\cellula_MI_data_320.csv,left
321,../data/processed/rereferenced_trials\cellula_MI_data_321.csv,right
322,../data/processed/rereferenced_trials\cellula_MI_data_322.csv,left
323,../data/processed/rereferenced_trials\cellula_MI_data_323.csv,right
324,../data/processed/rereferenced_trials\cellula_MI_data_324.csv,left
325,../data/processed/rereferenced_trials\cellula_MI_data_325.csv,right
326,../data/processed/rereferenced_trials\cellula_MI_data_326.csv,right
327,../data/processed/rereferenced_trials\cellula_MI_data_327.csv,left
328,../data/processed/rereferenced_trials\cellula_MI_data_328.csv,right
329,../data/processed/rereferenced_trials\cellula_MI_data_329.csv,right
330,../data/processed/rereferenced_trials\cellula_MI_data_330.csv,left
331,../data/processed/rereferenced_trials\cellula_MI_data_331.csv,right
332,../data/processed/rereferenced_trials\cellula_MI_data_332.csv,left
333,../data/processed/rereferenced_trials\cellula_MI_data_333.csv,right
334,../data/processed/rereferenced_trials\cellula_MI_data_334.csv,left
335,../data/processed/rereferenced_trials\cellula_MI_data_335.csv,left
336,../data/processed/rereferenced_trials\cellula_MI_data_336.csv,left
337,../data/processed/rereferenced_trials\cellula_MI_data_337.csv,left
338,../data/processed/rereferenced_trials\cellula_MI_data_338.csv,left
339,../data/processed/rereferenced_trials\cellula_MI_data_339.csv,left
340,../data/processed/rereferenced_trials\cellula_MI_data_340.csv,left
341,../data/processed/rereferenced_trials\cellula_MI_data_341.csv,right
342,../data/processed/rereferenced_trials\cellula_MI_data_342.csv,left
343,../data/processed/rereferenced_trials\cellula_MI_data_343.csv,left
344,../data/processed/rereferenced_trials\cellula_MI_data_344.csv,left
345,../data/processed/rereferenced_trials\cellula_MI_data_345.csv,right
346,../data/processed/rereferenced_trials\cellula_MI_data_346.csv,right
347,../data/processed/rereferenced_trials\cellula_MI_data_347.csv,left
348,../data/processed/rereferenced_trials\cellula_MI_data_348.csv,right
349,../data/processed/rereferenced_trials\cellula_MI_data_349.csv,right
350,../data/processed/rereferenced_trials\cellula_MI_data_350.csv,left
351,../data/processed/rereferenced_trials\cellula_MI_data_351.csv,right
352,../data/processed/rereferenced_trials\cellula_MI_data_352.csv,right
353,../data/processed/rereferenced_trials\cellula_MI_data_353.csv,right
354,../data/processed/rereferenced_trials\cellula_MI_data_354.csv,right
355,../data/processed/rereferenced_trials\cellula_MI_data_355.csv,right
356,../data/processed/rereferenced_trials\cellula_MI_data_356.csv,left
357,../data/processed/rereferenced_trials\cellula_MI_data_357.csv,left
358,../data/processed/rereferenced_trials\cellula_MI_data_358.csv,right
359,../data/processed/rereferenced_trials\cellula_MI_data_359.csv,left
360,../data/processed/rereferenced_trials\cellula_MI_data_360.csv,left
361,../data/processed/rereferenced_trials\cellula_MI_data_361.csv,left
362,../data/processed/rereferenced_trials\cellula_MI_data_362.csv,left
363,../data/processed/rereferenced_trials\cellula_MI_data_363.csv,left
364,../data/processed/rereferenced_trials\cellula_MI_data_364.csv,right
365,../data/processed/rereferenced_trials\cellula_MI_data_365.csv,left
366,../data/processed/rereferenced_trials\cellula_MI_data_366.csv,left
367,../data/processed/rereferenced_trials\cellula_MI_data_367.csv,right
368,../data/processed/rereferenced_trials\cellula_MI_data_368.csv,right
369,../data/processed/rereferenced_trials\cellula_MI_data_369.csv,right
370,../data/processed/rereferenced_trials\cellula_MI_data_370.csv,right
371,../data/processed/rereferenced_trials\cellula_MI_data_371.csv,left
372,../data/processed/rereferenced_trials\cellula_MI_data_372.csv,right
373,../data/processed/rereferenced_trials\cellula_MI_data_373.csv,right
374,../data/processed/rereferenced_trials\cellula_MI_data_374.csv,left
375,../data/processed/rereferenced_trials\cellula_MI_data_375.csv,left
376,../data/processed/rereferenced_trials\cellula_MI_data_376.csv,left
377,../data/processed/rereferenced_trials\cellula_MI_data_377.csv,left
378,../data/processed/rereferenced_trials\cellula_MI_data_378.csv,left
379,../data/processed/rereferenced_trials\cellula_MI_data_379.csv,left
380,../data/processed/rereferenced_trials\cellula_MI_data_380.csv,right
381,../data/processed/rereferenced_trials\cellula_MI_data_381.csv,left
382,../data/processed/rereferenced_trials\cellula_MI_data_382.csv,left
383,../data/processed/rereferenced_trials\cellula_MI_data_383.csv,left
384,../data/processed/rereferenced_trials\cellula_MI_data_384.csv,right
385,../data/processed/rereferenced_trials\cellula_MI_data_385.csv,left
386,../data/processed/rereferenced_trials\cellula_MI_data_386.csv,left
387,../data/processed/rereferenced_trials\cellula_MI_data_387.csv,left
388,../data/processed/rereferenced_trials\cellula_MI_data_388.csv,right
389,../data/processed/rereferenced_trials\cellula_MI_data_389.csv,right
390,../data/processed/rereferenced_trials\cellula_MI_data_390.csv,right
391,../data/processed/rereferenced_trials\cellula_MI_data_391.csv,right
392,../data/processed/rereferenced_trials\cellula_MI_data_392.csv,right
393,../data/processed/rereferenced_trials\cellula_MI_data_393.csv,left
394,../data/processed/rereferenced_trials\cellula_MI_data_394.csv,left
395,../data/processed/rereferenced_trials\cellula_MI_data_395.csv,left
396,../data/processed/rereferenced_trials\cellula_MI_data_396.csv,left
397,../data/processed/rereferenced_trials\cellula_MI_data_397.csv,left
398,../data/processed/rereferenced_trials\cellula_MI_data_398.csv,right
399,../data/processed/rereferenced_trials\cellula_MI_data_399.csv,right
400,../data/processed/rereferenced_trials\cellula_MI_data_400.csv,right
401,../data/processed/rereferenced_trials\cellula_MI_data_401.csv,left
402,../data/processed/rereferenced_trials\cellula_MI_data_402.csv,right
403,../data/processed/rereferenced_trials\cellula_MI_data_403.csv,right
404,../data/processed/rereferenced_trials\cellula_MI_data_404.csv,left
405,../data/processed/rereferenced_trials\cellula_MI_data_405.csv,left
406,../data/processed/rereferenced_trials\cellula_MI_data_406.csv,left
407,../data/processed/rereferenced_trials\cellula_MI_data_407.csv,right
408,../data/processed/rereferenced_trials\cellula_MI_data_408.csv,right
409,../data/processed/rereferenced_trials\cellula_MI_data_409.csv,left
410,../data/processed/rereferenced_trials\cellula_MI_data_410.csv,left
411,../data/processed/rereferenced_trials\cellula_MI_data_411.csv,left
412,../data/processed/rereferenced_trials\cellula_MI_data_412.csv,left
413,../data/processed/rereferenced_trials\cellula_MI_data_413.csv,right
414,../data/processed/rereferenced_trials\cellula_MI_data_414.csv,left
415,../data/processed/rereferenced_trials\cellula_MI_data_415.csv,left
416,../data/processed/rereferenced_trials\cellula_MI_data_416.csv,right
417,../data/processed/rereferenced_trials\cellula_MI_data_417.csv,left
418,../data/processed/rereferenced_trials\cellula_MI_data_418.csv,left
419,../data/processed/rereferenced_trials\cellula_MI_data_419.csv,left
420,../data/processed/rereferenced_trials\cellula_MI_data_420.csv,right
421,../data/processed/rereferenced_trials\cellula_MI_data_421.csv,right
422,../data/processed/rereferenced_trials\cellula_MI_data_422.csv,left
423,../data/processed/rereferenced_trials\cellula_MI_data_423.csv,left
424,../data/processed/rereferenced_trials\cellula_MI_data_424.csv,right
425,../data/processed/rereferenced_trials\cellula_MI_data_425.csv,left
426,../data/processed/rereferenced_trials\cellula_MI_data_426.csv,right
427,../data/processed/rereferenced_trials\cellula_MI_data_427.csv,left
428,../data/processed/rereferenced_trials\cellula_MI_data_428.csv,left
429,../data/processed/rereferenced_trials\cellula_MI_data_429.csv,left
430,../data/processed/rereferenced_trials\cellula_MI_data_430.csv,right
431,../data/processed/rereferenced_trials\cellula_MI_data_431.csv,right
432,../data/processed/rereferenced_trials\cellula_MI_data_432.csv,right
433,../data/processed/rereferenced_trials\cellula_MI_data_433.csv,right
434,../data/processed/rereferenced_trials\cellula_MI_data_434.csv,right
435,../data/processed/rereferenced_trials\cellula_MI_data_435.csv,left
436,../data/processed/rereferenced_trials\cellula_MI_data_436.csv,left
437,../data/processed/rereferenced_trials\cellula_MI_data_437.csv,right
438,../data/processed/rereferenced_trials\cellula_MI_data_438.csv,left
439,../data/processed/rereferenced_trials\cellula_MI_data_439.csv,left
440,../data/processed/rereferenced_trials\cellula_MI_data_440.csv,left
441,../data/processed/rereferenced_trials\cellula_MI_data_441.csv,right
442,../data/processed/rereferenced_trials\cellula_MI_data_442.csv,left
443,../data/processed/rereferenced_trials\cellula_MI_data_443.csv,right
444,../data/processed/rereferenced_trials\cellula_MI_data_444.csv,right
445,../data/processed/rereferenced_trials\cellula_MI_data_445.csv,right
446,../data/processed/rereferenced_trials\cellula_MI_data_446.csv,left
447,../data/processed/rereferenced_trials\cellula_MI_data_447.csv,left
448,../data/processed/rereferenced_trials\cellula_MI_data_448.csv,left
449,../data/processed/rereferenced_trials\cellula_MI_data_449.csv,left
450,../data/processed/rereferenced_trials\cellula_MI_data_450.csv,right
451,../data/processed/rereferenced_trials\cellula_MI_data_451.csv,right
452,../data/processed/rereferenced_trials\cellula_MI_data_452.csv,right
453,../data/processed/rereferenced_trials\cellula_MI_data_453.csv,left
454,../data/processed/rereferenced_trials\cellula_MI_data_454.csv,right
455,../data/processed/rereferenced_trials\cellula_MI_data_455.csv,left
456,../data/processed/rereferenced_trials\cellula_MI_data_456.csv,left
457,../data/processed/rereferenced_trials\cellula_MI_data_457.csv,right
458,../data/processed/rereferenced_trials\cellula_MI_data_458.csv,right
459,../data/processed/rereferenced_trials\cellula_MI_data_459.csv,right
505,../data/processed/rereferenced_trials\cellula_MI_data_505.csv,left
506,../data/processed/rereferenced_trials\cellula_MI_data_506.csv,left
507,../data/processed/rereferenced_trials\cellula_MI_data_507.csv,left
508,../data/processed/rereferenced_trials\cellula_MI_data_508.csv,left
509,../data/processed/rereferenced_trials\cellula_MI_data_509.csv,left
510,../data/processed/rereferenced_trials\cellula_MI_data_510.csv,left
511,../data/processed/rereferenced_trials\cellula_MI_data_511.csv,right
512,../data/processed/rereferenced_trials\cellula_MI_data_512.csv,left
513,../data/processed/rereferenced_trials\cellula_MI_data_513.csv,left
604,../data/processed/rereferenced_trials\cellula_MI_data_604.csv,right
605,../data/processed/rereferenced_trials\cellula_MI_data_605.csv,right
606,../data/processed/rereferenced_trials\cellula_MI_data_606.csv,left
607,../data/processed/rereferenced_trials\cellula_MI_data_607.csv,right
608,../data/processed/rereferenced_trials\cellula_MI_data_608.csv,left
609,../data/processed/rereferenced_trials\cellula_MI_data_609.csv,right
610,../data/processed/rereferenced_trials\cellula_MI_data_610.csv,right
611,../data/processed/rereferenced_trials\cellula_MI_data_611.csv,left
612,../data/processed/rereferenced_trials\cellula_MI_data_612.csv,left
622,../data/processed/rereferenced_trials\cellula_MI_data_622.csv,right
623,../data/processed/rereferenced_trials\cellula_MI_data_623.csv,right
624,../data/processed/rereferenced_trials\cellula_MI_data_624.csv,right
625,../data/processed/rereferenced_trials\cellula_MI_data_625.csv,left
626,../data/processed/rereferenced_trials\cellula_MI_data_626.csv,right
627,../data/processed/rereferenced_trials\cellula_MI_data_627.csv,left
628,../data/processed/rereferenced_trials\cellula_MI_data_628.csv,right
629,../data/processed/rereferenced_trials\cellula_MI_data_629.csv,left
630,../data/processed/rereferenced_trials\cellula_MI_data_630.csv,right
631,../data/processed/rereferenced_trials\cellula_MI_data_631.csv,left
632,../data/processed/rereferenced_trials\cellula_MI_data_632.csv,right
633,../data/processed/rereferenced_trials\cellula_MI_data_633.csv,left
634,../data/processed/rereferenced_trials\cellula_MI_data_634.csv,right
635,../data/processed/rereferenced_trials\cellula_MI_data_635.csv,left
636,../data/processed/rereferenced_trials\cellula_MI_data_636.csv,right
637,../data/processed/rereferenced_trials\cellula_MI_data_637.csv,left
638,../data/processed/rereferenced_trials\cellula_MI_data_638.csv,left
639,../data/processed/rereferenced_trials\cellula_MI_data_639.csv,right
640,../data/processed/rereferenced_trials\cellula_MI_data_640.csv,right
641,../data/processed/rereferenced_trials\cellula_MI_data_641.csv,right
642,../data/processed/rereferenced_trials\cellula_MI_data_642.csv,left
643,../data/processed/rereferenced_trials\cellula_MI_data_643.csv,left
644,../data/processed/rereferenced_trials\cellula_MI_data_644.csv,right
645,../data/processed/rereferenced_trials\cellula_MI_data_645.csv,left
646,../data/processed/rereferenced_trials\cellula_MI_data_646.csv,right
647,../data/processed/rereferenced_trials\cellula_MI_data_647.csv,right
648,../data/processed/rereferenced_trials\cellula_MI_data_648.csv,right
649,../data/processed/rereferenced_trials\cellula_MI_data_649.csv,right
650,../data/processed/rereferenced_trials\cellula_MI_data_650.csv,left
651,../data/processed/rereferenced_trials\cellula_MI_data_651.csv,left
652,../data/processed/rereferenced_trials\cellula_MI_data_652.csv,right
653,../data/processed/rereferenced_trials\cellula_MI_data_653.csv,left
654,../data/processed/rereferenced_trials\cellula_MI_data_654.csv,right
655,../data/processed/rereferenced_trials\cellula_MI_data_655.csv,left
656,../data/processed/rereferenced_trials\cellula_MI_data_656.csv,right
657,../data/processed/rereferenced_trials\cellula_MI_data_657.csv,right
667,../data/processed/rereferenced_trials\cellula_MI_data_667.csv,left
668,../data/processed/rereferenced_trials\cellula_MI_data_668.csv,right
669,../data/processed/rereferenced_trials\cellula_MI_data_669.csv,left
670,../data/processed/rereferenced_trials\cellula_MI_data_670.csv,left
671,../data/processed/rereferenced_trials\cellula_MI_data_671.csv,left
672,../data/processed/rereferenced_trials\cellula_MI_data_672.csv,left
673,../data/processed/rereferenced_trials\cellula_MI_data_673.csv,left
674,../data/processed/rereferenced_trials\cellula_MI_data_674.csv,left
675,../data/processed/rereferenced_trials\cellula_MI_data_675.csv,left
676,../data/processed/rereferenced_trials\cellula_MI_data_676.csv,right
677,../data/processed/rereferenced_trials\cellula_MI_data_677.csv,left
678,../data/processed/rereferenced_trials\cellula_MI_data_678.csv,right
679,../data/processed/rereferenced_trials\cellula_MI_data_679.csv,left
680,../data/processed/rereferenced_trials\cellula_MI_data_680.csv,left
681,../data/processed/rereferenced_trials\cellula_MI_data_681.csv,left
682,../data/processed/rereferenced_trials\cellula_MI_data_682.csv,right
683,../data/processed/rereferenced_trials\cellula_MI_data_683.csv,left
684,../data/processed/rereferenced_trials\cellula_MI_data_684.csv,right
685,../data/processed/rereferenced_trials\cellula_MI_data_685.csv,right
686,../data/processed/rereferenced_trials\cellula_MI_data_686.csv,left
687,../data/processed/rereferenced_trials\cellula_MI_data_687.csv,right
688,../data/processed/rereferenced_trials\cellula_MI_data_688.csv,right
689,../data/processed/rereferenced_trials\cellula_MI_data_689.csv,left
690,../data/processed/rereferenced_trials\cellula_MI_data_690.csv,right
691,../data/processed/rereferenced_trials\cellula_MI_data_691.csv,left
692,../data/processed/rereferenced_trials\cellula_MI_data_692.csv,right
693,../data/processed/rereferenced_trials\cellula_MI_data_693.csv,left
694,../data/processed/rereferenced_trials\cellula_MI_data_694.csv,left
695,../data/processed/rereferenced_trials\cellula_MI_data_695.csv,right
696,../data/processed/rereferenced_trials\cellula_MI_data_696.csv,right
697,../data/processed/rereferenced_trials\cellula_MI_data_697.csv,right
698,../data/processed/rereferenced_trials\cellula_MI_data_698.csv,right
699,../data/processed/rereferenced_trials\cellula_MI_data_699.csv,right
700,../data/processed/rereferenced_trials\cellula_MI_data_700.csv,left
701,../data/processed/rereferenced_trials\cellula_MI_data_701.csv,left
702,../data/processed/rereferenced_trials\cellula_MI_data_702.csv,right
703,../data/processed/rereferenced_trials\cellula_MI_data_703.csv,right
704,../data/processed/rereferenced_trials\cellula_MI_data_704.csv,left
705,../data/processed/rereferenced_trials\cellula_MI_data_705.csv,left
706,../data/processed/rereferenced_trials\cellula_MI_data_706.csv,left
707,../data/processed/rereferenced_trials\cellula_MI_data_707.csv,right
708,../data/processed/rereferenced_trials\cellula_MI_data_708.csv,left
709,../data/processed/rereferenced_trials\cellula_MI_data_709.csv,right
710,../data/processed/rereferenced_trials\cellula_MI_data_710.csv,right
711,../data/processed/rereferenced_trials\cellula_MI_data_711.csv,left
712,../data/processed/rereferenced_trials\cellula_MI_data_712.csv,right
713,../data/processed/rereferenced_trials\cellula_MI_data_713.csv,right
714,../data/processed/rereferenced_trials\cellula_MI_data_714.csv,left
715,../data/processed/rereferenced_trials\cellula_MI_data_715.csv,right
716,../data/processed/rereferenced_trials\cellula_MI_data_716.csv,left
717,../data/processed/rereferenced_trials\cellula_MI_data_717.csv,left
718,../data/processed/rereferenced_trials\cellula_MI_data_718.csv,right
719,../data/processed/rereferenced_trials\cellula_MI_data_719.csv,right
720,../data/processed/rereferenced_trials\cellula_MI_data_720.csv,right
721,../data/processed/rereferenced_trials\cellula_MI_data_721.csv,right
722,../data/processed/rereferenced_trials\cellula_MI_data_722.csv,left
723,../data/processed/rereferenced_trials\cellula_MI_data_723.csv,right
724,../data/processed/rereferenced_trials\cellula_MI_data_724.csv,right
725,../data/processed/rereferenced_trials\cellula_MI_data_725.csv,right
726,../data/processed/rereferenced_trials\cellula_MI_data_726.csv,left
727,../data/processed/rereferenced_trials\cellula_MI_data_727.csv,right
728,../data/processed/rereferenced_trials\cellula_MI_data_728.csv,left
729,../data/processed/rereferenced_trials\cellula_MI_data_729.csv,left
730,../data/processed/rereferenced_trials\cellula_MI_data_730.csv,left
731,../data/processed/rereferenced_trials\cellula_MI_data_731.csv,right
732,../data/processed/rereferenced_trials\cellula_MI_data_732.csv,right
733,../data/processed/rereferenced_trials\cellula_MI_data_733.csv,right
734,../data/processed/rereferenced_trials\cellula_MI_data_734.csv,left
735,../data/processed/rereferenced_trials\cellula_MI_data_735.csv,left
736,../data/processed/rereferenced_trials\cellula_MI_data_736.csv,left
737,../data/processed/rereferenced_trials\cellula_MI_data_737.csv,right
738,../data/processed/rereferenced_trials\cellula_MI_data_738.csv,left
739,../data/processed/rereferenced_trials\cellula_MI_data_739.csv,left
740,../data/processed/rereferenced_trials\cellula_MI_data_740.csv,right
741,../data/processed/rereferenced_trials\cellula_MI_data_741.csv,right
742,../data/processed/rereferenced_trials\cellula_MI_data_742.csv,left
743,../data/processed/rereferenced_trials\cellula_MI_data_743.csv,left
744,../data/processed/rereferenced_trials\cellula_MI_data_744.csv,right
745,../data/processed/rereferenced_trials\cellula_MI_data_745.csv,left
746,../data/processed/rereferenced_trials\cellula_MI_data_746.csv,right
747,../data/processed/rereferenced_trials\cellula_MI_data_747.csv,right
748,../data/processed/rereferenced_trials\cellula_MI_data_748.csv,left
749,../data/processed/rereferenced_trials\cellula_MI_data_749.csv,right
750,../data/processed/rereferenced_trials\cellula_MI_data_750.csv,left
751,../data/processed/rereferenced_trials\cellula_MI_data_751.csv,right
752,../data/processed/rereferenced_trials\cellula_MI_data_752.csv,left
753,../data/processed/rereferenced_trials\cellula_MI_data_753.csv,right
754,../data/processed/rereferenced_trials\cellula_MI_data_754.csv,left
755,../data/processed/rereferenced_trials\cellula_MI_data_755.csv,right
756,../data/processed/rereferenced_trials\cellula_MI_data_756.csv,right
757,../data/processed/rereferenced_trials\cellula_MI_data_757.csv,left
758,../data/processed/rereferenced_trials\cellula_MI_data_758.csv,right
759,../data/processed/rereferenced_trials\cellula_MI_data_759.csv,right
760,../data/processed/rereferenced_trials\cellula_MI_data_760.csv,left
761,../data/processed/rereferenced_trials\cellula_MI_data_761.csv,right
762,../data/processed/rereferenced_trials\cellula_MI_data_762.csv,right
763,../data/processed/rereferenced_trials\cellula_MI_data_763.csv,right
764,../data/processed/rereferenced_trials\cellula_MI_data_764.csv,right
765,../data/processed/rereferenced_trials\cellula_MI_data_765.csv,right
766,../data/processed/rereferenced_trials\cellula_MI_data_766.csv,left
767,../data/processed/rereferenced_trials\cellula_MI_data_767.csv,right
768,../data/processed/rereferenced_trials\cellula_MI_data_768.csv,right
769,../data/processed/rereferenced_trials\cellula_MI_data_769.csv,left
770,../data/processed/rereferenced_trials\cellula_MI_data_770.csv,right
771,../data/processed/rereferenced_trials\cellula_MI_data_771.csv,right
772,../data/processed/rereferenced_trials\cellula_MI_data_772.csv,left
773,../data/processed/rereferenced_trials\cellula_MI_data_773.csv,left
774,../data/processed/rereferenced_trials\cellula_MI_data_774.csv,left
775,../data/processed/rereferenced_trials\cellula_MI_data_775.csv,left
776,../data/processed/rereferenced_trials\cellula_MI_data_776.csv,left
777,../data/processed/rereferenced_trials\cellula_MI_data_777.csv,left
778,../data/processed/rereferenced_trials\cellula_MI_data_778.csv,right
779,../data/processed/rereferenced_trials\cellula_MI_data_779.csv,right
780,../data/processed/rereferenced_trials\cellula_MI_data_780.csv,right
781,../data/processed/rereferenced_trials\cellula_MI_data_781.csv,right
782,../data/processed/rereferenced_trials\cellula_MI_data_782.csv,left
783,../data/processed/rereferenced_trials\cellula_MI_data_783.csv,right
784,../data/processed/rereferenced_trials\cellula_MI_data_784.csv,left
785,../data/processed/rereferenced_trials\cellula_MI_data_785.csv,left
786,../data/processed/rereferenced_trials\cellula_MI_data_786.csv,right
787,../data/processed/rereferenced_trials\cellula_MI_data_787.csv,left
788,../data/processed/rereferenced_trials\cellula_MI_data_788.csv,left
789,../data/processed/rereferenced_trials\cellula_MI_data_789.csv,left
790,../data/processed/rereferenced_trials\cellula_MI_data_790.csv,left
791,../data/processed/rereferenced_trials\cellula_MI_data_791.csv,left
792,../data/processed/rereferenced_trials\cellula_MI_data_792.csv,left
793,../data/processed/rereferenced_trials\cellula_MI_data_793.csv,left
794,../data/processed/rereferenced_trials\cellula_MI_data_794.csv,left
795,../data/processed/rereferenced_trials\cellula_MI_data_795.csv,right
796,../data/processed/rereferenced_trials\cellula_MI_data_796.csv,left
797,../data/processed/rereferenced_trials\cellula_MI_data_797.csv,left
798,../data/processed/rereferenced_trials\cellula_MI_data_798.csv,right
799,../data/processed/rereferenced_trials\cellula_MI_data_799.csv,right
800,../data/processed/rereferenced_trials\cellula_MI_data_800.csv,right
801,../data/processed/rereferenced_trials\cellula_MI_data_801.csv,left
802,../data/processed/rereferenced_trials\cellula_MI_data_802.csv,left
803,../data/processed/rereferenced_trials\cellula_MI_data_803.csv,right
804,../data/processed/rereferenced_trials\cellula_MI_data_804.csv,left
805,../data/processed/rereferenced_trials\cellula_MI_data_805.csv,right
806,../data/processed/rereferenced_trials\cellula_MI_data_806.csv,right
807,../data/processed/rereferenced_trials\cellula_MI_data_807.csv,left
808,../data/processed/rereferenced_trials\cellula_MI_data_808.csv,right
809,../data/processed/rereferenced_trials\cellula_MI_data_809.csv,right
810,../data/processed/rereferenced_trials\cellula_MI_data_810.csv,left
811,../data/processed/rereferenced_trials\cellula_MI_data_811.csv,right
812,../data/processed/rereferenced_trials\cellula_MI_data_812.csv,right
813,../data/processed/rereferenced_trials\cellula_MI_data_813.csv,left
814,../data/processed/rereferenced_trials\cellula_MI_data_814.csv,left
815,../data/processed/rereferenced_trials\cellula_MI_data_815.csv,left
816,../data/processed/rereferenced_trials\cellula_MI_data_816.csv,left
817,../data/processed/rereferenced_trials\cellula_MI_data_817.csv,right
818,../data/processed/rereferenced_trials\cellula_MI_data_818.csv,right
819,../data/processed/rereferenced_trials\cellula_MI_data_819.csv,left
820,../data/processed/rereferenced_trials\cellula_MI_data_820.csv,right
821,../data/processed/rereferenced_trials\cellula_MI_data_821.csv,left
822,../data/processed/rereferenced_trials\cellula_MI_data_822.csv,right
823,../data/processed/rereferenced_trials\cellula_MI_data_823.csv,left
824,../data/processed/rereferenced_trials\cellula_MI_data_824.csv,right
825,../data/processed/rereferenced_trials\cellula_MI_data_825.csv,left
826,../data/processed/rereferenced_trials\cellula_MI_data_826.csv,right
827,../data/processed/rereferenced_trials\cellula_MI_data_827.csv,right
828,../data/processed/rereferenced_trials\cellula_MI_data_828.csv,right
829,../data/processed/rereferenced_trials\cellula_MI_data_829.csv,left
830,../data/processed/rereferenced_trials\cellula_MI_data_830.csv,right
831,../data/processed/rereferenced_trials\cellula_MI_data_831.csv,right
832,../data/processed/rereferenced_trials\cellula_MI_data_832.csv,left
833,../data/processed/rereferenced_trials\cellula_MI_data_833.csv,left
834,../data/processed/rereferenced_trials\cellula_MI_data_834.csv,left
835,../data/processed/rereferenced_trials\cellula_MI_data_835.csv,left
836,../data/processed/rereferenced_trials\cellula_MI_data_836.csv,left
837,../data/processed/rereferenced_trials\cellula_MI_data_837.csv,left
838,../data/processed/rereferenced_trials\cellula_MI_data_838.csv,right
839,../data/processed/rereferenced_trials\cellula_MI_data_839.csv,right
840,../data/processed/rereferenced_trials\cellula_MI_data_840.csv,left
841,../data/processed/rereferenced_trials\cellula_MI_data_841.csv,left
842,../data/processed/rereferenced_trials\cellula_MI_data_842.csv,left
843,../data/processed/rereferenced_trials\cellula_MI_data_843.csv,left
844,../data/processed/rereferenced_trials\cellula_MI_data_844.csv,right
845,../data/processed/rereferenced_trials\cellula_MI_data_845.csv,right
846,../data/processed/rereferenced_trials\cellula_MI_data_846.csv,left
847,../data/processed/rereferenced_trials\cellula_MI_data_847.csv,left
848,../data/processed/rereferenced_trials\cellula_MI_data_848.csv,left
849,../data/processed/rereferenced_trials\cellula_MI_data_849.csv,left
850,../data/processed/rereferenced_trials\cellula_MI_data_850.csv,left
851,../data/processed/rereferenced_trials\cellula_MI_data_851.csv,left
852,../data/processed/rereferenced_trials\cellula_MI_data_852.csv,right
853,../data/processed/rereferenced_trials\cellula_MI_data_853.csv,right
854,../data/processed/rereferenced_trials\cellula_MI_data_854.csv,right
855,../data/processed/rereferenced_trials\cellula_MI_data_855.csv,right
856,../data/processed/rereferenced_trials\cellula_MI_data_856.csv,right
857,../data/processed/rereferenced_trials\cellula_MI_data_857.csv,left
858,../data/processed/rereferenced_trials\cellula_MI_data_858.csv,left
859,../data/processed/rereferenced_trials\cellula_MI_data_859.csv,right
860,../data/processed/rereferenced_trials\cellula_MI_data_860.csv,right
861,../data/processed/rereferenced_trials\cellula_MI_data_861.csv,left
862,../data/processed/rereferenced_trials\cellula_MI_data_862.csv,left
863,../data/processed/rereferenced_trials\cellula_MI_data_863.csv,right
864,../data/processed/rereferenced_trials\cellula_MI_data_864.csv,left
865,../data/processed/rereferenced_trials\cellula_MI_data_865.csv,right
866,../data/processed/rereferenced_trials\cellula_MI_data_866.csv,left
867,../data/processed/rereferenced_trials\cellula_MI_data_867.csv,right
868,../data/processed/rereferenced_trials\cellula_MI_data_868.csv,left
869,../data/processed/rereferenced_trials\cellula_MI_data_869.csv,left
870,../data/processed/rereferenced_trials\cellula_MI_data_870.csv,right
871,../data/processed/rereferenced_trials\cellula_MI_data_871.csv,right
872,../data/processed/rereferenced_trials\cellula_MI_data_872.csv,right
873,../data/processed/rereferenced_trials\cellula_MI_data_873.csv,left
874,../data/processed/rereferenced_trials\cellula_MI_data_874.csv,right
875,../data/processed/rereferenced_trials\cellula_MI_data_875.csv,right
876,../data/processed/rereferenced_trials\cellula_MI_data_876.csv,left
877,../data/processed/rereferenced_trials\cellula_MI_data_877.csv,right
878,../data/processed/rereferenced_trials\cellula_MI_data_878.csv,left
879,../data/processed/rereferenced_trials\cellula_MI_data_879.csv,left
880,../data/processed/rereferenced_trials\cellula_MI_data_880.csv,left
881,../data/processed/rereferenced_trials\cellula_MI_data_881.csv,right
882,../data/processed/rereferenced_trials\cellula_MI_data_882.csv,left
883,../data/processed/rereferenced_trials\cellula_MI_data_883.csv,left
884,../data/processed/rereferenced_trials\cellula_MI_data_884.csv,right
885,../data/processed/rereferenced_trials\cellula_MI_data_885.csv,left
886,../data/processed/rereferenced_trials\cellula_MI_data_886.csv,left
887,../data/processed/rereferenced_trials\cellula_MI_data_887.csv,right
888,../data/processed/rereferenced_trials\cellula_MI_data_888.csv,right
889,../data/processed/rereferenced_trials\cellula_MI_data_889.csv,right
890,../data/processed/rereferenced_trials\cellula_MI_data_890.csv,right
891,../data/processed/rereferenced_trials\cellula_MI_data_891.csv,right
892,../data/processed/rereferenced_trials\cellula_MI_data_892.csv,right
893,../data/processed/rereferenced_trials\cellula_MI_data_893.csv,left
894,../data/processed/rereferenced_trials\cellula_MI_data_894.csv,right
895,../data/processed/rereferenced_trials\cellula_MI_data_895.csv,right
896,../data/processed/rereferenced_trials\cellula_MI_data_896.csv,left
897,../data/processed/rereferenced_trials\cellula_MI_data_897.csv,left
898,../data/processed/rereferenced_trials\cellula_MI_data_898.csv,left
899,../data/processed/rereferenced_trials\cellula_MI_data_899.csv,left
900,../data/processed/rereferenced_trials\cellula_MI_data_900.csv,left
901,../data/processed/rereferenced_trials\cellula_MI_data_901.csv,right
902,../data/processed/rereferenced_trials\cellula_MI_data_902.csv,left
903,../data/processed/rereferenced_trials\cellula_MI_data_903.csv,left
904,../data/processed/rereferenced_trials\cellula_MI_data_904.csv,left
905,../data/processed/rereferenced_trials\cellula_MI_data_905.csv,right
906,../data/processed/rereferenced_trials\cellula_MI_data_906.csv,left
907,../data/processed/rereferenced_trials\cellula_MI_data_907.csv,right
908,../data/processed/rereferenced_trials\cellula_MI_data_908.csv,right
909,../data/processed/rereferenced_trials\cellula_MI_data_909.csv,right
910,../data/processed/rereferenced_trials\cellula_MI_data_910.csv,right
911,../data/processed/rereferenced_trials\cellula_MI_data_911.csv,right
912,../data/processed/rereferenced_trials\cellula_MI_data_912.csv,right
913,../data/processed/rereferenced_trials\cellula_MI_data_913.csv,left
914,../data/processed/rereferenced_trials\cellula_MI_data_914.csv,right
915,../data/processed/rereferenced_trials\cellula_MI_data_915.csv,left
916,../data/processed/rereferenced_trials\cellula_MI_data_916.csv,right
917,../data/processed/rereferenced_trials\cellula_MI_data_917.csv,left
918,../data/processed/rereferenced_trials\cellula_MI_data_918.csv,left
919,../data/processed/rereferenced_trials\cellula_MI_data_919.csv,left
920,../data/processed/rereferenced_trials\cellula_MI_data_920.csv,right
921,../data/processed/rereferenced_trials\cellula_MI_data_921.csv,right
922,../data/processed/rereferenced_trials\cellula_MI_data_922.csv,right
923,../data/processed/rereferenced_trials\cellula_MI_data_923.csv,right
924,../data/processed/rereferenced_trials\cellula_MI_data_924.csv,right
925,../data/processed/rereferenced_trials\cellula_MI_data_925.csv,left
926,../data/processed/rereferenced_trials\cellula_MI_data_926.csv,right
927,../data/processed/rereferenced_trials\cellula_MI_data_927.csv,left
928,../data/processed/rereferenced_trials\cellula_MI_data_928.csv,right
929,../data/processed/rereferenced_trials\cellula_MI_data_929.csv,right
930,../data/processed/rereferenced_trials\cellula_MI_data_930.csv,left
931,../data/processed/rereferenced_trials\cellula_MI_data_931.csv,right
932,../data/processed/rereferenced_trials\cellula_MI_data_932.csv,right
933,../data/processed/rereferenced_trials\cellula_MI_data_933.csv,right
934,../data/processed/rereferenced_trials\cellula_MI_data_934.csv,left
935,../data/processed/rereferenced_trials\cellula_MI_data_935.csv,left
936,../data/processed/rereferenced_trials\cellula_MI_data_936.csv,right
937,../data/processed/rereferenced_trials\cellula_MI_data_937.csv,left
938,../data/processed/rereferenced_trials\cellula_MI_data_938.csv,left
939,../data/processed/rereferenced_trials\cellula_MI_data_939.csv,right
940,../data/processed/rereferenced_trials\cellula_MI_data_940.csv,left
941,../data/processed/rereferenced_trials\cellula_MI_data_941.csv,right
942,../data/processed/rereferenced_trials\cellula_MI_data_942.csv,right
943,../data/processed/rereferenced_trials\cellula_MI_data_943.csv,right
944,../data/processed/rereferenced_trials\cellula_MI_data_944.csv,right
945,../data/processed/rereferenced_trials\cellula_MI_data_945.csv,right
946,../data/processed/rereferenced_trials\cellula_MI_data_946.csv,left
947,../data/processed/rereferenced_trials\cellula_MI_data_947.csv,left
948,../data/processed/rereferenced_trials\cellula_MI_data_948.csv,right
949,../data/processed/rereferenced_trials\cellula_MI_data_949.csv,right
950,../data/processed/rereferenced_trials\cellula_MI_data_950.csv,right
951,../data/processed/rereferenced_trials\cellula_MI_data_951.csv,left
952,../data/processed/rereferenced_trials\cellula_MI_data_952.csv,left
953,../data/processed/rereferenced_trials\cellula_MI_data_953.csv,left
954,../data/processed/rereferenced_trials\cellula_MI_data_954.csv,left
955,../data/processed/rereferenced_trials\cellula_MI_data_955.csv,left
956,../data/processed/rereferenced_trials\cellula_MI_data_956.csv,left
957,../data/processed/rereferenced_trials\cellula_MI_data_957.csv,right
958,../data/processed/rereferenced_trials\cellula_MI_data_958.csv,left
959,../data/processed/rereferenced_trials\cellula_MI_data_959.csv,right
960,../data/processed/rereferenced_trials\cellula_MI_data_960.csv,right
961,../data/processed/rereferenced_trials\cellula_MI_data_961.csv,right
962,../data/processed/rereferenced_trials\cellula_MI_data_962.csv,left
963,../data/processed/rereferenced_trials\cellula_MI_data_963.csv,right
964,../data/processed/rereferenced_trials\cellula_MI_data_964.csv,left
965,../data/processed/rereferenced_trials\cellula_MI_data_965.csv,right
966,../data/processed/rereferenced_trials\cellula_MI_data_966.csv,left
967,../data/processed/rereferenced_trials\cellula_MI_data_967.csv,right
968,../data/processed/rereferenced_trials\cellula_MI_data_968.csv,left
969,../data/processed/rereferenced_trials\cellula_MI_data_969.csv,right
970,../data/processed/rereferenced_trials\cellula_MI_data_970.csv,right
971,../data/processed/rereferenced_trials\cellula_MI_data_971.csv,left
972,../data/processed/rereferenced_trials\cellula_MI_data_972.csv,left
973,../data/processed/rereferenced_trials\cellula_MI_data_973.csv,right
974,../data/processed/rereferenced_trials\cellula_MI_data_974.csv,right
975,../data/processed/rereferenced_trials\cellula_MI_data_975.csv,right
976,../data/processed/rereferenced_trials\cellula_MI_data_976.csv,right
977,../data/processed/rereferenced_trials\cellula_MI_data_977.csv,left
978,../data/processed/rereferenced_trials\cellula_MI_data_978.csv,right
979,../data/processed/rereferenced_trials\cellula_MI_data_979.csv,left
980,../data/processed/rereferenced_trials\cellula_MI_data_980.csv,left
981,../data/processed/rereferenced_trials\cellula_MI_data_981.csv,right
982,../data/processed/rereferenced_trials\cellula_MI_data_982.csv,left
983,../data/processed/rereferenced_trials\cellula_MI_data_983.csv,left
984,../data/processed/rereferenced_trials\cellula_MI_data_984.csv,left
985,../data/processed/rereferenced_trials\cellula_MI_data_985.csv,right
986,../data/processed/rereferenced_trials\cellula_MI_data_986.csv,right
987,../data/processed/rereferenced_trials\cellula_MI_data_987.csv,right
988,../data/processed/rereferenced_trials\cellula_MI_data_988.csv,right
989,../data/processed/rereferenced_trials\cellula_MI_data_989.csv,right
990,../data/processed/rereferenced_trials\cellula_MI_data_990.csv,left
991,../data/processed/rereferenced_trials\cellula_MI_data_991.csv,left
992,../data/processed/rereferenced_trials\cellula_MI_data_992.csv,left
993,../data/processed/rereferenced_trials\cellula_MI_data_993.csv,left
994,../data/processed/rereferenced_trials\cellula_MI_data_994.csv,right
995,../data/processed/rereferenced_trials\cellula_MI_data_995.csv,right
996,../data/processed/rereferenced_trials\cellula_MI_data_996.csv,right
997,../data/processed/rereferenced_trials\cellula_MI_data_997.csv,left
998,../data/processed/rereferenced_trials\cellula_MI_data_998.csv,right
999,../data/processed/rereferenced_trials\cellula_MI_data_999.csv,left
1000,../data/processed/rereferenced_trials\cellula_MI_data_1000.csv,right
1001,../data/processed/rereferenced_trials\cellula_MI_data_1001.csv,left
1002,../data/processed/rereferenced_trials\cellula_MI_data_1002.csv,right
1003,../data/processed/rereferenced_trials\cellula_MI_data_1003.csv,right
1004,../data/processed/rereferenced_trials\cellula_MI_data_1004.csv,left
1005,../data/processed/rereferenced_trials\cellula_MI_data_1005.csv,left
1006,../data/processed/rereferenced_trials\cellula_MI_data_1006.csv,right
1007,../data/processed/rereferenced_trials\cellula_MI_data_1007.csv,right
1008,../data/processed/rereferenced_trials\cellula_MI_data_1008.csv,right
1009,../data/processed/rereferenced_trials\cellula_MI_data_1009.csv,right
1010,../data/processed/rereferenced_trials\cellula_MI_data_1010.csv,left
1011,../data/processed/rereferenced_trials\cellula_MI_data_1011.csv,right
1012,../data/processed/rereferenced_trials\cellula_MI_data_1012.csv,right
1013,../data/processed/rereferenced_trials\cellula_MI_data_1013.csv,right
1014,../data/processed/rereferenced_trials\cellula_MI_data_1014.csv,right
1015,../data/processed/rereferenced_trials\cellula_MI_data_1015.csv,right
1016,../data/processed/rereferenced_trials\cellula_MI_data_1016.csv,left
1017,../data/processed/rereferenced_trials\cellula_MI_data_1017.csv,left
1018,../data/processed/rereferenced_trials\cellula_MI_data_1018.csv,right
1019,../data/processed/rereferenced_trials\cellula_MI_data_1019.csv,right
1020,../data/processed/rereferenced_trials\cellula_MI_data_1020.csv,left
1021,../data/processed/rereferenced_trials\cellula_MI_data_1021.csv,left
1022,../data/processed/rereferenced_trials\cellula_MI_data_1022.csv,left
1023,../data/processed/rereferenced_trials\cellula_MI_data_1023.csv,right
1024,../data/processed/rereferenced_trials\cellula_MI_data_1024.csv,right
1025,../data/processed/rereferenced_trials\cellula_MI_data_1025.csv,left
1026,../data/processed/rereferenced_trials\cellula_MI_data_1026.csv,right
1027,../data/processed/rereferenced_trials\cellula_MI_data_1027.csv,right
1028,../data/processed/rereferenced_trials\cellula_MI_data_1028.csv,left
1029,../data/processed/rereferenced_trials\cellula_MI_data_1029.csv,right
1030,../data/processed/rereferenced_trials\cellula_MI_data_1030.csv,left
1031,../data/processed/rereferenced_trials\cellula_MI_data_1031.csv,left
1032,../data/processed/rereferenced_trials\cellula_MI_data_1032.csv,left
1033,../data/processed/rereferenced_trials\cellula_MI_data_1033.csv,right
1034,../data/processed/rereferenced_trials\cellula_MI_data_1034.csv,right
1035,../data/processed/rereferenced_trials\cellula_MI_data_1035.csv,left
1036,../data/processed/rereferenced_trials\cellula_MI_data_1036.csv,right
1037,../data/processed/rereferenced_trials\cellula_MI_data_1037.csv,left
1038,../data/processed/rereferenced_trials\cellula_MI_data_1038.csv,right
1039,../data/processed/rereferenced_trials\cellula_MI_data_1039.csv,right
1040,../data/processed/rereferenced_trials\cellula_MI_data_1040.csv,left
1041,../data/processed/rereferenced_trials\cellula_MI_data_1041.csv,right
1042,../data/processed/rereferenced_trials\cellula_MI_data_1042.csv,right
1043,../data/processed/rereferenced_trials\cellula_MI_data_1043.csv,right
1044,../data/processed/rereferenced_trials\cellula_MI_data_1044.csv,left
1045,../data/processed/rereferenced_trials\cellula_MI_data_1045.csv,left
1046,../data/processed/rereferenced_trials\cellula_MI_data_1046.csv,right
1047,../data/processed/rereferenced_trials\cellula_MI_data_1047.csv,left
1048,../data/processed/rereferenced_trials\cellula_MI_data_1048.csv,left
1049,../data/processed/rereferenced_trials\cellula_MI_data_1049.csv,right
1050,../data/processed/rereferenced_trials\cellula_MI_data_1050.csv,right
1051,../data/processed/rereferenced_trials\cellula_MI_data_1051.csv,right
1052,../data/processed/rereferenced_trials\cellula_MI_data_1052.csv,right
1053,../data/processed/rereferenced_trials\cellula_MI_data_1053.csv,left
1054,../data/processed/rereferenced_trials\cellula_MI_data_1054.csv,right
1055,../data/processed/rereferenced_trials\cellula_MI_data_1055.csv,left
1056,../data/processed/rereferenced_trials\cellula_MI_data_1056.csv,left
1057,../data/processed/rereferenced_trials\cellula_MI_data_1057.csv,left
1058,../data/processed/rereferenced_trials\cellula_MI_data_1058.csv,left
1059,../data/processed/rereferenced_trials\cellula_MI_data_1059.csv,right
1060,../data/processed/rereferenced_trials\cellula_MI_data_1060.csv,left
1061,../data/processed/rereferenced_trials\cellula_MI_data_1061.csv,left
1062,../data/processed/rereferenced_trials\cellula_MI_data_1062.csv,right
1063,../data/processed/rereferenced_trials\cellula_MI_data_1063.csv,right
1064,../data/processed/rereferenced_trials\cellula_MI_data_1064.csv,left
1065,../data/processed/rereferenced_trials\cellula_MI_data_1065.csv,right
1066,../data/processed/rereferenced_trials\cellula_MI_data_1066.csv,left
1067,../data/processed/rereferenced_trials\cellula_MI_data_1067.csv,left
1068,../data/processed/rereferenced_trials\cellula_MI_data_1068.csv,left
1069,../data/processed/rereferenced_trials\cellula_MI_data_1069.csv,right
1070,../data/processed/rereferenced_trials\cellula_MI_data_1070.csv,left
1071,../data/processed/rereferenced_trials\cellula_MI_data_1071.csv,right
1072,../data/processed/rereferenced_trials\cellula_MI_data_1072.csv,left
1073,../data/processed/rereferenced_trials\cellula_MI_data_1073.csv,left
1074,../data/processed/rereferenced_trials\cellula_MI_data_1074.csv,left
1075,../data/processed/rereferenced_trials\cellula_MI_data_1075.csv,right
1076,../data/processed/rereferenced_trials\cellula_MI_data_1076.csv,right
1077,../data/processed/rereferenced_trials\cellula_MI_data_1077.csv,right
1078,../data/processed/rereferenced_trials\cellula_MI_data_1078.csv,right
1079,../data/processed/rereferenced_trials\cellula_MI_data_1079.csv,left
1080,../data/processed/rereferenced_trials\cellula_MI_data_1080.csv,right
1081,../data/processed/rereferenced_trials\cellula_MI_data_1081.csv,left
1082,../data/processed/rereferenced_trials\cellula_MI_data_1082.csv,right
1083,../data/processed/rereferenced_trials\cellula_MI_data_1083.csv,right
1084,../data/processed/rereferenced_trials\cellula_MI_data_1084.csv,right
1085,../data/processed/rereferenced_trials\cellula_MI_data_1085.csv,left
1086,../data/processed/rereferenced_trials\cellula_MI_data_1086.csv,right
1087,../data/processed/rereferenced_trials\cellula_MI_data_1087.csv,right
1088,../data/processed/rereferenced_trials\cellula_MI_data_1088.csv,left
1089,../data/processed/rereferenced_trials\cellula_MI_data_1089.csv,left
1090,../data/processed/rereferenced_trials\cellula_MI_data_1090.csv,left
1091,../data/processed/rereferenced_trials\cellula_MI_data_1091.csv,left
1092,../data/processed/rereferenced_trials\cellula_MI_data_1092.csv,right
1093,../data/processed/rereferenced_trials\cellula_MI_data_1093.csv,right
1094,../data/processed/rereferenced_trials\cellula_MI_data_1094.csv,right
1095,../data/processed/rereferenced_trials\cellula_MI_data_1095.csv,left
1096,../data/processed/rereferenced_trials\cellula_MI_data_1096.csv,right
1097,../data/processed/rereferenced_trials\cellula_MI_data_1097.csv,right
1098,../data/processed/rereferenced_trials\cellula_MI_data_1098.csv,right
1099,../data/processed/rereferenced_trials\cellula_MI_data_1099.csv,left
1100,../data/processed/rereferenced_trials\cellula_MI_data_1100.csv,left
1101,../data/processed/rereferenced_trials\cellula_MI_data_1101.csv,left
1102,../data/processed/rereferenced_trials\cellula_MI_data_1102.csv,right
1103,../data/processed/rereferenced_trials\cellula_MI_data_1103.csv,right
1104,../data/processed/rereferenced_trials\cellula_MI_data_1104.csv,right
1105,../data/processed/rereferenced_trials\cellula_MI_data_1105.csv,left
1106,../data/processed/rereferenced_trials\cellula_MI_data_1106.csv,left
1107,../data/processed/rereferenced_trials\cellula_MI_data_1107.csv,left
1108,../data/processed/rereferenced_trials\cellula_MI_data_1108.csv,right
1109,../data/processed/rereferenced_trials\cellula_MI_data_1109.csv,right
1110,../data/processed/rereferenced_trials\cellula_MI_data_1110.csv,left
1111,../data/processed/rereferenced_trials\cellula_MI_data_1111.csv,left
1112,../data/processed/rereferenced_trials\cellula_MI_data_1112.csv,right
1113,../data/processed/rereferenced_trials\cellula_MI_data_1113.csv,right
1114,../data/processed/rereferenced_trials\cellula_MI_data_1114.csv,left
1115,../data/processed/rereferenced_trials\cellula_MI_data_1115.csv,right
1116,../data/processed/rereferenced_trials\cellula_MI_data_1116.csv,left
1117,../data/processed/rereferenced_trials\cellula_MI_data_1117.csv,right
1118,../data/processed/rereferenced_trials\cellula_MI_data_1118.csv,right
1119,../data/processed/rereferenced_trials\cellula_MI_data_1119.csv,right
1120,../data/processed/rereferenced_trials\cellula_MI_data_1120.csv,right
1121,../data/processed/rereferenced_trials\cellula_MI_data_1121.csv,right
1122,../data/processed/rereferenced_trials\cellula_MI_data_1122.csv,right
1123,../data/processed/rereferenced_trials\cellula_MI_data_1123.csv,left
1124,../data/processed/rereferenced_trials\cellula_MI_data_1124.csv,left
1125,../data/processed/rereferenced_trials\cellula_MI_data_1125.csv,right
1126,../data/processed/rereferenced_trials\cellula_MI_data_1126.csv,right
1127,../data/processed/rereferenced_trials\cellula_MI_data_1127.csv,right
1128,../data/processed/rereferenced_trials\cellula_MI_data_1128.csv,right
1129,../data/processed/rereferenced_trials\cellula_MI_data_1129.csv,right
1130,../data/processed/rereferenced_trials\cellula_MI_data_1130.csv,left
1131,../data/processed/rereferenced_trials\cellula_MI_data_1131.csv,left
1132,../data/processed/rereferenced_trials\cellula_MI_data_1132.csv,right
1133,../data/processed/rereferenced_trials\cellula_MI_data_1133.csv,left
1134,../data/processed/rereferenced_trials\cellula_MI_data_1134.csv,right
1135,../data/processed/rereferenced_trials\cellula_MI_data_1135.csv,right
1136,../data/processed/rereferenced_trials\cellula_MI_data_1136.csv,left
1137,../data/processed/rereferenced_trials\cellula_MI_data_1137.csv,left
1138,../data/processed/rereferenced_trials\cellula_MI_data_1138.csv,right
1139,../data/processed/rereferenced_trials\cellula_MI_data_1139.csv,right
1140,../data/processed/rereferenced_trials\cellula_MI_data_1140.csv,right
1141,../data/processed/rereferenced_trials\cellula_MI_data_1141.csv,left
1142,../data/processed/rereferenced_trials\cellula_MI_data_1142.csv,right
1143,../data/processed/rereferenced_trials\cellula_MI_data_1143.csv,right
1144,../data/processed/rereferenced_trials\cellula_MI_data_1144.csv,right
1145,../data/processed/rereferenced_trials\cellula_MI_data_1145.csv,left
1146,../data/processed/rereferenced_trials\cellula_MI_data_1146.csv,right
1147,../data/processed/rereferenced_trials\cellula_MI_data_1147.csv,right
1148,../data/processed/rereferenced_trials\cellula_MI_data_1148.csv,right
1149,../data/processed/rereferenced_trials\cellula_MI_data_1149.csv,left
1150,../data/processed/rereferenced_trials\cellula_MI_data_1150.csv,left
1151,../data/processed/rereferenced_trials\cellula_MI_data_1151.csv,right
1152,../data/processed/rereferenced_trials\cellula_MI_data_1152.csv,left
1153,../data/processed/rereferenced_trials\cellula_MI_data_1153.csv,left
1154,../data/processed/rereferenced_trials\cellula_MI_data_1154.csv,left
1155,../data/processed/rereferenced_trials\cellula_MI_data_1155.csv,right
1156,../data/processed/rereferenced_trials\cellula_MI_data_1156.csv,left
1157,../data/processed/rereferenced_trials\cellula_MI_data_1157.csv,left
1158,../data/processed/rereferenced_trials\cellula_MI_data_1158.csv,left
1159,../data/processed/rereferenced_trials\cellula_MI_data_1159.csv,left
1160,../data/processed/rereferenced_trials\cellula_MI_data_1160.csv,right
1161,../data/processed/rereferenced_trials\cellula_MI_data_1161.csv,left
1162,../data/processed/rereferenced_trials\cellula_MI_data_1162.csv,left
1163,../data/processed/rereferenced_trials\cellula_MI_data_1163.csv,left
1164,../data/processed/rereferenced_trials\cellula_MI_data_1164.csv,right
1165,../data/processed/rereferenced_trials\cellula_MI_data_1165.csv,right
1166,../data/processed/rereferenced_trials\cellula_MI_data_1166.csv,left
1167,../data/processed/rereferenced_trials\cellula_MI_data_1167.csv,right
1168,../data/processed/rereferenced_trials\cellula_MI_data_1168.csv,right
1169,../data/processed/rereferenced_trials\cellula_MI_data_1169.csv,left
1170,../data/processed/rereferenced_trials\cellula_MI_data_1170.csv,left
1171,../data/processed/rereferenced_trials\cellula_MI_data_1171.csv,left
1172,../data/processed/rereferenced_trials\cellula_MI_data_1172.csv,right
1173,../data/processed/rereferenced_trials\cellula_MI_data_1173.csv,right
1174,../data/processed/rereferenced_trials\cellula_MI_data_1174.csv,right
1175,../data/processed/rereferenced_trials\cellula_MI_data_1175.csv,right
1176,../data/processed/rereferenced_trials\cellula_MI_data_1176.csv,left
1177,../data/processed/rereferenced_trials\cellula_MI_data_1177.csv,left
1178,../data/processed/rereferenced_trials\cellula_MI_data_1178.csv,right
1179,../data/processed/rereferenced_trials\cellula_MI_data_1179.csv,right
1180,../data/processed/rereferenced_trials\cellula_MI_data_1180.csv,left
1181,../data/processed/rereferenced_trials\cellula_MI_data_1181.csv,right
1182,../data/processed/rereferenced_trials\cellula_MI_data_1182.csv,left
1183,../data/processed/rereferenced_trials\cellula_MI_data_1183.csv,right
1184,../data/processed/rereferenced_trials\cellula_MI_data_1184.csv,left
1185,../data/processed/rereferenced_trials\cellula_MI_data_1185.csv,right
1186,../data/processed/rereferenced_trials\cellula_MI_data_1186.csv,left
1187,../data/processed/rereferenced_trials\cellula_MI_data_1187.csv,left
1188,../data/processed/rereferenced_trials\cellula_MI_data_1188.csv,right
1189,../data/processed/rereferenced_trials\cellula_MI_data_1189.csv,right
1190,../data/processed/rereferenced_trials\cellula_MI_data_1190.csv,right
1191,../data/processed/rereferenced_trials\cellula_MI_data_1191.csv,left
1192,../data/processed/rereferenced_trials\cellula_MI_data_1192.csv,left
1193,../data/processed/rereferenced_trials\cellula_MI_data_1193.csv,left
1194,../data/processed/rereferenced_trials\cellula_MI_data_1194.csv,right
1195,../data/processed/rereferenced_trials\cellula_MI_data_1195.csv,right
1196,../data/processed/rereferenced_trials\cellula_MI_data_1196.csv,left
1197,../data/processed/rereferenced_trials\cellula_MI_data_1197.csv,right
1198,../data/processed/rereferenced_trials\cellula_MI_data_1198.csv,right
1199,../data/processed/rereferenced_trials\cellula_MI_data_1199.csv,left
1200,../data/processed/rereferenced_trials\cellula_MI_data_1200.csv,right
1201,../data/processed/rereferenced_trials\cellula_MI_data_1201.csv,left
1202,../data/processed/rereferenced_trials\cellula_MI_data_1202.csv,right
1203,../data/processed/rereferenced_trials\cellula_MI_data_1203.csv,left
1204,../data/processed/rereferenced_trials\cellula_MI_data_1204.csv,left
1205,../data/processed/rereferenced_trials\cellula_MI_data_1205.csv,right
1206,../data/processed/rereferenced_trials\cellula_MI_data_1206.csv,left
1207,../data/processed/rereferenced_trials\cellula_MI_data_1207.csv,right
1208,../data/processed/rereferenced_trials\cellula_MI_data_1208.csv,right
1209,../data/processed/rereferenced_trials\cellula_MI_data_1209.csv,right
1210,../data/processed/rereferenced_trials\cellula_MI_data_1210.csv,left
1211,../data/processed/rereferenced_trials\cellula_MI_data_1211.csv,right
1212,../data/processed/rereferenced_trials\cellula_MI_data_1212.csv,left
1213,../data/processed/rereferenced_trials\cellula_MI_data_1213.csv,right
1214,../data/processed/rereferenced_trials\cellula_MI_data_1214.csv,right
1215,../data/processed/rereferenced_trials\cellula_MI_data_1215.csv,left
1216,../data/processed/rereferenced_trials\cellula_MI_data_1216.csv,right
1217,../data/processed/rereferenced_trials\cellula_MI_data_1217.csv,right
1218,../data/processed/rereferenced_trials\cellula_MI_data_1218.csv,right
1219,../data/processed/rereferenced_trials\cellula_MI_data_1219.csv,left
1220,../data/processed/rereferenced_trials\cellula_MI_data_1220.csv,right
1221,../data/processed/rereferenced_trials\cellula_MI_data_1221.csv,left
1222,../data/processed/rereferenced_trials\cellula_MI_data_1222.csv,right
1223,../data/processed/rereferenced_trials\cellula_MI_data_1223.csv,right
1224,../data/processed/rereferenced_trials\cellula_MI_data_1224.csv,right
1225,../data/processed/rereferenced_trials\cellula_MI_data_1225.csv,right
1226,../data/processed/rereferenced_trials\cellula_MI_data_1226.csv,left
1227,../data/processed/rereferenced_trials\cellula_MI_data_1227.csv,right
1228,../data/processed/rereferenced_trials\cellula_MI_data_1228.csv,right
1229,../data/processed/rereferenced_trials\cellula_MI_data_1229.csv,right
1230,../data/processed/rereferenced_trials\cellula_MI_data_1230.csv,right
1231,../data/processed/rereferenced_trials\cellula_MI_data_1231.csv,right
1232,../data/processed/rereferenced_trials\cellula_MI_data_1232.csv,right
1233,../data/processed/rereferenced_trials\cellula_MI_data_1233.csv,right
1234,../data/processed/rereferenced_trials\cellula_MI_data_1234.csv,left
1235,../data/processed/rereferenced_trials\cellula_MI_data_1235.csv,right
1236,../data/processed/rereferenced_trials\cellula_MI_data_1236.csv,left
1237,../data/processed/rereferenced_trials\cellula_MI_data_1237.csv,right
1238,../data/processed/rereferenced_trials\cellula_MI_data_1238.csv,left
1239,../data/processed/rereferenced_trials\cellula_MI_data_1239.csv,left
1240,../data/processed/rereferenced_trials\cellula_MI_data_1240.csv,right
1241,../data/processed/rereferenced_trials\cellula_MI_data_1241.csv,left
1242,../data/processed/rereferenced_trials\cellula_MI_data_1242.csv,left
1243,../data/processed/rereferenced_trials\cellula_MI_data_1243.csv,right
1244,../data/processed/rereferenced_trials\cellula_MI_data_1244.csv,left
1245,../data/processed/rereferenced_trials\cellula_MI_data_1245.csv,right
1246,../data/processed/rereferenced_trials\cellula_MI_data_1246.csv,left
1247,../data/processed/rereferenced_trials\cellula_MI_data_1247.csv,right
1248,../data/processed/rereferenced_trials\cellula_MI_data_1248.csv,left
1249,../data/processed/rereferenced_trials\cellula_MI_data_1249.csv,right
1250,../data/processed/rereferenced_trials\cellula_MI_data_1250.csv,right
1251,../data/processed/rereferenced_trials\cellula_MI_data_1251.csv,right
1252,../data/processed/rereferenced_trials\cellula_MI_data_1252.csv,right
1253,../data/processed/rereferenced_trials\cellula_MI_data_1253.csv,left
1254,../data/processed/rereferenced_trials\cellula_MI_data_1254.csv,right
1255,../data/processed/rereferenced_trials\cellula_MI_data_1255.csv,left
1256,../data/processed/rereferenced_trials\cellula_MI_data_1256.csv,right
1257,../data/processed/rereferenced_trials\cellula_MI_data_1257.csv,right
1258,../data/processed/rereferenced_trials\cellula_MI_data_1258.csv,right
1259,../data/processed/rereferenced_trials\cellula_MI_data_1259.csv,right
1260,../data/processed/rereferenced_trials\cellula_MI_data_1260.csv,right
1261,../data/processed/rereferenced_trials\cellula_MI_data_1261.csv,right
1262,../data/processed/rereferenced_trials\cellula_MI_data_1262.csv,right
1263,../data/processed/rereferenced_trials\cellula_MI_data_1263.csv,right
1264,../data/processed/rereferenced_trials\cellula_MI_data_1264.csv,right
1265,../data/processed/rereferenced_trials\cellula_MI_data_1265.csv,left
1266,../data/processed/rereferenced_trials\cellula_MI_data_1266.csv,right
1267,../data/processed/rereferenced_trials\cellula_MI_data_1267.csv,right
1268,../data/processed/rereferenced_trials\cellula_MI_data_1268.csv,right
1269,../data/processed/rereferenced_trials\cellula_MI_data_1269.csv,right
1270,../data/processed/rereferenced_trials\cellula_MI_data_1270.csv,right
1271,../data/processed/rereferenced_trials\cellula_MI_data_1271.csv,left
1272,../data/processed/rereferenced_trials\cellula_MI_data_1272.csv,left
1273,../data/processed/rereferenced_trials\cellula_MI_data_1273.csv,right
1274,../data/processed/rereferenced_trials\cellula_MI_data_1274.csv,left
1275,../data/processed/rereferenced_trials\cellula_MI_data_1275.csv,left
1276,../data/processed/rereferenced_trials\cellula_MI_data_1276.csv,left
1277,../data/processed/rereferenced_trials\cellula_MI_data_1277.csv,right
1278,../data/processed/rereferenced_trials\cellula_MI_data_1278.csv,right
1279,../data/processed/rereferenced_trials\cellula_MI_data_1279.csv,right
1280,../data/processed/rereferenced_trials\cellula_MI_data_1280.csv,left
1281,../data/processed/rereferenced_trials\cellula_MI_data_1281.csv,left
1282,../data/processed/rereferenced_trials\cellula_MI_data_1282.csv,left
1283,../data/processed/rereferenced_trials\cellula_MI_data_1283.csv,left
1284,../data/processed/rereferenced_trials\cellula_MI_data_1284.csv,right
1285,../data/processed/rereferenced_trials\cellula_MI_data_1285.csv,left
1286,../data/processed/rereferenced_trials\cellula_MI_data_1286.csv,right
1287,../data/processed/rereferenced_trials\cellula_MI_data_1287.csv,right
1288,../data/processed/rereferenced_trials\cellula_MI_data_1288.csv,left
1289,../data/processed/rereferenced_trials\cellula_MI_data_1289.csv,left
1290,../data/processed/rereferenced_trials\cellula_MI_data_1290.csv,left
1291,../data/processed/rereferenced_trials\cellula_MI_data_1291.csv,left
1292,../data/processed/rereferenced_trials\cellula_MI_data_1292.csv,right
1293,../data/processed/rereferenced_trials\cellula_MI_data_1293.csv,left
1294,../data/processed/rereferenced_trials\cellula_MI_data_1294.csv,left
1295,../data/processed/rereferenced_trials\cellula_MI_data_1295.csv,right
1296,../data/processed/rereferenced_trials\cellula_MI_data_1296.csv,left
1297,../data/processed/rereferenced_trials\cellula_MI_data_1297.csv,left
1298,../data/processed/rereferenced_trials\cellula_MI_data_1298.csv,left
1299,../data/processed/rereferenced_trials\cellula_MI_data_1299.csv,right
1300,../data/processed/rereferenced_trials\cellula_MI_data_1300.csv,left
1301,../data/processed/rereferenced_trials\cellula_MI_data_1301.csv,right
1302,../data/processed/rereferenced_trials\cellula_MI_data_1302.csv,left
1303,../data/processed/rereferenced_trials\cellula_MI_data_1303.csv,right
1304,../data/processed/rereferenced_trials\cellula_MI_data_1304.csv,left
1305,../data/processed/rereferenced_trials\cellula_MI_data_1305.csv,left
1306,../data/processed/rereferenced_trials\cellula_MI_data_1306.csv,left
1307,../data/processed/rereferenced_trials\cellula_MI_data_1307.csv,left
1308,../data/processed/rereferenced_trials\cellula_MI_data_1308.csv,right
1309,../data/processed/rereferenced_trials\cellula_MI_data_1309.csv,left
1310,../data/processed/rereferenced_trials\cellula_MI_data_1310.csv,right
1311,../data/processed/rereferenced_trials\cellula_MI_data_1311.csv,right
1312,../data/processed/rereferenced_trials\cellula_MI_data_1312.csv,left
1313,../data/processed/rereferenced_trials\cellula_MI_data_1313.csv,left
1314,../data/processed/rereferenced_trials\cellula_MI_data_1314.csv,left
1315,../data/processed/rereferenced_trials\cellula_MI_data_1315.csv,left
1316,../data/processed/rereferenced_trials\cellula_MI_data_1316.csv,left
1317,../data/processed/rereferenced_trials\cellula_MI_data_1317.csv,right
1318,../data/processed/rereferenced_trials\cellula_MI_data_1318.csv,left
1319,../data/processed/rereferenced_trials\cellula_MI_data_1319.csv,right
1320,../data/processed/rereferenced_trials\cellula_MI_data_1320.csv,left
1321,../data/processed/rereferenced_trials\cellula_MI_data_1321.csv,left
1322,../data/processed/rereferenced_trials\cellula_MI_data_1322.csv,right
1323,../data/processed/rereferenced_trials\cellula_MI_data_1323.csv,left
1324,../data/processed/rereferenced_trials\cellula_MI_data_1324.csv,right
1325,../data/processed/rereferenced_trials\cellula_MI_data_1325.csv,right
1326,../data/processed/rereferenced_trials\cellula_MI_data_1326.csv,left
1327,../data/processed/rereferenced_trials\cellula_MI_data_1327.csv,right
1328,../data/processed/rereferenced_trials\cellula_MI_data_1328.csv,right
1329,../data/processed/rereferenced_trials\cellula_MI_data_1329.csv,left
1330,../data/processed/rereferenced_trials\cellula_MI_data_1330.csv,right
1331,../data/processed/rereferenced_trials\cellula_MI_data_1331.csv,right
1332,../data/processed/rereferenced_trials\cellula_MI_data_1332.csv,left
1333,../data/processed/rereferenced_trials\cellula_MI_data_1333.csv,left
1334,../data/processed/rereferenced_trials\cellula_MI_data_1334.csv,left
1335,../data/processed/rereferenced_trials\cellula_MI_data_1335.csv,right
1336,../data/processed/rereferenced_trials\cellula_MI_data_1336.csv,right
1337,../data/processed/rereferenced_trials\cellula_MI_data_1337.csv,left
1338,../data/processed/rereferenced_trials\cellula_MI_data_1338.csv,left
1339,../data/processed/rereferenced_trials\cellula_MI_data_1339.csv,right
1340,../data/processed/rereferenced_trials\cellula_MI_data_1340.csv,right
1341,../data/processed/rereferenced_trials\cellula_MI_data_1341.csv,left
1342,../data/processed/rereferenced_trials\cellula_MI_data_1342.csv,right
1343,../data/processed/rereferenced_trials\cellula_MI_data_1343.csv,right
1344,../data/processed/rereferenced_trials\cellula_MI_data_1344.csv,left
1345,../data/processed/rereferenced_trials\cellula_MI_data_1345.csv,right
1346,../data/processed/rereferenced_trials\cellula_MI_data_1346.csv,left
1347,../data/processed/rereferenced_trials\cellula_MI_data_1347.csv,right
1348,../data/processed/rereferenced_trials\cellula_MI_data_1348.csv,right
1349,../data/processed/rereferenced_trials\cellula_MI_data_1349.csv,left
1350,../data/processed/rereferenced_trials\cellula_MI_data_1350.csv,left
1351,../data/processed/rereferenced_trials\cellula_MI_data_1351.csv,left
1352,../data/processed/rereferenced_trials\cellula_MI_data_1352.csv,left
1353,../data/processed/rereferenced_trials\cellula_MI_data_1353.csv,left
1354,../data/processed/rereferenced_trials\cellula_MI_data_1354.csv,left
1355,../data/processed/rereferenced_trials\cellula_MI_data_1355.csv,right
1356,../data/processed/rereferenced_trials\cellula_MI_data_1356.csv,right
1357,../data/processed/rereferenced_trials\cellula_MI_data_1357.csv,right
1358,../data/processed/rereferenced_trials\cellula_MI_data_1358.csv,right
1359,../data/processed/rereferenced_trials\cellula_MI_data_1359.csv,right
1360,../data/processed/rereferenced_trials\cellula_MI_data_1360.csv,right
1361,../data/processed/rereferenced_trials\cellula_MI_data_1361.csv,right
1362,../data/processed/rereferenced_trials\cellula_MI_data_1362.csv,left
1363,../data/processed/rereferenced_trials\cellula_MI_data_1363.csv,right
1364,../data/processed/rereferenced_trials\cellula_MI_data_1364.csv,left
1365,../data/processed/rereferenced_trials\cellula_MI_data_1365.csv,right
1366,../data/processed/rereferenced_trials\cellula_MI_data_1366.csv,left
1367,../data/processed/rereferenced_trials\cellula_MI_data_1367.csv,right
1368,../data/processed/rereferenced_trials\cellula_MI_data_1368.csv,right
1369,../data/processed/rereferenced_trials\cellula_MI_data_1369.csv,right
1370,../data/processed/rereferenced_trials\cellula_MI_data_1370.csv,right
1371,../data/processed/rereferenced_trials\cellula_MI_data_1371.csv,right
1372,../data/processed/rereferenced_trials\cellula_MI_data_1372.csv,left
1373,../data/processed/rereferenced_trials\cellula_MI_data_1373.csv,right
1374,../data/processed/rereferenced_trials\cellula_MI_data_1374.csv,right
1375,../data/processed/rereferenced_trials\cellula_MI_data_1375.csv,right
1376,../data/processed/rereferenced_trials\cellula_MI_data_1376.csv,left
1377,../data/processed/rereferenced_trials\cellula_MI_data_1377.csv,right
1379,../data/processed/rereferenced_trials\cellula_MI_data_1379.csv,right
1380,../data/processed/rereferenced_trials\cellula_MI_data_1380.csv,right
1381,../data/processed/rereferenced_trials\cellula_MI_data_1381.csv,right
1382,../data/processed/rereferenced_trials\cellula_MI_data_1382.csv,right
1383,../data/processed/rereferenced_trials\cellula_MI_data_1383.csv,right
1384,../data/processed/rereferenced_trials\cellula_MI_data_1384.csv,left
1385,../data/processed/rereferenced_trials\cellula_MI_data_1385.csv,right
1386,../data/processed/rereferenced_trials\cellula_MI_data_1386.csv,right
1389,../data/processed/rereferenced_trials\cellula_MI_data_1389.csv,left
1390,../data/processed/rereferenced_trials\cellula_MI_data_1390.csv,right
1391,../data/processed/rereferenced_trials\cellula_MI_data_1391.csv,left
1392,../data/processed/rereferenced_trials\cellula_MI_data_1392.csv,left
1393,../data/processed/rereferenced_trials\cellula_MI_data_1393.csv,right
1394,../data/processed/rereferenced_trials\cellula_MI_data_1394.csv,right
1395,../data/processed/rereferenced_trials\cellula_MI_data_1395.csv,right
1396,../data/processed/rereferenced_trials\cellula_MI_data_1396.csv,left
1397,../data/processed/rereferenced_trials\cellula_MI_data_1397.csv,right
1398,../data/processed/rereferenced_trials\cellula_MI_data_1398.csv,right
1399,../data/processed/rereferenced_trials\cellula_MI_data_1399.csv,right
1400,../data/processed/rereferenced_trials\cellula_MI_data_1400.csv,left
1401,../data/processed/rereferenced_trials\cellula_MI_data_1401.csv,left
1402,../data/processed/rereferenced_trials\cellula_MI_data_1402.csv,right
1403,../data/processed/rereferenced_trials\cellula_MI_data_1403.csv,left
1404,../data/processed/rereferenced_trials\cellula_MI_data_1404.csv,right
1405,../data/processed/rereferenced_trials\cellula_MI_data_1405.csv,left
1406,../data/processed/rereferenced_trials\cellula_MI_data_1406.csv,left
1407,../data/processed/rereferenced_trials\cellula_MI_data_1407.csv,right
1408,../data/processed/rereferenced_trials\cellula_MI_data_1408.csv,left
1409,../data/processed/rereferenced_trials\cellula_MI_data_1409.csv,left
1410,../data/processed/rereferenced_trials\cellula_MI_data_1410.csv,right
1411,../data/processed/rereferenced_trials\cellula_MI_data_1411.csv,right
1412,../data/processed/rereferenced_trials\cellula_MI_data_1412.csv,left
1413,../data/processed/rereferenced_trials\cellula_MI_data_1413.csv,left
1423,../data/processed/rereferenced_trials\cellula_MI_data_1423.csv,right
1424,../data/processed/rereferenced_trials\cellula_MI_data_1424.csv,left
1425,../data/processed/rereferenced_trials\cellula_MI_data_1425.csv,right
1426,../data/processed/rereferenced_trials\cellula_MI_data_1426.csv,left
1427,../data/processed/rereferenced_trials\cellula_MI_data_1427.csv,right
1428,../data/processed/rereferenced_trials\cellula_MI_data_1428.csv,left
1429,../data/processed/rereferenced_trials\cellula_MI_data_1429.csv,right
1430,../data/processed/rereferenced_trials\cellula_MI_data_1430.csv,left
1431,../data/processed/rereferenced_trials\cellula_MI_data_1431.csv,left
1432,../data/processed/rereferenced_trials\cellula_MI_data_1432.csv,left
1433,../data/processed/rereferenced_trials\cellula_MI_data_1433.csv,left
1434,../data/processed/rereferenced_trials\cellula_MI_data_1434.csv,left
1435,../data/processed/rereferenced_trials\cellula_MI_data_1435.csv,right
1436,../data/processed/rereferenced_trials\cellula_MI_data_1436.csv,left
1437,../data/processed/rereferenced_trials\cellula_MI_data_1437.csv,right
1438,../data/processed/rereferenced_trials\cellula_MI_data_1438.csv,left
1439,../data/processed/rereferenced_trials\cellula_MI_data_1439.csv,left
1440,../data/processed/rereferenced_trials\cellula_MI_data_1440.csv,left
1441,../data/processed/rereferenced_trials\cellula_MI_data_1441.csv,right
1442,../data/processed/rereferenced_trials\cellula_MI_data_1442.csv,right
1443,../data/processed/rereferenced_trials\cellula_MI_data_1443.csv,right
1444,../data/processed/rereferenced_trials\cellula_MI_data_1444.csv,left
1445,../data/processed/rereferenced_trials\cellula_MI_data_1445.csv,right
1446,../data/processed/rereferenced_trials\cellula_MI_data_1446.csv,left
1447,../data/processed/rereferenced_trials\cellula_MI_data_1447.csv,right
1448,../data/processed/rereferenced_trials\cellula_MI_data_1448.csv,right
1449,../data/processed/rereferenced_trials\cellula_MI_data_1449.csv,left
1450,../data/processed/rereferenced_trials\cellula_MI_data_1450.csv,right
1451,../data/processed/rereferenced_trials\cellula_MI_data_1451.csv,left
1452,../data/processed/rereferenced_trials\cellula_MI_data_1452.csv,left
1453,../data/processed/rereferenced_trials\cellula_MI_data_1453.csv,left
1454,../data/processed/rereferenced_trials\cellula_MI_data_1454.csv,right
1455,../data/processed/rereferenced_trials\cellula_MI_data_1455.csv,right
1456,../data/processed/rereferenced_trials\cellula_MI_data_1456.csv,right
1457,../data/processed/rereferenced_trials\cellula_MI_data_1457.csv,left
1458,../data/processed/rereferenced_trials\cellula_MI_data_1458.csv,left
1459,../data/processed/rereferenced_trials\cellula_MI_data_1459.csv,right
1460,../data/processed/rereferenced_trials\cellula_MI_data_1460.csv,left
1461,../data/processed/rereferenced_trials\cellula_MI_data_1461.csv,right
1462,../data/processed/rereferenced_trials\cellula_MI_data_1462.csv,right
1463,../data/processed/rereferenced_trials\cellula_MI_data_1463.csv,right
1464,../data/processed/rereferenced_trials\cellula_MI_data_1464.csv,right
1465,../data/processed/rereferenced_trials\cellula_MI_data_1465.csv,right
1466,../data/processed/rereferenced_trials\cellula_MI_data_1466.csv,right
1467,../data/processed/rereferenced_trials\cellula_MI_data_1467.csv,right
1468,../data/processed/rereferenced_trials\cellula_MI_data_1468.csv,right
1469,../data/processed/rereferenced_trials\cellula_MI_data_1469.csv,left
1470,../data/processed/rereferenced_trials\cellula_MI_data_1470.csv,left
1471,../data/processed/rereferenced_trials\cellula_MI_data_1471.csv,right
1472,../data/processed/rereferenced_trials\cellula_MI_data_1472.csv,left
1473,../data/processed/rereferenced_trials\cellula_MI_data_1473.csv,right
1474,../data/processed/rereferenced_trials\cellula_MI_data_1474.csv,left
1475,../data/processed/rereferenced_trials\cellula_MI_data_1475.csv,right
1476,../data/processed/rereferenced_trials\cellula_MI_data_1476.csv,left
1477,../data/processed/rereferenced_trials\cellula_MI_data_1477.csv,right
1478,../data/processed/rereferenced_trials\cellula_MI_data_1478.csv,left
1479,../data/processed/rereferenced_trials\cellula_MI_data_1479.csv,left
1480,../data/processed/rereferenced_trials\cellula_MI_data_1480.csv,right
1481,../data/processed/rereferenced_trials\cellula_MI_data_1481.csv,left
1482,../data/processed/rereferenced_trials\cellula_MI_data_1482.csv,right
1483,../data/processed/rereferenced_trials\cellula_MI_data_1483.csv,right
1484,../data/processed/rereferenced_trials\cellula_MI_data_1484.csv,right
1485,../data/processed/rereferenced_trials\cellula_MI_data_1485.csv,right
1486,../data/processed/rereferenced_trials\cellula_MI_data_1486.csv,left
1487,../data/processed/rereferenced_trials\cellula_MI_data_1487.csv,right
1488,../data/processed/rereferenced_trials\cellula_MI_data_1488.csv,right
1489,../data/processed/rereferenced_trials\cellula_MI_data_1489.csv,left
1490,../data/processed/rereferenced_trials\cellula_MI_data_1490.csv,right
1491,../data/processed/rereferenced_trials\cellula_MI_data_1491.csv,left
1492,../data/processed/rereferenced_trials\cellula_MI_data_1492.csv,right
1493,../data/processed/rereferenced_trials\cellula_MI_data_1493.csv,left
1494,../data/processed/rereferenced_trials\cellula_MI_data_1494.csv,right
1495,../data/processed/rereferenced_trials\cellula_MI_data_1495.csv,right
1496,../data/processed/rereferenced_trials\cellula_MI_data_1496.csv,left
1497,../data/processed/rereferenced_trials\cellula_MI_data_1497.csv,left
1498,../data/processed/rereferenced_trials\cellula_MI_data_1498.csv,left
1499,../data/processed/rereferenced_trials\cellula_MI_data_1499.csv,left
1500,../data/processed/rereferenced_trials\cellula_MI_data_1500.csv,left
1501,../data/processed/rereferenced_trials\cellula_MI_data_1501.csv,left
1502,../data/processed/rereferenced_trials\cellula_MI_data_1502.csv,right
1503,../data/processed/rereferenced_trials\cellula_MI_data_1503.csv,right
1504,../data/processed/rereferenced_trials\cellula_MI_data_1504.csv,left
1505,../data/processed/rereferenced_trials\cellula_MI_data_1505.csv,left
1506,../data/processed/rereferenced_trials\cellula_MI_data_1506.csv,left
1507,../data/processed/rereferenced_trials\cellula_MI_data_1507.csv,right
1508,../data/processed/rereferenced_trials\cellula_MI_data_1508.csv,left
1509,../data/processed/rereferenced_trials\cellula_MI_data_1509.csv,right
1510,../data/processed/rereferenced_trials\cellula_MI_data_1510.csv,right
1511,../data/processed/rereferenced_trials\cellula_MI_data_1511.csv,right
1512,../data/processed/rereferenced_trials\cellula_MI_data_1512.csv,right
1513,../data/processed/rereferenced_trials\cellula_MI_data_1513.csv,left
1514,../data/processed/rereferenced_trials\cellula_MI_data_1514.csv,left
1515,../data/processed/rereferenced_trials\cellula_MI_data_1515.csv,right
1516,../data/processed/rereferenced_trials\cellula_MI_data_1516.csv,right
1517,../data/processed/rereferenced_trials\cellula_MI_data_1517.csv,right
1518,../data/processed/rereferenced_trials\cellula_MI_data_1518.csv,left
1519,../data/processed/rereferenced_trials\cellula_MI_data_1519.csv,left
1520,../data/processed/rereferenced_trials\cellula_MI_data_1520.csv,right
1521,../data/processed/rereferenced_trials\cellula_MI_data_1521.csv,right
1522,../data/processed/rereferenced_trials\cellula_MI_data_1522.csv,right
1523,../data/processed/rereferenced_trials\cellula_MI_data_1523.csv,left
1524,../data/processed/rereferenced_trials\cellula_MI_data_1524.csv,left
1525,../data/processed/rereferenced_trials\cellula_MI_data_1525.csv,right
1526,../data/processed/rereferenced_trials\cellula_MI_data_1526.csv,left
1527,../data/processed/rereferenced_trials\cellula_MI_data_1527.csv,right
1528,../data/processed/rereferenced_trials\cellula_MI_data_1528.csv,left
1529,../data/processed/rereferenced_trials\cellula_MI_data_1529.csv,right
1530,../data/processed/rereferenced_trials\cellula_MI_data_1530.csv,left
1531,../data/processed/rereferenced_trials\cellula_MI_data_1531.csv,left
1532,../data/processed/rereferenced_trials\cellula_MI_data_1532.csv,left
1533,../data/processed/rereferenced_trials\cellula_MI_data_1533.csv,left
1534,../data/processed/rereferenced_trials\cellula_MI_data_1534.csv,right
1535,../data/processed/rereferenced_trials\cellula_MI_data_1535.csv,left
1536,../data/processed/rereferenced_trials\cellula_MI_data_1536.csv,right
1537,../data/processed/rereferenced_trials\cellula_MI_data_1537.csv,left
1538,../data/processed/rereferenced_trials\cellula_MI_data_1538.csv,right
1539,../data/processed/rereferenced_trials\cellula_MI_data_1539.csv,left
1540,../data/processed/rereferenced_trials\cellula_MI_data_1540.csv,right
1541,../data/processed/rereferenced_trials\cellula_MI_data_1541.csv,left
1542,../data/processed/rereferenced_trials\cellula_MI_data_1542.csv,right
1543,../data/processed/rereferenced_trials\cellula_MI_data_1543.csv,right
1544,../data/processed/rereferenced_trials\cellula_MI_data_1544.csv,left
1545,../data/processed/rereferenced_trials\cellula_MI_data_1545.csv,right
1546,../data/processed/rereferenced_trials\cellula_MI_data_1546.csv,left
1547,../data/processed/rereferenced_trials\cellula_MI_data_1547.csv,left
1548,../data/processed/rereferenced_trials\cellula_MI_data_1548.csv,right
1549,../data/processed/rereferenced_trials\cellula_MI_data_1549.csv,left
1550,../data/processed/rereferenced_trials\cellula_MI_data_1550.csv,right
1551,../data/processed/rereferenced_trials\cellula_MI_data_1551.csv,right
1552,../data/processed/rereferenced_trials\cellula_MI_data_1552.csv,left
1553,../data/processed/rereferenced_trials\cellula_MI_data_1553.csv,left
1554,../data/processed/rereferenced_trials\cellula_MI_data_1554.csv,left
1555,../data/processed/rereferenced_trials\cellula_MI_data_1555.csv,right
1556,../data/processed/rereferenced_trials\cellula_MI_data_1556.csv,right
1557,../data/processed/rereferenced_trials\cellula_MI_data_1557.csv,left
1558,../data/processed/rereferenced_trials\cellula_MI_data_1558.csv,left
1559,../data/processed/rereferenced_trials\cellula_MI_data_1559.csv,left
1560,../data/processed/rereferenced_trials\cellula_MI_data_1560.csv,left
1561,../data/processed/rereferenced_trials\cellula_MI_data_1561.csv,right
1562,../data/processed/rereferenced_trials\cellula_MI_data_1562.csv,right
1563,../data/processed/rereferenced_trials\cellula_MI_data_1563.csv,right
1564,../data/processed/rereferenced_trials\cellula_MI_data_1564.csv,left
1565,../data/processed/rereferenced_trials\cellula_MI_data_1565.csv,right
1566,../data/processed/rereferenced_trials\cellula_MI_data_1566.csv,left
1567,../data/processed/rereferenced_trials\cellula_MI_data_1567.csv,right
1568,../data/processed/rereferenced_trials\cellula_MI_data_1568.csv,left
1569,../data/processed/rereferenced_trials\cellula_MI_data_1569.csv,left
1570,../data/processed/rereferenced_trials\cellula_MI_data_1570.csv,left
1571,../data/processed/rereferenced_trials\cellula_MI_data_1571.csv,left
1572,../data/processed/rereferenced_trials\cellula_MI_data_1572.csv,left
1573,../data/processed/rereferenced_trials\cellula_MI_data_1573.csv,right
1574,../data/processed/rereferenced_trials\cellula_MI_data_1574.csv,right
1575,../data/processed/rereferenced_trials\cellula_MI_data_1575.csv,left
1576,../data/processed/rereferenced_trials\cellula_MI_data_1576.csv,right
1577,../data/processed/rereferenced_trials\cellula_MI_data_1577.csv,left
1578,../data/processed/rereferenced_trials\cellula_MI_data_1578.csv,left
1579,../data/processed/rereferenced_trials\cellula_MI_data_1579.csv,right
1580,../data/processed/rereferenced_trials\cellula_MI_data_1580.csv,right
1581,../data/processed/rereferenced_trials\cellula_MI_data_1581.csv,left
1582,../data/processed/rereferenced_trials\cellula_MI_data_1582.csv,right
1583,../data/processed/rereferenced_trials\cellula_MI_data_1583.csv,left
1584,../data/processed/rereferenced_trials\cellula_MI_data_1584.csv,right
1585,../data/processed/rereferenced_trials\cellula_MI_data_1585.csv,left
1586,../data/processed/rereferenced_trials\cellula_MI_data_1586.csv,left
1587,../data/processed/rereferenced_trials\cellula_MI_data_1587.csv,left
1588,../data/processed/rereferenced_trials\cellula_MI_data_1588.csv,right
1589,../data/processed/rereferenced_trials\cellula_MI_data_1589.csv,left
1590,../data/processed/rereferenced_trials\cellula_MI_data_1590.csv,right
1591,../data/processed/rereferenced_trials\cellula_MI_data_1591.csv,left
1592,../data/processed/rereferenced_trials\cellula_MI_data_1592.csv,right
1593,../data/processed/rereferenced_trials\cellula_MI_data_1593.csv,right
1594,../data/processed/rereferenced_trials\cellula_MI_data_1594.csv,right
1595,../data/processed/rereferenced_trials\cellula_MI_data_1595.csv,left
1596,../data/processed/rereferenced_trials\cellula_MI_data_1596.csv,left
1597,../data/processed/rereferenced_trials\cellula_MI_data_1597.csv,left
1598,../data/processed/rereferenced_trials\cellula_MI_data_1598.csv,left
1599,../data/processed/rereferenced_trials\cellula_MI_data_1599.csv,left
1600,../data/processed/rereferenced_trials\cellula_MI_data_1600.csv,right
1601,../data/processed/rereferenced_trials\cellula_MI_data_1601.csv,left
1602,../data/processed/rereferenced_trials\cellula_MI_data_1602.csv,left
1603,../data/processed/rereferenced_trials\cellula_MI_data_1603.csv,left
1604,../data/processed/rereferenced_trials\cellula_MI_data_1604.csv,right
1605,../data/processed/rereferenced_trials\cellula_MI_data_1605.csv,right
1606,../data/processed/rereferenced_trials\cellula_MI_data_1606.csv,right
1607,../data/processed/rereferenced_trials\cellula_MI_data_1607.csv,left
1608,../data/processed/rereferenced_trials\cellula_MI_data_1608.csv,right
1609,../data/processed/rereferenced_trials\cellula_MI_data_1609.csv,left
1610,../data/processed/rereferenced_trials\cellula_MI_data_1610.csv,right
1611,../data/processed/rereferenced_trials\cellula_MI_data_1611.csv,left
1612,../data/processed/rereferenced_trials\cellula_MI_data_1612.csv,left
1613,../data/processed/rereferenced_trials\cellula_MI_data_1613.csv,right
1614,../data/processed/rereferenced_trials\cellula_MI_data_1614.csv,right
1615,../data/processed/rereferenced_trials\cellula_MI_data_1615.csv,left
1616,../data/processed/rereferenced_trials\cellula_MI_data_1616.csv,left
1617,../data/processed/rereferenced_trials\cellula_MI_data_1617.csv,right
1618,../data/processed/rereferenced_trials\cellula_MI_data_1618.csv,left
1619,../data/processed/rereferenced_trials\cellula_MI_data_1619.csv,right
1620,../data/processed/rereferenced_trials\cellula_MI_data_1620.csv,right
1621,../data/processed/rereferenced_trials\cellula_MI_data_1621.csv,left
1622,../data/processed/rereferenced_trials\cellula_MI_data_1622.csv,left
1623,../data/processed/rereferenced_trials\cellula_MI_data_1623.csv,right
1624,../data/processed/rereferenced_trials\cellula_MI_data_1624.csv,left
1625,../data/processed/rereferenced_trials\cellula_MI_data_1625.csv,right
1626,../data/processed/rereferenced_trials\cellula_MI_data_1626.csv,right
1627,../data/processed/rereferenced_trials\cellula_MI_data_1627.csv,left
1628,../data/processed/rereferenced_trials\cellula_MI_data_1628.csv,left
1629,../data/processed/rereferenced_trials\cellula_MI_data_1629.csv,right
1630,../data/processed/rereferenced_trials\cellula_MI_data_1630.csv,left
1631,../data/processed/rereferenced_trials\cellula_MI_data_1631.csv,left
1632,../data/processed/rereferenced_trials\cellula_MI_data_1632.csv,left
1633,../data/processed/rereferenced_trials\cellula_MI_data_1633.csv,left
1634,../data/processed/rereferenced_trials\cellula_MI_data_1634.csv,left
1635,../data/processed/rereferenced_trials\cellula_MI_data_1635.csv,left
1636,../data/processed/rereferenced_trials\cellula_MI_data_1636.csv,right
1637,../data/processed/rereferenced_trials\cellula_MI_data_1637.csv,left
1638,../data/processed/rereferenced_trials\cellula_MI_data_1638.csv,left
1639,../data/processed/rereferenced_trials\cellula_MI_data_1639.csv,left
1640,../data/processed/rereferenced_trials\cellula_MI_data_1640.csv,right
1641,../data/processed/rereferenced_trials\cellula_MI_data_1641.csv,right
1642,../data/processed/rereferenced_trials\cellula_MI_data_1642.csv,left
1643,../data/processed/rereferenced_trials\cellula_MI_data_1643.csv,left
1644,../data/processed/rereferenced_trials\cellula_MI_data_1644.csv,left
1645,../data/processed/rereferenced_trials\cellula_MI_data_1645.csv,right
1646,../data/processed/rereferenced_trials\cellula_MI_data_1646.csv,left
1647,../data/processed/rereferenced_trials\cellula_MI_data_1647.csv,right
1648,../data/processed/rereferenced_trials\cellula_MI_data_1648.csv,left
1649,../data/processed/rereferenced_trials\cellula_MI_data_1649.csv,left
1650,../data/processed/rereferenced_trials\cellula_MI_data_1650.csv,left
1651,../data/processed/rereferenced_trials\cellula_MI_data_1651.csv,left
1652,../data/processed/rereferenced_trials\cellula_MI_data_1652.csv,right
1653,../data/processed/rereferenced_trials\cellula_MI_data_1653.csv,right
1654,../data/processed/rereferenced_trials\cellula_MI_data_1654.csv,left
1655,../data/processed/rereferenced_trials\cellula_MI_data_1655.csv,left
1656,../data/processed/rereferenced_trials\cellula_MI_data_1656.csv,left
1657,../data/processed/rereferenced_trials\cellula_MI_data_1657.csv,left
1658,../data/processed/rereferenced_trials\cellula_MI_data_1658.csv,left
1659,../data/processed/rereferenced_trials\cellula_MI_data_1659.csv,left
1660,../data/processed/rereferenced_trials\cellula_MI_data_1660.csv,right
1661,../data/processed/rereferenced_trials\cellula_MI_data_1661.csv,right
1662,../data/processed/rereferenced_trials\cellula_MI_data_1662.csv,left
1663,../data/processed/rereferenced_trials\cellula_MI_data_1663.csv,left
1664,../data/processed/rereferenced_trials\cellula_MI_data_1664.csv,right
1665,../data/processed/rereferenced_trials\cellula_MI_data_1665.csv,left
1666,../data/processed/rereferenced_trials\cellula_MI_data_1666.csv,left
1667,../data/processed/rereferenced_trials\cellula_MI_data_1667.csv,left
1668,../data/processed/rereferenced_trials\cellula_MI_data_1668.csv,left
1669,../data/processed/rereferenced_trials\cellula_MI_data_1669.csv,right
1670,../data/processed/rereferenced_trials\cellula_MI_data_1670.csv,right
1671,../data/processed/rereferenced_trials\cellula_MI_data_1671.csv,right
1672,../data/processed/rereferenced_trials\cellula_MI_data_1672.csv,left
1673,../data/processed/rereferenced_trials\cellula_MI_data_1673.csv,left
1674,../data/processed/rereferenced_trials\cellula_MI_data_1674.csv,right
1675,../data/processed/rereferenced_trials\cellula_MI_data_1675.csv,left
1676,../data/processed/rereferenced_trials\cellula_MI_data_1676.csv,left
1677,../data/processed/rereferenced_trials\cellula_MI_data_1677.csv,left
1678,../data/processed/rereferenced_trials\cellula_MI_data_1678.csv,right
1679,../data/processed/rereferenced_trials\cellula_MI_data_1679.csv,left
1680,../data/processed/rereferenced_trials\cellula_MI_data_1680.csv,right
1681,../data/processed/rereferenced_trials\cellula_MI_data_1681.csv,right
1682,../data/processed/rereferenced_trials\cellula_MI_data_1682.csv,right
1683,../data/processed/rereferenced_trials\cellula_MI_data_1683.csv,right
1684,../data/processed/rereferenced_trials\cellula_MI_data_1684.csv,right
1685,../data/processed/rereferenced_trials\cellula_MI_data_1685.csv,right
1686,../data/processed/rereferenced_trials\cellula_MI_data_1686.csv,left
1687,../data/processed/rereferenced_trials\cellula_MI_data_1687.csv,right
1688,../data/processed/rereferenced_trials\cellula_MI_data_1688.csv,left
1689,../data/processed/rereferenced_trials\cellula_MI_data_1689.csv,right
1690,../data/processed/rereferenced_trials\cellula_MI_data_1690.csv,right
1691,../data/processed/rereferenced_trials\cellula_MI_data_1691.csv,right
1692,../data/processed/rereferenced_trials\cellula_MI_data_1692.csv,right
1693,../data/processed/rereferenced_trials\cellula_MI_data_1693.csv,right
1694,../data/processed/rereferenced_trials\cellula_MI_data_1694.csv,right
1695,../data/processed/rereferenced_trials\cellula_MI_data_1695.csv,left
1696,../data/processed/rereferenced_trials\cellula_MI_data_1696.csv,right
1697,../data/processed/rereferenced_trials\cellula_MI_data_1697.csv,left
1698,../data/processed/rereferenced_trials\cellula_MI_data_1698.csv,right
1699,../data/processed/rereferenced_trials\cellula_MI_data_1699.csv,right
1700,../data/processed/rereferenced_trials\cellula_MI_data_1700.csv,right
1701,../data/processed/rereferenced_trials\cellula_MI_data_1701.csv,left
1702,../data/processed/rereferenced_trials\cellula_MI_data_1702.csv,left
1703,../data/processed/rereferenced_trials\cellula_MI_data_1703.csv,left
1704,../data/processed/rereferenced_trials\cellula_MI_data_1704.csv,left
1705,../data/processed/rereferenced_trials\cellula_MI_data_1705.csv,right
1706,../data/processed/rereferenced_trials\cellula_MI_data_1706.csv,right
1707,../data/processed/rereferenced_trials\cellula_MI_data_1707.csv,left
1708,../data/processed/rereferenced_trials\cellula_MI_data_1708.csv,left
1709,../data/processed/rereferenced_trials\cellula_MI_data_1709.csv,right
1710,../data/processed/rereferenced_trials\cellula_MI_data_1710.csv,right
1711,../data/processed/rereferenced_trials\cellula_MI_data_1711.csv,left
1712,../data/processed/rereferenced_trials\cellula_MI_data_1712.csv,right
1713,../data/processed/rereferenced_trials\cellula_MI_data_1713.csv,right
1714,../data/processed/rereferenced_trials\cellula_MI_data_1714.csv,right
1715,../data/processed/rereferenced_trials\cellula_MI_data_1715.csv,left
1716,../data/processed/rereferenced_trials\cellula_MI_data_1716.csv,right
1717,../data/processed/rereferenced_trials\cellula_MI_data_1717.csv,right
1718,../data/processed/rereferenced_trials\cellula_MI_data_1718.csv,right
1719,../data/processed/rereferenced_trials\cellula_MI_data_1719.csv,right
1720,../data/processed/rereferenced_trials\cellula_MI_data_1720.csv,left
1721,../data/processed/rereferenced_trials\cellula_MI_data_1721.csv,left
1722,../data/processed/rereferenced_trials\cellula_MI_data_1722.csv,right
1723,../data/processed/rereferenced_trials\cellula_MI_data_1723.csv,right
1724,../data/processed/rereferenced_trials\cellula_MI_data_1724.csv,left
1725,../data/processed/rereferenced_trials\cellula_MI_data_1725.csv,right
1726,../data/processed/rereferenced_trials\cellula_MI_data_1726.csv,left
1727,../data/processed/rereferenced_trials\cellula_MI_data_1727.csv,left
1728,../data/processed/rereferenced_trials\cellula_MI_data_1728.csv,left
1729,../data/processed/rereferenced_trials\cellula_MI_data_1729.csv,right
1730,../data/processed/rereferenced_trials\cellula_MI_data_1730.csv,left
1731,../data/processed/rereferenced_trials\cellula_MI_data_1731.csv,left
1732,../data/processed/rereferenced_trials\cellula_MI_data_1732.csv,left
1733,../data/processed/rereferenced_trials\cellula_MI_data_1733.csv,right
1734,../data/processed/rereferenced_trials\cellula_MI_data_1734.csv,left
1735,../data/processed/rereferenced_trials\cellula_MI_data_1735.csv,right
1736,../data/processed/rereferenced_trials\cellula_MI_data_1736.csv,left
1737,../data/processed/rereferenced_trials\cellula_MI_data_1737.csv,right
1738,../data/processed/rereferenced_trials\cellula_MI_data_1738.csv,left
1739,../data/processed/rereferenced_trials\cellula_MI_data_1739.csv,left
1740,../data/processed/rereferenced_trials\cellula_MI_data_1740.csv,left
1741,../data/processed/rereferenced_trials\cellula_MI_data_1741.csv,left
1742,../data/processed/rereferenced_trials\cellula_MI_data_1742.csv,left
1743,../data/processed/rereferenced_trials\cellula_MI_data_1743.csv,right
1744,../data/processed/rereferenced_trials\cellula_MI_data_1744.csv,left
1745,../data/processed/rereferenced_trials\cellula_MI_data_1745.csv,left
1746,../data/processed/rereferenced_trials\cellula_MI_data_1746.csv,left
1747,../data/processed/rereferenced_trials\cellula_MI_data_1747.csv,left
1748,../data/processed/rereferenced_trials\cellula_MI_data_1748.csv,right
1749,../data/processed/rereferenced_trials\cellula_MI_data_1749.csv,left
1750,../data/processed/rereferenced_trials\cellula_MI_data_1750.csv,right
1751,../data/processed/rereferenced_trials\cellula_MI_data_1751.csv,left
1752,../data/processed/rereferenced_trials\cellula_MI_data_1752.csv,left
1753,../data/processed/rereferenced_trials\cellula_MI_data_1753.csv,right
1754,../data/processed/rereferenced_trials\cellula_MI_data_1754.csv,left
1755,../data/processed/rereferenced_trials\cellula_MI_data_1755.csv,left
1756,../data/processed/rereferenced_trials\cellula_MI_data_1756.csv,right
1757,../data/processed/rereferenced_trials\cellula_MI_data_1757.csv,left
1758,../data/processed/rereferenced_trials\cellula_MI_data_1758.csv,right
1759,../data/processed/rereferenced_trials\cellula_MI_data_1759.csv,left
1760,../data/processed/rereferenced_trials\cellula_MI_data_1760.csv,right
1761,../data/processed/rereferenced_trials\cellula_MI_data_1761.csv,left
1762,../data/processed/rereferenced_trials\cellula_MI_data_1762.csv,right
1763,../data/processed/rereferenced_trials\cellula_MI_data_1763.csv,left
1764,../data/processed/rereferenced_trials\cellula_MI_data_1764.csv,left
1765,../data/processed/rereferenced_trials\cellula_MI_data_1765.csv,right
1766,../data/processed/rereferenced_trials\cellula_MI_data_1766.csv,left
1767,../data/processed/rereferenced_trials\cellula_MI_data_1767.csv,right
1768,../data/processed/rereferenced_trials\cellula_MI_data_1768.csv,left
1769,../data/processed/rereferenced_trials\cellula_MI_data_1769.csv,right
1770,../data/processed/rereferenced_trials\cellula_MI_data_1770.csv,left
1771,../data/processed/rereferenced_trials\cellula_MI_data_1771.csv,left
1772,../data/processed/rereferenced_trials\cellula_MI_data_1772.csv,right
1773,../data/processed/rereferenced_trials\cellula_MI_data_1773.csv,left
1774,../data/processed/rereferenced_trials\cellula_MI_data_1774.csv,right
1775,../data/processed/rereferenced_trials\cellula_MI_data_1775.csv,left
1776,../data/processed/rereferenced_trials\cellula_MI_data_1776.csv,right
1777,../data/processed/rereferenced_trials\cellula_MI_data_1777.csv,left
1778,../data/processed/rereferenced_trials\cellula_MI_data_1778.csv,left
1779,../data/processed/rereferenced_trials\cellula_MI_data_1779.csv,left
1780,../data/processed/rereferenced_trials\cellula_MI_data_1780.csv,left
1781,../data/processed/rereferenced_trials\cellula_MI_data_1781.csv,left
1782,../data/processed/rereferenced_trials\cellula_MI_data_1782.csv,right
1783,../data/processed/rereferenced_trials\cellula_MI_data_1783.csv,right
1784,../data/processed/rereferenced_trials\cellula_MI_data_1784.csv,left
1785,../data/processed/rereferenced_trials\cellula_MI_data_1785.csv,right
1786,../data/processed/rereferenced_trials\cellula_MI_data_1786.csv,left
1787,../data/processed/rereferenced_trials\cellula_MI_data_1787.csv,right
1788,../data/processed/rereferenced_trials\cellula_MI_data_1788.csv,left
1789,../data/processed/rereferenced_trials\cellula_MI_data_1789.csv,left
1790,../data/processed/rereferenced_trials\cellula_MI_data_1790.csv,right
1791,../data/processed/rereferenced_trials\cellula_MI_data_1791.csv,right
1792,../data/processed/rereferenced_trials\cellula_MI_data_1792.csv,right
1793,../data/processed/rereferenced_trials\cellula_MI_data_1793.csv,left
1794,../data/processed/rereferenced_trials\cellula_MI_data_1794.csv,left
1795,../data/processed/rereferenced_trials\cellula_MI_data_1795.csv,right
1796,../data/processed/rereferenced_trials\cellula_MI_data_1796.csv,right
1797,../data/processed/rereferenced_trials\cellula_MI_data_1797.csv,left
1798,../data/processed/rereferenced_trials\cellula_MI_data_1798.csv,left
1799,../data/processed/rereferenced_trials\cellula_MI_data_1799.csv,right
1800,../data/processed/rereferenced_trials\cellula_MI_data_1800.csv,left
1801,../data/processed/rereferenced_trials\cellula_MI_data_1801.csv,left
1802,../data/processed/rereferenced_trials\cellula_MI_data_1802.csv,right
1803,../data/processed/rereferenced_trials\cellula_MI_data_1803.csv,left
1804,../data/processed/rereferenced_trials\cellula_MI_data_1804.csv,left
1805,../data/processed/rereferenced_trials\cellula_MI_data_1805.csv,right
1806,../data/processed/rereferenced_trials\cellula_MI_data_1806.csv,right
1807,../data/processed/rereferenced_trials\cellula_MI_data_1807.csv,left
1808,../data/processed/rereferenced_trials\cellula_MI_data_1808.csv,right
1809,../data/processed/rereferenced_trials\cellula_MI_data_1809.csv,right
1810,../data/processed/rereferenced_trials\cellula_MI_data_1810.csv,left
1811,../data/processed/rereferenced_trials\cellula_MI_data_1811.csv,right
1812,../data/processed/rereferenced_trials\cellula_MI_data_1812.csv,left
1813,../data/processed/rereferenced_trials\cellula_MI_data_1813.csv,right
1814,../data/processed/rereferenced_trials\cellula_MI_data_1814.csv,left
1815,../data/processed/rereferenced_trials\cellula_MI_data_1815.csv,right
1816,../data/processed/rereferenced_trials\cellula_MI_data_1816.csv,right
1817,../data/processed/rereferenced_trials\cellula_MI_data_1817.csv,right
1818,../data/processed/rereferenced_trials\cellula_MI_data_1818.csv,left
1819,../data/processed/rereferenced_trials\cellula_MI_data_1819.csv,left
1820,../data/processed/rereferenced_trials\cellula_MI_data_1820.csv,right
1821,../data/processed/rereferenced_trials\cellula_MI_data_1821.csv,right
1822,../data/processed/rereferenced_trials\cellula_MI_data_1822.csv,left
1823,../data/processed/rereferenced_trials\cellula_MI_data_1823.csv,left
1824,../data/processed/rereferenced_trials\cellula_MI_data_1824.csv,right
1825,../data/processed/rereferenced_trials\cellula_MI_data_1825.csv,right
1826,../data/processed/rereferenced_trials\cellula_MI_data_1826.csv,right
1827,../data/processed/rereferenced_trials\cellula_MI_data_1827.csv,left
1828,../data/processed/rereferenced_trials\cellula_MI_data_1828.csv,right
1829,../data/processed/rereferenced_trials\cellula_MI_data_1829.csv,left
1830,../data/processed/rereferenced_trials\cellula_MI_data_1830.csv,left
1831,../data/processed/rereferenced_trials\cellula_MI_data_1831.csv,left
1832,../data/processed/rereferenced_trials\cellula_MI_data_1832.csv,left
1833,../data/processed/rereferenced_trials\cellula_MI_data_1833.csv,left
1834,../data/processed/rereferenced_trials\cellula_MI_data_1834.csv,right
1835,../data/processed/rereferenced_trials\cellula_MI_data_1835.csv,left
1836,../data/processed/rereferenced_trials\cellula_MI_data_1836.csv,right
1837,../data/processed/rereferenced_trials\cellula_MI_data_1837.csv,right
1838,../data/processed/rereferenced_trials\cellula_MI_data_1838.csv,right
1839,../data/processed/rereferenced_trials\cellula_MI_data_1839.csv,left
1840,../data/processed/rereferenced_trials\cellula_MI_data_1840.csv,right
1841,../data/processed/rereferenced_trials\cellula_MI_data_1841.csv,left
1842,../data/processed/rereferenced_trials\cellula_MI_data_1842.csv,right
1843,../data/processed/rereferenced_trials\cellula_MI_data_1843.csv,left
1844,../data/processed/rereferenced_trials\cellula_MI_data_1844.csv,right
1845,../data/processed/rereferenced_trials\cellula_MI_data_1845.csv,left
1846,../data/processed/rereferenced_trials\cellula_MI_data_1846.csv,left
1847,../data/processed/rereferenced_trials\cellula_MI_data_1847.csv,left
1848,../data/processed/rereferenced_trials\cellula_MI_data_1848.csv,left
1849,../data/processed/rereferenced_trials\cellula_MI_data_1849.csv,left
1850,../data/processed/rereferenced_trials\cellula_MI_data_1850.csv,left
1851,../data/processed/rereferenced_trials\cellula_MI_data_1851.csv,left
1852,../data/processed/rereferenced_trials\cellula_MI_data_1852.csv,left
1853,../data/processed/rereferenced_trials\cellula_MI_data_1853.csv,left
1854,../data/processed/rereferenced_trials\cellula_MI_data_1854.csv,right
1855,../data/processed/rereferenced_trials\cellula_MI_data_1855.csv,right
1856,../data/processed/rereferenced_trials\cellula_MI_data_1856.csv,right
1857,../data/processed/rereferenced_trials\cellula_MI_data_1857.csv,right
1858,../data/processed/rereferenced_trials\cellula_MI_data_1858.csv,left
1859,../data/processed/rereferenced_trials\cellula_MI_data_1859.csv,left
1860,../data/processed/rereferenced_trials\cellula_MI_data_1860.csv,right
1861,../data/processed/rereferenced_trials\cellula_MI_data_1861.csv,right
1862,../data/processed/rereferenced_trials\cellula_MI_data_1862.csv,left
1863,../data/processed/rereferenced_trials\cellula_MI_data_1863.csv,left
1864,../data/processed/rereferenced_trials\cellula_MI_data_1864.csv,left
1865,../data/processed/rereferenced_trials\cellula_MI_data_1865.csv,left
1866,../data/processed/rereferenced_trials\cellula_MI_data_1866.csv,right
1867,../data/processed/rereferenced_trials\cellula_MI_data_1867.csv,left
1868,../data/processed/rereferenced_trials\cellula_MI_data_1868.csv,left
1869,../data/processed/rereferenced_trials\cellula_MI_data_1869.csv,left
1870,../data/processed/rereferenced_trials\cellula_MI_data_1870.csv,right
1871,../data/processed/rereferenced_trials\cellula_MI_data_1871.csv,left
1872,../data/processed/rereferenced_trials\cellula_MI_data_1872.csv,right
1873,../data/processed/rereferenced_trials\cellula_MI_data_1873.csv,right
1874,../data/processed/rereferenced_trials\cellula_MI_data_1874.csv,left
1875,../data/processed/rereferenced_trials\cellula_MI_data_1875.csv,left
1876,../data/processed/rereferenced_trials\cellula_MI_data_1876.csv,right
1877,../data/processed/rereferenced_trials\cellula_MI_data_1877.csv,right
1878,../data/processed/rereferenced_trials\cellula_MI_data_1878.csv,left
1879,../data/processed/rereferenced_trials\cellula_MI_data_1879.csv,left
1880,../data/processed/rereferenced_trials\cellula_MI_data_1880.csv,left
1881,../data/processed/rereferenced_trials\cellula_MI_data_1881.csv,right
1882,../data/processed/rereferenced_trials\cellula_MI_data_1882.csv,right
1883,../data/processed/rereferenced_trials\cellula_MI_data_1883.csv,right
1884,../data/processed/rereferenced_trials\cellula_MI_data_1884.csv,left
1885,../data/processed/rereferenced_trials\cellula_MI_data_1885.csv,left
1886,../data/processed/rereferenced_trials\cellula_MI_data_1886.csv,left
1887,../data/processed/rereferenced_trials\cellula_MI_data_1887.csv,left
1888,../data/processed/rereferenced_trials\cellula_MI_data_1888.csv,left
1889,../data/processed/rereferenced_trials\cellula_MI_data_1889.csv,right
1890,../data/processed/rereferenced_trials\cellula_MI_data_1890.csv,left
1891,../data/processed/rereferenced_trials\cellula_MI_data_1891.csv,right
1892,../data/processed/rereferenced_trials\cellula_MI_data_1892.csv,left
1893,../data/processed/rereferenced_trials\cellula_MI_data_1893.csv,right
1894,../data/processed/rereferenced_trials\cellula_MI_data_1894.csv,right
1895,../data/processed/rereferenced_trials\cellula_MI_data_1895.csv,right
1896,../data/processed/rereferenced_trials\cellula_MI_data_1896.csv,right
1897,../data/processed/rereferenced_trials\cellula_MI_data_1897.csv,right
1898,../data/processed/rereferenced_trials\cellula_MI_data_1898.csv,left
1899,../data/processed/rereferenced_trials\cellula_MI_data_1899.csv,left
1900,../data/processed/rereferenced_trials\cellula_MI_data_1900.csv,right
1901,../data/processed/rereferenced_trials\cellula_MI_data_1901.csv,right
1902,../data/processed/rereferenced_trials\cellula_MI_data_1902.csv,left
1903,../data/processed/rereferenced_trials\cellula_MI_data_1903.csv,left
1904,../data/processed/rereferenced_trials\cellula_MI_data_1904.csv,right
1905,../data/processed/rereferenced_trials\cellula_MI_data_1905.csv,right
1906,../data/processed/rereferenced_trials\cellula_MI_data_1906.csv,right
1907,../data/processed/rereferenced_trials\cellula_MI_data_1907.csv,right
1908,../data/processed/rereferenced_trials\cellula_MI_data_1908.csv,right
1909,../data/processed/rereferenced_trials\cellula_MI_data_1909.csv,right
1910,../data/processed/rereferenced_trials\cellula_MI_data_1910.csv,right
1911,../data/processed/rereferenced_trials\cellula_MI_data_1911.csv,left
1912,../data/processed/rereferenced_trials\cellula_MI_data_1912.csv,left
1913,../data/processed/rereferenced_trials\cellula_MI_data_1913.csv,left
1914,../data/processed/rereferenced_trials\cellula_MI_data_1914.csv,right
1915,../data/processed/rereferenced_trials\cellula_MI_data_1915.csv,right
1916,../data/processed/rereferenced_trials\cellula_MI_data_1916.csv,right
1917,../data/processed/rereferenced_trials\cellula_MI_data_1917.csv,left
1918,../data/processed/rereferenced_trials\cellula_MI_data_1918.csv,left
1919,../data/processed/rereferenced_trials\cellula_MI_data_1919.csv,right
1920,../data/processed/rereferenced_trials\cellula_MI_data_1920.csv,left
1921,../data/processed/rereferenced_trials\cellula_MI_data_1921.csv,right
1922,../data/processed/rereferenced_trials\cellula_MI_data_1922.csv,left
1923,../data/processed/rereferenced_trials\cellula_MI_data_1923.csv,right
1924,../data/processed/rereferenced_trials\cellula_MI_data_1924.csv,right
1925,../data/processed/rereferenced_trials\cellula_MI_data_1925.csv,left
1926,../data/processed/rereferenced_trials\cellula_MI_data_1926.csv,left
1927,../data/processed/rereferenced_trials\cellula_MI_data_1927.csv,left
1928,../data/processed/rereferenced_trials\cellula_MI_data_1928.csv,right
1929,../data/processed/rereferenced_trials\cellula_MI_data_1929.csv,right
1930,../data/processed/rereferenced_trials\cellula_MI_data_1930.csv,left
1931,../data/processed/rereferenced_trials\cellula_MI_data_1931.csv,left
1932,../data/processed/rereferenced_trials\cellula_MI_data_1932.csv,left
1933,../data/processed/rereferenced_trials\cellula_MI_data_1933.csv,right
1934,../data/processed/rereferenced_trials\cellula_MI_data_1934.csv,right
1935,../data/processed/rereferenced_trials\cellula_MI_data_1935.csv,left
1936,../data/processed/rereferenced_trials\cellula_MI_data_1936.csv,right
1937,../data/processed/rereferenced_trials\cellula_MI_data_1937.csv,left
1938,../data/processed/rereferenced_trials\cellula_MI_data_1938.csv,right
1939,../data/processed/rereferenced_trials\cellula_MI_data_1939.csv,right
1940,../data/processed/rereferenced_trials\cellula_MI_data_1940.csv,left
1941,../data/processed/rereferenced_trials\cellula_MI_data_1941.csv,right
1942,../data/processed/rereferenced_trials\cellula_MI_data_1942.csv,left
1943,../data/processed/rereferenced_trials\cellula_MI_data_1943.csv,right
1944,../data/processed/rereferenced_trials\cellula_MI_data_1944.csv,left
1945,../data/processed/rereferenced_trials\cellula_MI_data_1945.csv,right
1946,../data/processed/rereferenced_trials\cellula_MI_data_1946.csv,left
1947,../data/processed/rereferenced_trials\cellula_MI_data_1947.csv,left
1948,../data/processed/rereferenced_trials\cellula_MI_data_1948.csv,right
1949,../data/processed/rereferenced_trials\cellula_MI_data_1949.csv,right
1950,../data/processed/rereferenced_trials\cellula_MI_data_1950.csv,right
1951,../data/processed/rereferenced_trials\cellula_MI_data_1951.csv,left
1952,../data/processed/rereferenced_trials\cellula_MI_data_1952.csv,right
1953,../data/processed/rereferenced_trials\cellula_MI_data_1953.csv,left
1954,../data/processed/rereferenced_trials\cellula_MI_data_1954.csv,right
1955,../data/processed/rereferenced_trials\cellula_MI_data_1955.csv,right
1956,../data/processed/rereferenced_trials\cellula_MI_data_1956.csv,right
1957,../data/processed/rereferenced_trials\cellula_MI_data_1957.csv,left
1958,../data/processed/rereferenced_trials\cellula_MI_data_1958.csv,right
1959,../data/processed/rereferenced_trials\cellula_MI_data_1959.csv,left
1960,../data/processed/rereferenced_trials\cellula_MI_data_1960.csv,left
1961,../data/processed/rereferenced_trials\cellula_MI_data_1961.csv,left
1962,../data/processed/rereferenced_trials\cellula_MI_data_1962.csv,right
1963,../data/processed/rereferenced_trials\cellula_MI_data_1963.csv,left
1964,../data/processed/rereferenced_trials\cellula_MI_data_1964.csv,right
1965,../data/processed/rereferenced_trials\cellula_MI_data_1965.csv,right
1966,../data/processed/rereferenced_trials\cellula_MI_data_1966.csv,left
1967,../data/processed/rereferenced_trials\cellula_MI_data_1967.csv,left
1968,../data/processed/rereferenced_trials\cellula_MI_data_1968.csv,left
1969,../data/processed/rereferenced_trials\cellula_MI_data_1969.csv,left
1970,../data/processed/rereferenced_trials\cellula_MI_data_1970.csv,right
1971,../data/processed/rereferenced_trials\cellula_MI_data_1971.csv,right
1972,../data/processed/rereferenced_trials\cellula_MI_data_1972.csv,right
1973,../data/processed/rereferenced_trials\cellula_MI_data_1973.csv,right
1974,../data/processed/rereferenced_trials\cellula_MI_data_1974.csv,right
1975,../data/processed/rereferenced_trials\cellula_MI_data_1975.csv,left
1976,../data/processed/rereferenced_trials\cellula_MI_data_1976.csv,right
1977,../data/processed/rereferenced_trials\cellula_MI_data_1977.csv,left
1978,../data/processed/rereferenced_trials\cellula_MI_data_1978.csv,right
1979,../data/processed/rereferenced_trials\cellula_MI_data_1979.csv,left
1980,../data/processed/rereferenced_trials\cellula_MI_data_1980.csv,left
1981,../data/processed/rereferenced_trials\cellula_MI_data_1981.csv,left
1982,../data/processed/rereferenced_trials\cellula_MI_data_1982.csv,left
1983,../data/processed/rereferenced_trials\cellula_MI_data_1983.csv,right
1984,../data/processed/rereferenced_trials\cellula_MI_data_1984.csv,left
1985,../data/processed/rereferenced_trials\cellula_MI_data_1985.csv,right
1986,../data/processed/rereferenced_trials\cellula_MI_data_1986.csv,left
1987,../data/processed/rereferenced_trials\cellula_MI_data_1987.csv,left
1988,../data/processed/rereferenced_trials\cellula_MI_data_1988.csv,left
1989,../data/processed/rereferenced_trials\cellula_MI_data_1989.csv,right
1990,../data/processed/rereferenced_trials\cellula_MI_data_1990.csv,right
1991,../data/processed/rereferenced_trials\cellula_MI_data_1991.csv,left
1992,../data/processed/rereferenced_trials\cellula_MI_data_1992.csv,right
1993,../data/processed/rereferenced_trials\cellula_MI_data_1993.csv,left
1994,../data/processed/rereferenced_trials\cellula_MI_data_1994.csv,left
1995,../data/processed/rereferenced_trials\cellula_MI_data_1995.csv,right
1996,../data/processed/rereferenced_trials\cellula_MI_data_1996.csv,left
1997,../data/processed/rereferenced_trials\cellula_MI_data_1997.csv,right
1998,../data/processed/rereferenced_trials\cellula_MI_data_1998.csv,right
1999,../data/processed/rereferenced_trials\cellula_MI_data_1999.csv,left
2000,../data/processed/rereferenced_trials\cellula_MI_data_2000.csv,right
2001,../data/processed/rereferenced_trials\cellula_MI_data_2001.csv,left
2002,../data/processed/rereferenced_trials\cellula_MI_data_2002.csv,right
2003,../data/processed/rereferenced_trials\cellula_MI_data_2003.csv,left
2004,../data/processed/rereferenced_trials\cellula_MI_data_2004.csv,right
2005,../data/processed/rereferenced_trials\cellula_MI_data_2005.csv,right
2006,../data/processed/rereferenced_trials\cellula_MI_data_2006.csv,right
2007,../data/processed/rereferenced_trials\cellula_MI_data_2007.csv,right
2008,../data/processed/rereferenced_trials\cellula_MI_data_2008.csv,right
2009,../data/processed/rereferenced_trials\cellula_MI_data_2009.csv,left
2010,../data/processed/rereferenced_trials\cellula_MI_data_2010.csv,right
2011,../data/processed/rereferenced_trials\cellula_MI_data_2011.csv,right
2012,../data/processed/rereferenced_trials\cellula_MI_data_2012.csv,right
2013,../data/processed/rereferenced_trials\cellula_MI_data_2013.csv,left
2014,../data/processed/rereferenced_trials\cellula_MI_data_2014.csv,right
2015,../data/processed/rereferenced_trials\cellula_MI_data_2015.csv,right
2016,../data/processed/rereferenced_trials\cellula_MI_data_2016.csv,right
2017,../data/processed/rereferenced_trials\cellula_MI_data_2017.csv,left
2018,../data/processed/rereferenced_trials\cellula_MI_data_2018.csv,right
2019,../data/processed/rereferenced_trials\cellula_MI_data_2019.csv,right
2020,../data/processed/rereferenced_trials\cellula_MI_data_2020.csv,right
2021,../data/processed/rereferenced_trials\cellula_MI_data_2021.csv,right
2022,../data/processed/rereferenced_trials\cellula_MI_data_2022.csv,right
2023,../data/processed/rereferenced_trials\cellula_MI_data_2023.csv,left
2024,../data/processed/rereferenced_trials\cellula_MI_data_2024.csv,right
2025,../data/processed/rereferenced_trials\cellula_MI_data_2025.csv,left
2026,../data/processed/rereferenced_trials\cellula_MI_data_2026.csv,left
2027,../data/processed/rereferenced_trials\cellula_MI_data_2027.csv,right
2028,../data/processed/rereferenced_trials\cellula_MI_data_2028.csv,left
2029,../data/processed/rereferenced_trials\cellula_MI_data_2029.csv,left
2030,../data/processed/rereferenced_trials\cellula_MI_data_2030.csv,right
2031,../data/processed/rereferenced_trials\cellula_MI_data_2031.csv,right
2032,../data/processed/rereferenced_trials\cellula_MI_data_2032.csv,left
2033,../data/processed/rereferenced_trials\cellula_MI_data_2033.csv,left
2034,../data/processed/rereferenced_trials\cellula_MI_data_2034.csv,right
2035,../data/processed/rereferenced_trials\cellula_MI_data_2035.csv,right
2036,../data/processed/rereferenced_trials\cellula_MI_data_2036.csv,left
2037,../data/processed/rereferenced_trials\cellula_MI_data_2037.csv,right
2038,../data/processed/rereferenced_trials\cellula_MI_data_2038.csv,right
2039,../data/processed/rereferenced_trials\cellula_MI_data_2039.csv,right
2040,../data/processed/rereferenced_trials\cellula_MI_data_2040.csv,left
2041,../data/processed/rereferenced_trials\cellula_MI_data_2041.csv,left
2042,../data/processed/rereferenced_trials\cellula_MI_data_2042.csv,left
2043,../data/processed/rereferenced_trials\cellula_MI_data_2043.csv,right
2044,../data/processed/rereferenced_trials\cellula_MI_data_2044.csv,left
2045,../data/processed/rereferenced_trials\cellula_MI_data_2045.csv,left
2046,../data/processed/rereferenced_trials\cellula_MI_data_2046.csv,right
2047,../data/processed/rereferenced_trials\cellula_MI_data_2047.csv,left
2048,../data/processed/rereferenced_trials\cellula_MI_data_2048.csv,right
2049,../data/processed/rereferenced_trials\cellula_MI_data_2049.csv,left
2050,../data/processed/rereferenced_trials\cellula_MI_data_2050.csv,right
2051,../data/processed/rereferenced_trials\cellula_MI_data_2051.csv,right
2052,../data/processed/rereferenced_trials\cellula_MI_data_2052.csv,right
2053,../data/processed/rereferenced_trials\cellula_MI_data_2053.csv,left
2054,../data/processed/rereferenced_trials\cellula_MI_data_2054.csv,right
2055,../data/processed/rereferenced_trials\cellula_MI_data_2055.csv,left
2056,../data/processed/rereferenced_trials\cellula_MI_data_2056.csv,left
2057,../data/processed/rereferenced_trials\cellula_MI_data_2057.csv,left
2058,../data/processed/rereferenced_trials\cellula_MI_data_2058.csv,left
2059,../data/processed/rereferenced_trials\cellula_MI_data_2059.csv,left
2060,../data/processed/rereferenced_trials\cellula_MI_data_2060.csv,right
2061,../data/processed/rereferenced_trials\cellula_MI_data_2061.csv,left
2062,../data/processed/rereferenced_trials\cellula_MI_data_2062.csv,right
2063,../data/processed/rereferenced_trials\cellula_MI_data_2063.csv,right
2064,../data/processed/rereferenced_trials\cellula_MI_data_2064.csv,right
2065,../data/processed/rereferenced_trials\cellula_MI_data_2065.csv,left
2066,../data/processed/rereferenced_trials\cellula_MI_data_2066.csv,right
2067,../data/processed/rereferenced_trials\cellula_MI_data_2067.csv,right
2068,../data/processed/rereferenced_trials\cellula_MI_data_2068.csv,right
2069,../data/processed/rereferenced_trials\cellula_MI_data_2069.csv,left
2070,../data/processed/rereferenced_trials\cellula_MI_data_2070.csv,left
2071,../data/processed/rereferenced_trials\cellula_MI_data_2071.csv,left
2072,../data/processed/rereferenced_trials\cellula_MI_data_2072.csv,right
2073,../data/processed/rereferenced_trials\cellula_MI_data_2073.csv,left
2074,../data/processed/rereferenced_trials\cellula_MI_data_2074.csv,right
2075,../data/processed/rereferenced_trials\cellula_MI_data_2075.csv,right
2076,../data/processed/rereferenced_trials\cellula_MI_data_2076.csv,right
2077,../data/processed/rereferenced_trials\cellula_MI_data_2077.csv,left
2078,../data/processed/rereferenced_trials\cellula_MI_data_2078.csv,left
2079,../data/processed/rereferenced_trials\cellula_MI_data_2079.csv,right
2080,../data/processed/rereferenced_trials\cellula_MI_data_2080.csv,left
2081,../data/processed/rereferenced_trials\cellula_MI_data_2081.csv,left
2082,../data/processed/rereferenced_trials\cellula_MI_data_2082.csv,left
2083,../data/processed/rereferenced_trials\cellula_MI_data_2083.csv,left
2084,../data/processed/rereferenced_trials\cellula_MI_data_2084.csv,right
2085,../data/processed/rereferenced_trials\cellula_MI_data_2085.csv,left
2086,../data/processed/rereferenced_trials\cellula_MI_data_2086.csv,right
2087,../data/processed/rereferenced_trials\cellula_MI_data_2087.csv,left
2088,../data/processed/rereferenced_trials\cellula_MI_data_2088.csv,left
2089,../data/processed/rereferenced_trials\cellula_MI_data_2089.csv,right
2090,../data/processed/rereferenced_trials\cellula_MI_data_2090.csv,right
2091,../data/processed/rereferenced_trials\cellula_MI_data_2091.csv,right
2092,../data/processed/rereferenced_trials\cellula_MI_data_2092.csv,left
2093,../data/processed/rereferenced_trials\cellula_MI_data_2093.csv,left
2094,../data/processed/rereferenced_trials\cellula_MI_data_2094.csv,right
2095,../data/processed/rereferenced_trials\cellula_MI_data_2095.csv,left
2096,../data/processed/rereferenced_trials\cellula_MI_data_2096.csv,right
2097,../data/processed/rereferenced_trials\cellula_MI_data_2097.csv,left
2098,../data/processed/rereferenced_trials\cellula_MI_data_2098.csv,right
2099,../data/processed/rereferenced_trials\cellula_MI_data_2099.csv,right
2100,../data/processed/rereferenced_trials\cellula_MI_data_2100.csv,right
2101,../data/processed/rereferenced_trials\cellula_MI_data_2101.csv,right
2102,../data/processed/rereferenced_trials\cellula_MI_data_2102.csv,right
2103,../data/processed/rereferenced_trials\cellula_MI_data_2103.csv,right
2104,../data/processed/rereferenced_trials\cellula_MI_data_2104.csv,left
2105,../data/processed/rereferenced_trials\cellula_MI_data_2105.csv,right
2106,../data/processed/rereferenced_trials\cellula_MI_data_2106.csv,right
2107,../data/processed/rereferenced_trials\cellula_MI_data_2107.csv,left
2108,../data/processed/rereferenced_trials\cellula_MI_data_2108.csv,right
2109,../data/processed/rereferenced_trials\cellula_MI_data_2109.csv,right
2110,../data/processed/rereferenced_trials\cellula_MI_data_2110.csv,right
2111,../data/processed/rereferenced_trials\cellula_MI_data_2111.csv,right
2112,../data/processed/rereferenced_trials\cellula_MI_data_2112.csv,right
2113,../data/processed/rereferenced_trials\cellula_MI_data_2113.csv,right
2114,../data/processed/rereferenced_trials\cellula_MI_data_2114.csv,left
2115,../data/processed/rereferenced_trials\cellula_MI_data_2115.csv,left
2116,../data/processed/rereferenced_trials\cellula_MI_data_2116.csv,right
2117,../data/processed/rereferenced_trials\cellula_MI_data_2117.csv,right
2118,../data/processed/rereferenced_trials\cellula_MI_data_2118.csv,left
2119,../data/processed/rereferenced_trials\cellula_MI_data_2119.csv,left
2120,../data/processed/rereferenced_trials\cellula_MI_data_2120.csv,left
2121,../data/processed/rereferenced_trials\cellula_MI_data_2121.csv,left
2122,../data/processed/rereferenced_trials\cellula_MI_data_2122.csv,left
2123,../data/processed/rereferenced_trials\cellula_MI_data_2123.csv,left
2124,../data/processed/rereferenced_trials\cellula_MI_data_2124.csv,left
2125,../data/processed/rereferenced_trials\cellula_MI_data_2125.csv,left
2126,../data/processed/rereferenced_trials\cellula_MI_data_2126.csv,left
2127,../data/processed/rereferenced_trials\cellula_MI_data_2127.csv,right
2128,../data/processed/rereferenced_trials\cellula_MI_data_2128.csv,right
2129,../data/processed/rereferenced_trials\cellula_MI_data_2129.csv,right
2130,../data/processed/rereferenced_trials\cellula_MI_data_2130.csv,left
2131,../data/processed/rereferenced_trials\cellula_MI_data_2131.csv,left
2132,../data/processed/rereferenced_trials\cellula_MI_data_2132.csv,right
2133,../data/processed/rereferenced_trials\cellula_MI_data_2133.csv,right
2134,../data/processed/rereferenced_trials\cellula_MI_data_2134.csv,right
2135,../data/processed/rereferenced_trials\cellula_MI_data_2135.csv,right
2136,../data/processed/rereferenced_trials\cellula_MI_data_2136.csv,right
2137,../data/processed/rereferenced_trials\cellula_MI_data_2137.csv,left
2138,../data/processed/rereferenced_trials\cellula_MI_data_2138.csv,left
2139,../data/processed/rereferenced_trials\cellula_MI_data_2139.csv,right
2140,../data/processed/rereferenced_trials\cellula_MI_data_2140.csv,left
2141,../data/processed/rereferenced_trials\cellula_MI_data_2141.csv,right
2142,../data/processed/rereferenced_trials\cellula_MI_data_2142.csv,left
2143,../data/processed/rereferenced_trials\cellula_MI_data_2143.csv,left
2144,../data/processed/rereferenced_trials\cellula_MI_data_2144.csv,left
2145,../data/processed/rereferenced_trials\cellula_MI_data_2145.csv,right
2146,../data/processed/rereferenced_trials\cellula_MI_data_2146.csv,left
2147,../data/processed/rereferenced_trials\cellula_MI_data_2147.csv,left
2148,../data/processed/rereferenced_trials\cellula_MI_data_2148.csv,right
2149,../data/processed/rereferenced_trials\cellula_MI_data_2149.csv,right
2150,../data/processed/rereferenced_trials\cellula_MI_data_2150.csv,right
2151,../data/processed/rereferenced_trials\cellula_MI_data_2151.csv,left
2152,../data/processed/rereferenced_trials\cellula_MI_data_2152.csv,right
2153,../data/processed/rereferenced_trials\cellula_MI_data_2153.csv,left
2154,../data/processed/rereferenced_trials\cellula_MI_data_2154.csv,left
2155,../data/processed/rereferenced_trials\cellula_MI_data_2155.csv,left
2156,../data/processed/rereferenced_trials\cellula_MI_data_2156.csv,left
2157,../data/processed/rereferenced_trials\cellula_MI_data_2157.csv,left
2158,../data/processed/rereferenced_trials\cellula_MI_data_2158.csv,right
2159,../data/processed/rereferenced_trials\cellula_MI_data_2159.csv,right
2160,../data/processed/rereferenced_trials\cellula_MI_data_2160.csv,right
