trial_id,file_path,label,rejected
1,C:\BCI\cortex-call\notebooks\data\processed\filtered_trials\cellula_MI_data_1.csv,left,False
2,C:\BCI\cortex-call\notebooks\data\processed\filtered_trials\cellula_MI_data_2.csv,right,False
3,C:\BCI\cortex-call\notebooks\data\processed\filtered_trials\cellula_MI_data_3.csv,left,False
4,C:\BCI\cortex-call\notebooks\data\processed\filtered_trials\cellula_MI_data_4.csv,left,False
5,C:\BCI\cortex-call\notebooks\data\processed\filtered_trials\cellula_MI_data_5.csv,left,False
6,C:\BCI\cortex-call\notebooks\data\processed\filtered_trials\cellula_MI_data_6.csv,right,False
7,C:\BCI\cortex-call\notebooks\data\processed\filtered_trials\cellula_MI_data_7.csv,right,False
8,C:\BCI\cortex-call\notebooks\data\processed\filtered_trials\cellula_MI_data_8.csv,left,False
9,C:\BCI\cortex-call\notebooks\data\processed\filtered_trials\cellula_MI_data_9.csv,left,False
10,C:\BCI\cortex-call\notebooks\data\processed\filtered_trials\cellula_MI_data_10.csv,right,False
11,C:\BCI\cortex-call\notebooks\data\processed\filtered_trials\cellula_MI_data_11.csv,left,False
12,C:\BCI\cortex-call\notebooks\data\processed\filtered_trials\cellula_MI_data_12.csv,right,False
13,C:\BCI\cortex-call\notebooks\data\processed\filtered_trials\cellula_MI_data_13.csv,left,False
14,C:\BCI\cortex-call\notebooks\data\processed\filtered_trials\cellula_MI_data_14.csv,left,False
15,C:\BCI\cortex-call\notebooks\data\processed\filtered_trials\cellula_MI_data_15.csv,left,False
16,C:\BCI\cortex-call\notebooks\data\processed\filtered_trials\cellula_MI_data_16.csv,right,False
17,C:\BCI\cortex-call\notebooks\data\processed\filtered_trials\cellula_MI_data_17.csv,right,False
18,C:\BCI\cortex-call\notebooks\data\processed\filtered_trials\cellula_MI_data_18.csv,left,False
19,C:\BCI\cortex-call\notebooks\data\processed\filtered_trials\cellula_MI_data_19.csv,right,False
20,C:\BCI\cortex-call\notebooks\data\processed\filtered_trials\cellula_MI_data_20.csv,left,False
21,C:\BCI\cortex-call\notebooks\data\processed\filtered_trials\cellula_MI_data_21.csv,right,False
22,C:\BCI\cortex-call\notebooks\data\processed\filtered_trials\cellula_MI_data_22.csv,left,False
23,C:\BCI\cortex-call\notebooks\data\processed\filtered_trials\cellula_MI_data_23.csv,left,False
24,C:\BCI\cortex-call\notebooks\data\processed\filtered_trials\cellula_MI_data_24.csv,left,False
25,C:\BCI\cortex-call\notebooks\data\processed\filtered_trials\cellula_MI_data_25.csv,left,False
26,C:\BCI\cortex-call\notebooks\data\processed\filtered_trials\cellula_MI_data_26.csv,right,False
27,C:\BCI\cortex-call\notebooks\data\processed\filtered_trials\cellula_MI_data_27.csv,right,False
28,C:\BCI\cortex-call\notebooks\data\processed\filtered_trials\cellula_MI_data_28.csv,right,False
29,C:\BCI\cortex-call\notebooks\data\processed\filtered_trials\cellula_MI_data_29.csv,left,False
30,C:\BCI\cortex-call\notebooks\data\processed\filtered_trials\cellula_MI_data_30.csv,right,False
31,C:\BCI\cortex-call\notebooks\data\processed\filtered_trials\cellula_MI_data_31.csv,left,False
32,C:\BCI\cortex-call\notebooks\data\processed\filtered_trials\cellula_MI_data_32.csv,left,False
33,C:\BCI\cortex-call\notebooks\data\processed\filtered_trials\cellula_MI_data_33.csv,left,False
34,C:\BCI\cortex-call\notebooks\data\processed\filtered_trials\cellula_MI_data_34.csv,right,False
35,C:\BCI\cortex-call\notebooks\data\processed\filtered_trials\cellula_MI_data_35.csv,left,False
36,C:\BCI\cortex-call\notebooks\data\processed\filtered_trials\cellula_MI_data_36.csv,right,False
37,C:\BCI\cortex-call\notebooks\data\processed\filtered_trials\cellula_MI_data_37.csv,right,False
38,C:\BCI\cortex-call\notebooks\data\processed\filtered_trials\cellula_MI_data_38.csv,left,False
39,C:\BCI\cortex-call\notebooks\data\processed\filtered_trials\cellula_MI_data_39.csv,right,False
40,C:\BCI\cortex-call\notebooks\data\processed\filtered_trials\cellula_MI_data_40.csv,left,False
41,C:\BCI\cortex-call\notebooks\data\processed\filtered_trials\cellula_MI_data_41.csv,left,False
42,C:\BCI\cortex-call\notebooks\data\processed\filtered_trials\cellula_MI_data_42.csv,left,False
43,C:\BCI\cortex-call\notebooks\data\processed\filtered_trials\cellula_MI_data_43.csv,left,False
44,C:\BCI\cortex-call\notebooks\data\processed\filtered_trials\cellula_MI_data_44.csv,right,False
45,C:\BCI\cortex-call\notebooks\data\processed\filtered_trials\cellula_MI_data_45.csv,left,False
46,C:\BCI\cortex-call\notebooks\data\processed\filtered_trials\cellula_MI_data_46.csv,left,False
47,C:\BCI\cortex-call\notebooks\data\processed\filtered_trials\cellula_MI_data_47.csv,right,False
48,C:\BCI\cortex-call\notebooks\data\processed\filtered_trials\cellula_MI_data_48.csv,right,False
49,C:\BCI\cortex-call\notebooks\data\processed\filtered_trials\cellula_MI_data_49.csv,right,False
50,C:\BCI\cortex-call\notebooks\data\processed\filtered_trials\cellula_MI_data_50.csv,right,False
51,C:\BCI\cortex-call\notebooks\data\processed\filtered_trials\cellula_MI_data_51.csv,right,False
52,C:\BCI\cortex-call\notebooks\data\processed\filtered_trials\cellula_MI_data_52.csv,right,False
53,C:\BCI\cortex-call\notebooks\data\processed\filtered_trials\cellula_MI_data_53.csv,right,False
54,C:\BCI\cortex-call\notebooks\data\processed\filtered_trials\cellula_MI_data_54.csv,left,False
55,C:\BCI\cortex-call\notebooks\data\processed\filtered_trials\cellula_MI_data_55.csv,right,False
56,C:\BCI\cortex-call\notebooks\data\processed\filtered_trials\cellula_MI_data_56.csv,right,False
57,C:\BCI\cortex-call\notebooks\data\processed\filtered_trials\cellula_MI_data_57.csv,right,False
58,C:\BCI\cortex-call\notebooks\data\processed\filtered_trials\cellula_MI_data_58.csv,left,False
59,C:\BCI\cortex-call\notebooks\data\processed\filtered_trials\cellula_MI_data_59.csv,left,False
60,C:\BCI\cortex-call\notebooks\data\processed\filtered_trials\cellula_MI_data_60.csv,right,False
61,C:\BCI\cortex-call\notebooks\data\processed\filtered_trials\cellula_MI_data_61.csv,left,False
62,C:\BCI\cortex-call\notebooks\data\processed\filtered_trials\cellula_MI_data_62.csv,left,False
63,C:\BCI\cortex-call\notebooks\data\processed\filtered_trials\cellula_MI_data_63.csv,left,False
64,C:\BCI\cortex-call\notebooks\data\processed\filtered_trials\cellula_MI_data_64.csv,left,False
65,C:\BCI\cortex-call\notebooks\data\processed\filtered_trials\cellula_MI_data_65.csv,left,False
66,C:\BCI\cortex-call\notebooks\data\processed\filtered_trials\cellula_MI_data_66.csv,right,False
67,C:\BCI\cortex-call\notebooks\data\processed\filtered_trials\cellula_MI_data_67.csv,right,False
68,C:\BCI\cortex-call\notebooks\data\processed\filtered_trials\cellula_MI_data_68.csv,left,False
69,C:\BCI\cortex-call\notebooks\data\processed\filtered_trials\cellula_MI_data_69.csv,left,False
70,C:\BCI\cortex-call\notebooks\data\processed\filtered_trials\cellula_MI_data_70.csv,left,False
71,C:\BCI\cortex-call\notebooks\data\processed\filtered_trials\cellula_MI_data_71.csv,right,False
72,C:\BCI\cortex-call\notebooks\data\processed\filtered_trials\cellula_MI_data_72.csv,right,False
73,C:\BCI\cortex-call\notebooks\data\processed\filtered_trials\cellula_MI_data_73.csv,right,False
74,C:\BCI\cortex-call\notebooks\data\processed\filtered_trials\cellula_MI_data_74.csv,right,False
75,C:\BCI\cortex-call\notebooks\data\processed\filtered_trials\cellula_MI_data_75.csv,left,False
76,C:\BCI\cortex-call\notebooks\data\processed\filtered_trials\cellula_MI_data_76.csv,left,False
77,C:\BCI\cortex-call\notebooks\data\processed\filtered_trials\cellula_MI_data_77.csv,left,False
78,C:\BCI\cortex-call\notebooks\data\processed\filtered_trials\cellula_MI_data_78.csv,right,False
79,C:\BCI\cortex-call\notebooks\data\processed\filtered_trials\cellula_MI_data_79.csv,right,False
80,C:\BCI\cortex-call\notebooks\data\processed\filtered_trials\cellula_MI_data_80.csv,left,False
81,C:\BCI\cortex-call\notebooks\data\processed\filtered_trials\cellula_MI_data_81.csv,right,False
82,C:\BCI\cortex-call\notebooks\data\processed\filtered_trials\cellula_MI_data_82.csv,left,False
83,C:\BCI\cortex-call\notebooks\data\processed\filtered_trials\cellula_MI_data_83.csv,left,False
84,C:\BCI\cortex-call\notebooks\data\processed\filtered_trials\cellula_MI_data_84.csv,left,False
85,C:\BCI\cortex-call\notebooks\data\processed\filtered_trials\cellula_MI_data_85.csv,right,False
86,C:\BCI\cortex-call\notebooks\data\processed\filtered_trials\cellula_MI_data_86.csv,right,False
87,C:\BCI\cortex-call\notebooks\data\processed\filtered_trials\cellula_MI_data_87.csv,left,False
88,C:\BCI\cortex-call\notebooks\data\processed\filtered_trials\cellula_MI_data_88.csv,right,False
89,C:\BCI\cortex-call\notebooks\data\processed\filtered_trials\cellula_MI_data_89.csv,right,False
90,C:\BCI\cortex-call\notebooks\data\processed\filtered_trials\cellula_MI_data_90.csv,right,False
91,C:\BCI\cortex-call\notebooks\data\processed\filtered_trials\cellula_MI_data_91.csv,left,False
92,C:\BCI\cortex-call\notebooks\data\processed\filtered_trials\cellula_MI_data_92.csv,left,False
93,C:\BCI\cortex-call\notebooks\data\processed\filtered_trials\cellula_MI_data_93.csv,right,False
94,C:\BCI\cortex-call\notebooks\data\processed\filtered_trials\cellula_MI_data_94.csv,right,False
95,C:\BCI\cortex-call\notebooks\data\processed\filtered_trials\cellula_MI_data_95.csv,right,False
96,C:\BCI\cortex-call\notebooks\data\processed\filtered_trials\cellula_MI_data_96.csv,right,False
97,C:\BCI\cortex-call\notebooks\data\processed\filtered_trials\cellula_MI_data_97.csv,left,False
98,C:\BCI\cortex-call\notebooks\data\processed\filtered_trials\cellula_MI_data_98.csv,left,False
99,C:\BCI\cortex-call\notebooks\data\processed\filtered_trials\cellula_MI_data_99.csv,right,False
100,C:\BCI\cortex-call\notebooks\data\processed\filtered_trials\cellula_MI_data_100.csv,left,False
101,C:\BCI\cortex-call\notebooks\data\processed\filtered_trials\cellula_MI_data_101.csv,left,False
102,C:\BCI\cortex-call\notebooks\data\processed\filtered_trials\cellula_MI_data_102.csv,right,False
103,C:\BCI\cortex-call\notebooks\data\processed\filtered_trials\cellula_MI_data_103.csv,left,False
104,C:\BCI\cortex-call\notebooks\data\processed\filtered_trials\cellula_MI_data_104.csv,right,False
105,C:\BCI\cortex-call\notebooks\data\processed\filtered_trials\cellula_MI_data_105.csv,left,False
106,C:\BCI\cortex-call\notebooks\data\processed\filtered_trials\cellula_MI_data_106.csv,left,False
107,C:\BCI\cortex-call\notebooks\data\processed\filtered_trials\cellula_MI_data_107.csv,right,False
108,C:\BCI\cortex-call\notebooks\data\processed\filtered_trials\cellula_MI_data_108.csv,left,False
109,C:\BCI\cortex-call\notebooks\data\processed\filtered_trials\cellula_MI_data_109.csv,right,False
110,C:\BCI\cortex-call\notebooks\data\processed\filtered_trials\cellula_MI_data_110.csv,right,False
111,C:\BCI\cortex-call\notebooks\data\processed\filtered_trials\cellula_MI_data_111.csv,left,False
112,C:\BCI\cortex-call\notebooks\data\processed\filtered_trials\cellula_MI_data_112.csv,left,False
113,C:\BCI\cortex-call\notebooks\data\processed\filtered_trials\cellula_MI_data_113.csv,right,False
114,C:\BCI\cortex-call\notebooks\data\processed\filtered_trials\cellula_MI_data_114.csv,left,False
115,C:\BCI\cortex-call\notebooks\data\processed\filtered_trials\cellula_MI_data_115.csv,left,False
116,C:\BCI\cortex-call\notebooks\data\processed\filtered_trials\cellula_MI_data_116.csv,left,False
117,C:\BCI\cortex-call\notebooks\data\processed\filtered_trials\cellula_MI_data_117.csv,left,False
118,C:\BCI\cortex-call\notebooks\data\processed\filtered_trials\cellula_MI_data_118.csv,right,False
119,C:\BCI\cortex-call\notebooks\data\processed\filtered_trials\cellula_MI_data_119.csv,left,False
120,C:\BCI\cortex-call\notebooks\data\processed\filtered_trials\cellula_MI_data_120.csv,left,False
121,C:\BCI\cortex-call\notebooks\data\processed\filtered_trials\cellula_MI_data_121.csv,left,False
122,C:\BCI\cortex-call\notebooks\data\processed\filtered_trials\cellula_MI_data_122.csv,right,False
123,C:\BCI\cortex-call\notebooks\data\processed\filtered_trials\cellula_MI_data_123.csv,left,False
124,C:\BCI\cortex-call\notebooks\data\processed\filtered_trials\cellula_MI_data_124.csv,left,False
125,C:\BCI\cortex-call\notebooks\data\processed\filtered_trials\cellula_MI_data_125.csv,left,False
126,C:\BCI\cortex-call\notebooks\data\processed\filtered_trials\cellula_MI_data_126.csv,left,False
127,C:\BCI\cortex-call\notebooks\data\processed\filtered_trials\cellula_MI_data_127.csv,right,False
128,C:\BCI\cortex-call\notebooks\data\processed\filtered_trials\cellula_MI_data_128.csv,right,False
129,C:\BCI\cortex-call\notebooks\data\processed\filtered_trials\cellula_MI_data_129.csv,right,False
130,C:\BCI\cortex-call\notebooks\data\processed\filtered_trials\cellula_MI_data_130.csv,left,False
131,C:\BCI\cortex-call\notebooks\data\processed\filtered_trials\cellula_MI_data_131.csv,right,False
132,C:\BCI\cortex-call\notebooks\data\processed\filtered_trials\cellula_MI_data_132.csv,left,False
133,C:\BCI\cortex-call\notebooks\data\processed\filtered_trials\cellula_MI_data_133.csv,right,False
134,C:\BCI\cortex-call\notebooks\data\processed\filtered_trials\cellula_MI_data_134.csv,left,False
135,C:\BCI\cortex-call\notebooks\data\processed\filtered_trials\cellula_MI_data_135.csv,left,False
136,C:\BCI\cortex-call\notebooks\data\processed\filtered_trials\cellula_MI_data_136.csv,right,False
137,C:\BCI\cortex-call\notebooks\data\processed\filtered_trials\cellula_MI_data_137.csv,right,False
138,C:\BCI\cortex-call\notebooks\data\processed\filtered_trials\cellula_MI_data_138.csv,right,False
139,C:\BCI\cortex-call\notebooks\data\processed\filtered_trials\cellula_MI_data_139.csv,left,False
140,C:\BCI\cortex-call\notebooks\data\processed\filtered_trials\cellula_MI_data_140.csv,right,False
141,C:\BCI\cortex-call\notebooks\data\processed\filtered_trials\cellula_MI_data_141.csv,left,False
142,C:\BCI\cortex-call\notebooks\data\processed\filtered_trials\cellula_MI_data_142.csv,right,False
143,C:\BCI\cortex-call\notebooks\data\processed\filtered_trials\cellula_MI_data_143.csv,right,False
144,C:\BCI\cortex-call\notebooks\data\processed\filtered_trials\cellula_MI_data_144.csv,right,False
145,C:\BCI\cortex-call\notebooks\data\processed\filtered_trials\cellula_MI_data_145.csv,right,False
146,C:\BCI\cortex-call\notebooks\data\processed\filtered_trials\cellula_MI_data_146.csv,left,False
147,C:\BCI\cortex-call\notebooks\data\processed\filtered_trials\cellula_MI_data_147.csv,left,False
148,C:\BCI\cortex-call\notebooks\data\processed\filtered_trials\cellula_MI_data_148.csv,right,False
149,C:\BCI\cortex-call\notebooks\data\processed\filtered_trials\cellula_MI_data_149.csv,right,False
150,C:\BCI\cortex-call\notebooks\data\processed\filtered_trials\cellula_MI_data_150.csv,right,False
151,C:\BCI\cortex-call\notebooks\data\processed\filtered_trials\cellula_MI_data_151.csv,right,False
152,C:\BCI\cortex-call\notebooks\data\processed\filtered_trials\cellula_MI_data_152.csv,left,False
153,C:\BCI\cortex-call\notebooks\data\processed\filtered_trials\cellula_MI_data_153.csv,right,False
154,C:\BCI\cortex-call\notebooks\data\processed\filtered_trials\cellula_MI_data_154.csv,right,False
155,C:\BCI\cortex-call\notebooks\data\processed\filtered_trials\cellula_MI_data_155.csv,left,False
156,C:\BCI\cortex-call\notebooks\data\processed\filtered_trials\cellula_MI_data_156.csv,left,False
157,C:\BCI\cortex-call\notebooks\data\processed\filtered_trials\cellula_MI_data_157.csv,left,False
158,C:\BCI\cortex-call\notebooks\data\processed\filtered_trials\cellula_MI_data_158.csv,left,False
159,C:\BCI\cortex-call\notebooks\data\processed\filtered_trials\cellula_MI_data_159.csv,left,False
160,C:\BCI\cortex-call\notebooks\data\processed\filtered_trials\cellula_MI_data_160.csv,right,False
161,C:\BCI\cortex-call\notebooks\data\processed\filtered_trials\cellula_MI_data_161.csv,left,False
162,C:\BCI\cortex-call\notebooks\data\processed\filtered_trials\cellula_MI_data_162.csv,left,False
163,C:\BCI\cortex-call\notebooks\data\processed\filtered_trials\cellula_MI_data_163.csv,right,False
164,C:\BCI\cortex-call\notebooks\data\processed\filtered_trials\cellula_MI_data_164.csv,left,False
165,C:\BCI\cortex-call\notebooks\data\processed\filtered_trials\cellula_MI_data_165.csv,right,False
166,C:\BCI\cortex-call\notebooks\data\processed\filtered_trials\cellula_MI_data_166.csv,left,False
167,C:\BCI\cortex-call\notebooks\data\processed\filtered_trials\cellula_MI_data_167.csv,right,False
168,C:\BCI\cortex-call\notebooks\data\processed\filtered_trials\cellula_MI_data_168.csv,right,False
169,C:\BCI\cortex-call\notebooks\data\processed\filtered_trials\cellula_MI_data_169.csv,right,False
170,C:\BCI\cortex-call\notebooks\data\processed\filtered_trials\cellula_MI_data_170.csv,left,False
171,C:\BCI\cortex-call\notebooks\data\processed\filtered_trials\cellula_MI_data_171.csv,left,False
172,C:\BCI\cortex-call\notebooks\data\processed\filtered_trials\cellula_MI_data_172.csv,left,False
173,C:\BCI\cortex-call\notebooks\data\processed\filtered_trials\cellula_MI_data_173.csv,left,False
174,C:\BCI\cortex-call\notebooks\data\processed\filtered_trials\cellula_MI_data_174.csv,right,False
175,C:\BCI\cortex-call\notebooks\data\processed\filtered_trials\cellula_MI_data_175.csv,left,False
176,C:\BCI\cortex-call\notebooks\data\processed\filtered_trials\cellula_MI_data_176.csv,left,False
177,C:\BCI\cortex-call\notebooks\data\processed\filtered_trials\cellula_MI_data_177.csv,right,False
178,C:\BCI\cortex-call\notebooks\data\processed\filtered_trials\cellula_MI_data_178.csv,right,False
179,C:\BCI\cortex-call\notebooks\data\processed\filtered_trials\cellula_MI_data_179.csv,right,False
180,C:\BCI\cortex-call\notebooks\data\processed\filtered_trials\cellula_MI_data_180.csv,left,False
181,C:\BCI\cortex-call\notebooks\data\processed\filtered_trials\cellula_MI_data_181.csv,left,False
182,C:\BCI\cortex-call\notebooks\data\processed\filtered_trials\cellula_MI_data_182.csv,left,False
183,C:\BCI\cortex-call\notebooks\data\processed\filtered_trials\cellula_MI_data_183.csv,right,False
184,C:\BCI\cortex-call\notebooks\data\processed\filtered_trials\cellula_MI_data_184.csv,left,False
185,C:\BCI\cortex-call\notebooks\data\processed\filtered_trials\cellula_MI_data_185.csv,left,False
186,C:\BCI\cortex-call\notebooks\data\processed\filtered_trials\cellula_MI_data_186.csv,right,False
187,C:\BCI\cortex-call\notebooks\data\processed\filtered_trials\cellula_MI_data_187.csv,left,False
188,C:\BCI\cortex-call\notebooks\data\processed\filtered_trials\cellula_MI_data_188.csv,left,False
189,C:\BCI\cortex-call\notebooks\data\processed\filtered_trials\cellula_MI_data_189.csv,right,False
190,C:\BCI\cortex-call\notebooks\data\processed\filtered_trials\cellula_MI_data_190.csv,right,False
191,C:\BCI\cortex-call\notebooks\data\processed\filtered_trials\cellula_MI_data_191.csv,right,False
192,C:\BCI\cortex-call\notebooks\data\processed\filtered_trials\cellula_MI_data_192.csv,right,False
193,C:\BCI\cortex-call\notebooks\data\processed\filtered_trials\cellula_MI_data_193.csv,right,False
194,C:\BCI\cortex-call\notebooks\data\processed\filtered_trials\cellula_MI_data_194.csv,left,False
195,C:\BCI\cortex-call\notebooks\data\processed\filtered_trials\cellula_MI_data_195.csv,right,False
196,C:\BCI\cortex-call\notebooks\data\processed\filtered_trials\cellula_MI_data_196.csv,right,False
197,C:\BCI\cortex-call\notebooks\data\processed\filtered_trials\cellula_MI_data_197.csv,left,False
198,C:\BCI\cortex-call\notebooks\data\processed\filtered_trials\cellula_MI_data_198.csv,left,False
199,C:\BCI\cortex-call\notebooks\data\processed\filtered_trials\cellula_MI_data_199.csv,left,False
200,C:\BCI\cortex-call\notebooks\data\processed\filtered_trials\cellula_MI_data_200.csv,right,False
201,C:\BCI\cortex-call\notebooks\data\processed\filtered_trials\cellula_MI_data_201.csv,left,False
202,C:\BCI\cortex-call\notebooks\data\processed\filtered_trials\cellula_MI_data_202.csv,right,False
203,C:\BCI\cortex-call\notebooks\data\processed\filtered_trials\cellula_MI_data_203.csv,right,False
204,C:\BCI\cortex-call\notebooks\data\processed\filtered_trials\cellula_MI_data_204.csv,right,False
205,C:\BCI\cortex-call\notebooks\data\processed\filtered_trials\cellula_MI_data_205.csv,left,False
206,C:\BCI\cortex-call\notebooks\data\processed\filtered_trials\cellula_MI_data_206.csv,left,False
207,C:\BCI\cortex-call\notebooks\data\processed\filtered_trials\cellula_MI_data_207.csv,right,False
208,C:\BCI\cortex-call\notebooks\data\processed\filtered_trials\cellula_MI_data_208.csv,left,False
209,C:\BCI\cortex-call\notebooks\data\processed\filtered_trials\cellula_MI_data_209.csv,left,False
210,C:\BCI\cortex-call\notebooks\data\processed\filtered_trials\cellula_MI_data_210.csv,left,False
211,C:\BCI\cortex-call\notebooks\data\processed\filtered_trials\cellula_MI_data_211.csv,right,False
212,C:\BCI\cortex-call\notebooks\data\processed\filtered_trials\cellula_MI_data_212.csv,left,False
213,C:\BCI\cortex-call\notebooks\data\processed\filtered_trials\cellula_MI_data_213.csv,right,False
214,C:\BCI\cortex-call\notebooks\data\processed\filtered_trials\cellula_MI_data_214.csv,left,False
215,C:\BCI\cortex-call\notebooks\data\processed\filtered_trials\cellula_MI_data_215.csv,left,False
216,C:\BCI\cortex-call\notebooks\data\processed\filtered_trials\cellula_MI_data_216.csv,right,False
217,C:\BCI\cortex-call\notebooks\data\processed\filtered_trials\cellula_MI_data_217.csv,left,False
218,C:\BCI\cortex-call\notebooks\data\processed\filtered_trials\cellula_MI_data_218.csv,left,False
219,C:\BCI\cortex-call\notebooks\data\processed\filtered_trials\cellula_MI_data_219.csv,left,False
220,C:\BCI\cortex-call\notebooks\data\processed\filtered_trials\cellula_MI_data_220.csv,left,False
221,C:\BCI\cortex-call\notebooks\data\processed\filtered_trials\cellula_MI_data_221.csv,right,False
222,C:\BCI\cortex-call\notebooks\data\processed\filtered_trials\cellula_MI_data_222.csv,right,False
223,C:\BCI\cortex-call\notebooks\data\processed\filtered_trials\cellula_MI_data_223.csv,right,False
224,C:\BCI\cortex-call\notebooks\data\processed\filtered_trials\cellula_MI_data_224.csv,left,False
225,C:\BCI\cortex-call\notebooks\data\processed\filtered_trials\cellula_MI_data_225.csv,left,False
226,C:\BCI\cortex-call\notebooks\data\processed\filtered_trials\cellula_MI_data_226.csv,right,False
227,C:\BCI\cortex-call\notebooks\data\processed\filtered_trials\cellula_MI_data_227.csv,right,False
228,C:\BCI\cortex-call\notebooks\data\processed\filtered_trials\cellula_MI_data_228.csv,right,False
229,C:\BCI\cortex-call\notebooks\data\processed\filtered_trials\cellula_MI_data_229.csv,right,False
230,C:\BCI\cortex-call\notebooks\data\processed\filtered_trials\cellula_MI_data_230.csv,right,False
231,C:\BCI\cortex-call\notebooks\data\processed\filtered_trials\cellula_MI_data_231.csv,left,False
232,C:\BCI\cortex-call\notebooks\data\processed\filtered_trials\cellula_MI_data_232.csv,right,False
233,C:\BCI\cortex-call\notebooks\data\processed\filtered_trials\cellula_MI_data_233.csv,right,False
234,C:\BCI\cortex-call\notebooks\data\processed\filtered_trials\cellula_MI_data_234.csv,left,False
235,C:\BCI\cortex-call\notebooks\data\processed\filtered_trials\cellula_MI_data_235.csv,left,False
236,C:\BCI\cortex-call\notebooks\data\processed\filtered_trials\cellula_MI_data_236.csv,right,False
237,C:\BCI\cortex-call\notebooks\data\processed\filtered_trials\cellula_MI_data_237.csv,left,False
238,C:\BCI\cortex-call\notebooks\data\processed\filtered_trials\cellula_MI_data_238.csv,right,False
239,C:\BCI\cortex-call\notebooks\data\processed\filtered_trials\cellula_MI_data_239.csv,left,False
240,C:\BCI\cortex-call\notebooks\data\processed\filtered_trials\cellula_MI_data_240.csv,left,False
241,C:\BCI\cortex-call\notebooks\data\processed\filtered_trials\cellula_MI_data_241.csv,right,False
242,C:\BCI\cortex-call\notebooks\data\processed\filtered_trials\cellula_MI_data_242.csv,right,False
243,C:\BCI\cortex-call\notebooks\data\processed\filtered_trials\cellula_MI_data_243.csv,left,False
244,C:\BCI\cortex-call\notebooks\data\processed\filtered_trials\cellula_MI_data_244.csv,right,False
245,C:\BCI\cortex-call\notebooks\data\processed\filtered_trials\cellula_MI_data_245.csv,left,False
246,C:\BCI\cortex-call\notebooks\data\processed\filtered_trials\cellula_MI_data_246.csv,left,False
247,C:\BCI\cortex-call\notebooks\data\processed\filtered_trials\cellula_MI_data_247.csv,right,False
248,C:\BCI\cortex-call\notebooks\data\processed\filtered_trials\cellula_MI_data_248.csv,right,False
249,C:\BCI\cortex-call\notebooks\data\processed\filtered_trials\cellula_MI_data_249.csv,right,False
250,C:\BCI\cortex-call\notebooks\data\processed\filtered_trials\cellula_MI_data_250.csv,right,False
251,C:\BCI\cortex-call\notebooks\data\processed\filtered_trials\cellula_MI_data_251.csv,left,False
252,C:\BCI\cortex-call\notebooks\data\processed\filtered_trials\cellula_MI_data_252.csv,right,False
253,C:\BCI\cortex-call\notebooks\data\processed\filtered_trials\cellula_MI_data_253.csv,left,False
254,C:\BCI\cortex-call\notebooks\data\processed\filtered_trials\cellula_MI_data_254.csv,right,False
255,C:\BCI\cortex-call\notebooks\data\processed\filtered_trials\cellula_MI_data_255.csv,right,False
256,C:\BCI\cortex-call\notebooks\data\processed\filtered_trials\cellula_MI_data_256.csv,right,False
257,C:\BCI\cortex-call\notebooks\data\processed\filtered_trials\cellula_MI_data_257.csv,left,False
258,C:\BCI\cortex-call\notebooks\data\processed\filtered_trials\cellula_MI_data_258.csv,left,False
259,C:\BCI\cortex-call\notebooks\data\processed\filtered_trials\cellula_MI_data_259.csv,right,False
260,C:\BCI\cortex-call\notebooks\data\processed\filtered_trials\cellula_MI_data_260.csv,right,False
261,C:\BCI\cortex-call\notebooks\data\processed\filtered_trials\cellula_MI_data_261.csv,left,False
262,C:\BCI\cortex-call\notebooks\data\processed\filtered_trials\cellula_MI_data_262.csv,left,False
263,C:\BCI\cortex-call\notebooks\data\processed\filtered_trials\cellula_MI_data_263.csv,left,False
264,C:\BCI\cortex-call\notebooks\data\processed\filtered_trials\cellula_MI_data_264.csv,left,False
265,C:\BCI\cortex-call\notebooks\data\processed\filtered_trials\cellula_MI_data_265.csv,right,False
266,C:\BCI\cortex-call\notebooks\data\processed\filtered_trials\cellula_MI_data_266.csv,left,False
267,C:\BCI\cortex-call\notebooks\data\processed\filtered_trials\cellula_MI_data_267.csv,left,False
268,C:\BCI\cortex-call\notebooks\data\processed\filtered_trials\cellula_MI_data_268.csv,left,False
269,C:\BCI\cortex-call\notebooks\data\processed\filtered_trials\cellula_MI_data_269.csv,left,False
270,C:\BCI\cortex-call\notebooks\data\processed\filtered_trials\cellula_MI_data_270.csv,right,False
271,C:\BCI\cortex-call\notebooks\data\processed\filtered_trials\cellula_MI_data_271.csv,left,False
272,C:\BCI\cortex-call\notebooks\data\processed\filtered_trials\cellula_MI_data_272.csv,right,False
273,C:\BCI\cortex-call\notebooks\data\processed\filtered_trials\cellula_MI_data_273.csv,right,False
274,C:\BCI\cortex-call\notebooks\data\processed\filtered_trials\cellula_MI_data_274.csv,right,False
275,C:\BCI\cortex-call\notebooks\data\processed\filtered_trials\cellula_MI_data_275.csv,left,False
276,C:\BCI\cortex-call\notebooks\data\processed\filtered_trials\cellula_MI_data_276.csv,right,False
277,C:\BCI\cortex-call\notebooks\data\processed\filtered_trials\cellula_MI_data_277.csv,left,False
278,C:\BCI\cortex-call\notebooks\data\processed\filtered_trials\cellula_MI_data_278.csv,left,False
279,C:\BCI\cortex-call\notebooks\data\processed\filtered_trials\cellula_MI_data_279.csv,left,False
280,C:\BCI\cortex-call\notebooks\data\processed\filtered_trials\cellula_MI_data_280.csv,left,False
281,C:\BCI\cortex-call\notebooks\data\processed\filtered_trials\cellula_MI_data_281.csv,left,False
282,C:\BCI\cortex-call\notebooks\data\processed\filtered_trials\cellula_MI_data_282.csv,right,False
283,C:\BCI\cortex-call\notebooks\data\processed\filtered_trials\cellula_MI_data_283.csv,right,False
284,C:\BCI\cortex-call\notebooks\data\processed\filtered_trials\cellula_MI_data_284.csv,right,False
285,C:\BCI\cortex-call\notebooks\data\processed\filtered_trials\cellula_MI_data_285.csv,right,False
286,C:\BCI\cortex-call\notebooks\data\processed\filtered_trials\cellula_MI_data_286.csv,right,False
287,C:\BCI\cortex-call\notebooks\data\processed\filtered_trials\cellula_MI_data_287.csv,right,False
288,C:\BCI\cortex-call\notebooks\data\processed\filtered_trials\cellula_MI_data_288.csv,right,False
289,C:\BCI\cortex-call\notebooks\data\processed\filtered_trials\cellula_MI_data_289.csv,left,False
290,C:\BCI\cortex-call\notebooks\data\processed\filtered_trials\cellula_MI_data_290.csv,left,False
291,C:\BCI\cortex-call\notebooks\data\processed\filtered_trials\cellula_MI_data_291.csv,right,False
292,C:\BCI\cortex-call\notebooks\data\processed\filtered_trials\cellula_MI_data_292.csv,left,False
293,C:\BCI\cortex-call\notebooks\data\processed\filtered_trials\cellula_MI_data_293.csv,left,False
294,C:\BCI\cortex-call\notebooks\data\processed\filtered_trials\cellula_MI_data_294.csv,right,False
295,C:\BCI\cortex-call\notebooks\data\processed\filtered_trials\cellula_MI_data_295.csv,right,False
296,C:\BCI\cortex-call\notebooks\data\processed\filtered_trials\cellula_MI_data_296.csv,left,False
297,C:\BCI\cortex-call\notebooks\data\processed\filtered_trials\cellula_MI_data_297.csv,left,False
298,C:\BCI\cortex-call\notebooks\data\processed\filtered_trials\cellula_MI_data_298.csv,left,False
299,C:\BCI\cortex-call\notebooks\data\processed\filtered_trials\cellula_MI_data_299.csv,right,False
300,C:\BCI\cortex-call\notebooks\data\processed\filtered_trials\cellula_MI_data_300.csv,right,False
301,C:\BCI\cortex-call\notebooks\data\processed\filtered_trials\cellula_MI_data_301.csv,right,False
302,C:\BCI\cortex-call\notebooks\data\processed\filtered_trials\cellula_MI_data_302.csv,right,False
303,C:\BCI\cortex-call\notebooks\data\processed\filtered_trials\cellula_MI_data_303.csv,right,False
304,C:\BCI\cortex-call\notebooks\data\processed\filtered_trials\cellula_MI_data_304.csv,left,False
305,C:\BCI\cortex-call\notebooks\data\processed\filtered_trials\cellula_MI_data_305.csv,right,False
306,C:\BCI\cortex-call\notebooks\data\processed\filtered_trials\cellula_MI_data_306.csv,left,False
307,C:\BCI\cortex-call\notebooks\data\processed\filtered_trials\cellula_MI_data_307.csv,right,False
308,C:\BCI\cortex-call\notebooks\data\processed\filtered_trials\cellula_MI_data_308.csv,right,False
309,C:\BCI\cortex-call\notebooks\data\processed\filtered_trials\cellula_MI_data_309.csv,right,False
310,C:\BCI\cortex-call\notebooks\data\processed\filtered_trials\cellula_MI_data_310.csv,left,False
311,C:\BCI\cortex-call\notebooks\data\processed\filtered_trials\cellula_MI_data_311.csv,right,False
312,C:\BCI\cortex-call\notebooks\data\processed\filtered_trials\cellula_MI_data_312.csv,left,False
313,C:\BCI\cortex-call\notebooks\data\processed\filtered_trials\cellula_MI_data_313.csv,right,False
314,C:\BCI\cortex-call\notebooks\data\processed\filtered_trials\cellula_MI_data_314.csv,left,False
315,C:\BCI\cortex-call\notebooks\data\processed\filtered_trials\cellula_MI_data_315.csv,left,False
316,C:\BCI\cortex-call\notebooks\data\processed\filtered_trials\cellula_MI_data_316.csv,left,False
317,C:\BCI\cortex-call\notebooks\data\processed\filtered_trials\cellula_MI_data_317.csv,left,False
318,C:\BCI\cortex-call\notebooks\data\processed\filtered_trials\cellula_MI_data_318.csv,left,False
319,C:\BCI\cortex-call\notebooks\data\processed\filtered_trials\cellula_MI_data_319.csv,right,False
320,C:\BCI\cortex-call\notebooks\data\processed\filtered_trials\cellula_MI_data_320.csv,left,False
321,C:\BCI\cortex-call\notebooks\data\processed\filtered_trials\cellula_MI_data_321.csv,right,False
322,C:\BCI\cortex-call\notebooks\data\processed\filtered_trials\cellula_MI_data_322.csv,left,False
323,C:\BCI\cortex-call\notebooks\data\processed\filtered_trials\cellula_MI_data_323.csv,right,False
324,C:\BCI\cortex-call\notebooks\data\processed\filtered_trials\cellula_MI_data_324.csv,left,False
325,C:\BCI\cortex-call\notebooks\data\processed\filtered_trials\cellula_MI_data_325.csv,right,False
326,C:\BCI\cortex-call\notebooks\data\processed\filtered_trials\cellula_MI_data_326.csv,right,False
327,C:\BCI\cortex-call\notebooks\data\processed\filtered_trials\cellula_MI_data_327.csv,left,False
328,C:\BCI\cortex-call\notebooks\data\processed\filtered_trials\cellula_MI_data_328.csv,right,False
329,C:\BCI\cortex-call\notebooks\data\processed\filtered_trials\cellula_MI_data_329.csv,right,False
330,C:\BCI\cortex-call\notebooks\data\processed\filtered_trials\cellula_MI_data_330.csv,left,False
331,C:\BCI\cortex-call\notebooks\data\processed\filtered_trials\cellula_MI_data_331.csv,right,False
332,C:\BCI\cortex-call\notebooks\data\processed\filtered_trials\cellula_MI_data_332.csv,left,False
333,C:\BCI\cortex-call\notebooks\data\processed\filtered_trials\cellula_MI_data_333.csv,right,False
334,C:\BCI\cortex-call\notebooks\data\processed\filtered_trials\cellula_MI_data_334.csv,left,False
335,C:\BCI\cortex-call\notebooks\data\processed\filtered_trials\cellula_MI_data_335.csv,left,False
336,C:\BCI\cortex-call\notebooks\data\processed\filtered_trials\cellula_MI_data_336.csv,left,False
337,C:\BCI\cortex-call\notebooks\data\processed\filtered_trials\cellula_MI_data_337.csv,left,False
338,C:\BCI\cortex-call\notebooks\data\processed\filtered_trials\cellula_MI_data_338.csv,left,False
339,C:\BCI\cortex-call\notebooks\data\processed\filtered_trials\cellula_MI_data_339.csv,left,False
340,C:\BCI\cortex-call\notebooks\data\processed\filtered_trials\cellula_MI_data_340.csv,left,False
341,C:\BCI\cortex-call\notebooks\data\processed\filtered_trials\cellula_MI_data_341.csv,right,False
342,C:\BCI\cortex-call\notebooks\data\processed\filtered_trials\cellula_MI_data_342.csv,left,False
343,C:\BCI\cortex-call\notebooks\data\processed\filtered_trials\cellula_MI_data_343.csv,left,False
344,C:\BCI\cortex-call\notebooks\data\processed\filtered_trials\cellula_MI_data_344.csv,left,False
345,C:\BCI\cortex-call\notebooks\data\processed\filtered_trials\cellula_MI_data_345.csv,right,False
346,C:\BCI\cortex-call\notebooks\data\processed\filtered_trials\cellula_MI_data_346.csv,right,False
347,C:\BCI\cortex-call\notebooks\data\processed\filtered_trials\cellula_MI_data_347.csv,left,False
348,C:\BCI\cortex-call\notebooks\data\processed\filtered_trials\cellula_MI_data_348.csv,right,False
349,C:\BCI\cortex-call\notebooks\data\processed\filtered_trials\cellula_MI_data_349.csv,right,False
350,C:\BCI\cortex-call\notebooks\data\processed\filtered_trials\cellula_MI_data_350.csv,left,False
351,C:\BCI\cortex-call\notebooks\data\processed\filtered_trials\cellula_MI_data_351.csv,right,False
352,C:\BCI\cortex-call\notebooks\data\processed\filtered_trials\cellula_MI_data_352.csv,right,False
353,C:\BCI\cortex-call\notebooks\data\processed\filtered_trials\cellula_MI_data_353.csv,right,False
354,C:\BCI\cortex-call\notebooks\data\processed\filtered_trials\cellula_MI_data_354.csv,right,False
355,C:\BCI\cortex-call\notebooks\data\processed\filtered_trials\cellula_MI_data_355.csv,right,False
356,C:\BCI\cortex-call\notebooks\data\processed\filtered_trials\cellula_MI_data_356.csv,left,False
357,C:\BCI\cortex-call\notebooks\data\processed\filtered_trials\cellula_MI_data_357.csv,left,False
358,C:\BCI\cortex-call\notebooks\data\processed\filtered_trials\cellula_MI_data_358.csv,right,False
359,C:\BCI\cortex-call\notebooks\data\processed\filtered_trials\cellula_MI_data_359.csv,left,False
360,C:\BCI\cortex-call\notebooks\data\processed\filtered_trials\cellula_MI_data_360.csv,left,False
361,C:\BCI\cortex-call\notebooks\data\processed\filtered_trials\cellula_MI_data_361.csv,left,False
362,C:\BCI\cortex-call\notebooks\data\processed\filtered_trials\cellula_MI_data_362.csv,left,False
363,C:\BCI\cortex-call\notebooks\data\processed\filtered_trials\cellula_MI_data_363.csv,left,False
364,C:\BCI\cortex-call\notebooks\data\processed\filtered_trials\cellula_MI_data_364.csv,right,False
365,C:\BCI\cortex-call\notebooks\data\processed\filtered_trials\cellula_MI_data_365.csv,left,False
366,C:\BCI\cortex-call\notebooks\data\processed\filtered_trials\cellula_MI_data_366.csv,left,False
367,C:\BCI\cortex-call\notebooks\data\processed\filtered_trials\cellula_MI_data_367.csv,right,False
368,C:\BCI\cortex-call\notebooks\data\processed\filtered_trials\cellula_MI_data_368.csv,right,False
369,C:\BCI\cortex-call\notebooks\data\processed\filtered_trials\cellula_MI_data_369.csv,right,False
370,C:\BCI\cortex-call\notebooks\data\processed\filtered_trials\cellula_MI_data_370.csv,right,False
371,C:\BCI\cortex-call\notebooks\data\processed\filtered_trials\cellula_MI_data_371.csv,left,False
372,C:\BCI\cortex-call\notebooks\data\processed\filtered_trials\cellula_MI_data_372.csv,right,False
373,C:\BCI\cortex-call\notebooks\data\processed\filtered_trials\cellula_MI_data_373.csv,right,False
374,C:\BCI\cortex-call\notebooks\data\processed\filtered_trials\cellula_MI_data_374.csv,left,False
375,C:\BCI\cortex-call\notebooks\data\processed\filtered_trials\cellula_MI_data_375.csv,left,False
376,C:\BCI\cortex-call\notebooks\data\processed\filtered_trials\cellula_MI_data_376.csv,left,False
377,C:\BCI\cortex-call\notebooks\data\processed\filtered_trials\cellula_MI_data_377.csv,left,False
378,C:\BCI\cortex-call\notebooks\data\processed\filtered_trials\cellula_MI_data_378.csv,left,False
379,C:\BCI\cortex-call\notebooks\data\processed\filtered_trials\cellula_MI_data_379.csv,left,False
380,C:\BCI\cortex-call\notebooks\data\processed\filtered_trials\cellula_MI_data_380.csv,right,False
381,C:\BCI\cortex-call\notebooks\data\processed\filtered_trials\cellula_MI_data_381.csv,left,False
382,C:\BCI\cortex-call\notebooks\data\processed\filtered_trials\cellula_MI_data_382.csv,left,False
383,C:\BCI\cortex-call\notebooks\data\processed\filtered_trials\cellula_MI_data_383.csv,left,False
384,C:\BCI\cortex-call\notebooks\data\processed\filtered_trials\cellula_MI_data_384.csv,right,False
385,C:\BCI\cortex-call\notebooks\data\processed\filtered_trials\cellula_MI_data_385.csv,left,False
386,C:\BCI\cortex-call\notebooks\data\processed\filtered_trials\cellula_MI_data_386.csv,left,False
387,C:\BCI\cortex-call\notebooks\data\processed\filtered_trials\cellula_MI_data_387.csv,left,False
388,C:\BCI\cortex-call\notebooks\data\processed\filtered_trials\cellula_MI_data_388.csv,right,False
389,C:\BCI\cortex-call\notebooks\data\processed\filtered_trials\cellula_MI_data_389.csv,right,False
390,C:\BCI\cortex-call\notebooks\data\processed\filtered_trials\cellula_MI_data_390.csv,right,False
391,C:\BCI\cortex-call\notebooks\data\processed\filtered_trials\cellula_MI_data_391.csv,right,False
392,C:\BCI\cortex-call\notebooks\data\processed\filtered_trials\cellula_MI_data_392.csv,right,False
393,C:\BCI\cortex-call\notebooks\data\processed\filtered_trials\cellula_MI_data_393.csv,left,False
394,C:\BCI\cortex-call\notebooks\data\processed\filtered_trials\cellula_MI_data_394.csv,left,False
395,C:\BCI\cortex-call\notebooks\data\processed\filtered_trials\cellula_MI_data_395.csv,left,False
396,C:\BCI\cortex-call\notebooks\data\processed\filtered_trials\cellula_MI_data_396.csv,left,False
397,C:\BCI\cortex-call\notebooks\data\processed\filtered_trials\cellula_MI_data_397.csv,left,False
398,C:\BCI\cortex-call\notebooks\data\processed\filtered_trials\cellula_MI_data_398.csv,right,False
399,C:\BCI\cortex-call\notebooks\data\processed\filtered_trials\cellula_MI_data_399.csv,right,False
400,C:\BCI\cortex-call\notebooks\data\processed\filtered_trials\cellula_MI_data_400.csv,right,False
401,C:\BCI\cortex-call\notebooks\data\processed\filtered_trials\cellula_MI_data_401.csv,left,False
402,C:\BCI\cortex-call\notebooks\data\processed\filtered_trials\cellula_MI_data_402.csv,right,False
403,C:\BCI\cortex-call\notebooks\data\processed\filtered_trials\cellula_MI_data_403.csv,right,False
404,C:\BCI\cortex-call\notebooks\data\processed\filtered_trials\cellula_MI_data_404.csv,left,False
405,C:\BCI\cortex-call\notebooks\data\processed\filtered_trials\cellula_MI_data_405.csv,left,False
406,C:\BCI\cortex-call\notebooks\data\processed\filtered_trials\cellula_MI_data_406.csv,left,False
407,C:\BCI\cortex-call\notebooks\data\processed\filtered_trials\cellula_MI_data_407.csv,right,False
408,C:\BCI\cortex-call\notebooks\data\processed\filtered_trials\cellula_MI_data_408.csv,right,False
409,C:\BCI\cortex-call\notebooks\data\processed\filtered_trials\cellula_MI_data_409.csv,left,False
410,C:\BCI\cortex-call\notebooks\data\processed\filtered_trials\cellula_MI_data_410.csv,left,False
411,C:\BCI\cortex-call\notebooks\data\processed\filtered_trials\cellula_MI_data_411.csv,left,False
412,C:\BCI\cortex-call\notebooks\data\processed\filtered_trials\cellula_MI_data_412.csv,left,False
413,C:\BCI\cortex-call\notebooks\data\processed\filtered_trials\cellula_MI_data_413.csv,right,False
414,C:\BCI\cortex-call\notebooks\data\processed\filtered_trials\cellula_MI_data_414.csv,left,False
415,C:\BCI\cortex-call\notebooks\data\processed\filtered_trials\cellula_MI_data_415.csv,left,False
416,C:\BCI\cortex-call\notebooks\data\processed\filtered_trials\cellula_MI_data_416.csv,right,False
417,C:\BCI\cortex-call\notebooks\data\processed\filtered_trials\cellula_MI_data_417.csv,left,False
418,C:\BCI\cortex-call\notebooks\data\processed\filtered_trials\cellula_MI_data_418.csv,left,False
419,C:\BCI\cortex-call\notebooks\data\processed\filtered_trials\cellula_MI_data_419.csv,left,False
420,C:\BCI\cortex-call\notebooks\data\processed\filtered_trials\cellula_MI_data_420.csv,right,False
421,C:\BCI\cortex-call\notebooks\data\processed\filtered_trials\cellula_MI_data_421.csv,right,False
422,C:\BCI\cortex-call\notebooks\data\processed\filtered_trials\cellula_MI_data_422.csv,left,False
423,C:\BCI\cortex-call\notebooks\data\processed\filtered_trials\cellula_MI_data_423.csv,left,False
424,C:\BCI\cortex-call\notebooks\data\processed\filtered_trials\cellula_MI_data_424.csv,right,False
425,C:\BCI\cortex-call\notebooks\data\processed\filtered_trials\cellula_MI_data_425.csv,left,False
426,C:\BCI\cortex-call\notebooks\data\processed\filtered_trials\cellula_MI_data_426.csv,right,False
427,C:\BCI\cortex-call\notebooks\data\processed\filtered_trials\cellula_MI_data_427.csv,left,False
428,C:\BCI\cortex-call\notebooks\data\processed\filtered_trials\cellula_MI_data_428.csv,left,False
429,C:\BCI\cortex-call\notebooks\data\processed\filtered_trials\cellula_MI_data_429.csv,left,False
430,C:\BCI\cortex-call\notebooks\data\processed\filtered_trials\cellula_MI_data_430.csv,right,False
431,C:\BCI\cortex-call\notebooks\data\processed\filtered_trials\cellula_MI_data_431.csv,right,False
432,C:\BCI\cortex-call\notebooks\data\processed\filtered_trials\cellula_MI_data_432.csv,right,False
433,C:\BCI\cortex-call\notebooks\data\processed\filtered_trials\cellula_MI_data_433.csv,right,False
434,C:\BCI\cortex-call\notebooks\data\processed\filtered_trials\cellula_MI_data_434.csv,right,False
435,C:\BCI\cortex-call\notebooks\data\processed\filtered_trials\cellula_MI_data_435.csv,left,False
436,C:\BCI\cortex-call\notebooks\data\processed\filtered_trials\cellula_MI_data_436.csv,left,False
437,C:\BCI\cortex-call\notebooks\data\processed\filtered_trials\cellula_MI_data_437.csv,right,False
438,C:\BCI\cortex-call\notebooks\data\processed\filtered_trials\cellula_MI_data_438.csv,left,False
439,C:\BCI\cortex-call\notebooks\data\processed\filtered_trials\cellula_MI_data_439.csv,left,False
440,C:\BCI\cortex-call\notebooks\data\processed\filtered_trials\cellula_MI_data_440.csv,left,False
441,C:\BCI\cortex-call\notebooks\data\processed\filtered_trials\cellula_MI_data_441.csv,right,False
442,C:\BCI\cortex-call\notebooks\data\processed\filtered_trials\cellula_MI_data_442.csv,left,False
443,C:\BCI\cortex-call\notebooks\data\processed\filtered_trials\cellula_MI_data_443.csv,right,False
444,C:\BCI\cortex-call\notebooks\data\processed\filtered_trials\cellula_MI_data_444.csv,right,False
445,C:\BCI\cortex-call\notebooks\data\processed\filtered_trials\cellula_MI_data_445.csv,right,False
446,C:\BCI\cortex-call\notebooks\data\processed\filtered_trials\cellula_MI_data_446.csv,left,False
447,C:\BCI\cortex-call\notebooks\data\processed\filtered_trials\cellula_MI_data_447.csv,left,False
448,C:\BCI\cortex-call\notebooks\data\processed\filtered_trials\cellula_MI_data_448.csv,left,False
449,C:\BCI\cortex-call\notebooks\data\processed\filtered_trials\cellula_MI_data_449.csv,left,False
450,C:\BCI\cortex-call\notebooks\data\processed\filtered_trials\cellula_MI_data_450.csv,right,False
451,C:\BCI\cortex-call\notebooks\data\processed\filtered_trials\cellula_MI_data_451.csv,right,False
452,C:\BCI\cortex-call\notebooks\data\processed\filtered_trials\cellula_MI_data_452.csv,right,False
453,C:\BCI\cortex-call\notebooks\data\processed\filtered_trials\cellula_MI_data_453.csv,left,False
454,C:\BCI\cortex-call\notebooks\data\processed\filtered_trials\cellula_MI_data_454.csv,right,False
455,C:\BCI\cortex-call\notebooks\data\processed\filtered_trials\cellula_MI_data_455.csv,left,False
456,C:\BCI\cortex-call\notebooks\data\processed\filtered_trials\cellula_MI_data_456.csv,left,False
457,C:\BCI\cortex-call\notebooks\data\processed\filtered_trials\cellula_MI_data_457.csv,right,False
458,C:\BCI\cortex-call\notebooks\data\processed\filtered_trials\cellula_MI_data_458.csv,right,False
459,C:\BCI\cortex-call\notebooks\data\processed\filtered_trials\cellula_MI_data_459.csv,right,False
505,C:\BCI\cortex-call\notebooks\data\processed\filtered_trials\cellula_MI_data_505.csv,left,False
506,C:\BCI\cortex-call\notebooks\data\processed\filtered_trials\cellula_MI_data_506.csv,left,False
507,C:\BCI\cortex-call\notebooks\data\processed\filtered_trials\cellula_MI_data_507.csv,left,False
508,C:\BCI\cortex-call\notebooks\data\processed\filtered_trials\cellula_MI_data_508.csv,left,False
509,C:\BCI\cortex-call\notebooks\data\processed\filtered_trials\cellula_MI_data_509.csv,left,False
510,C:\BCI\cortex-call\notebooks\data\processed\filtered_trials\cellula_MI_data_510.csv,left,False
511,C:\BCI\cortex-call\notebooks\data\processed\filtered_trials\cellula_MI_data_511.csv,right,False
512,C:\BCI\cortex-call\notebooks\data\processed\filtered_trials\cellula_MI_data_512.csv,left,False
513,C:\BCI\cortex-call\notebooks\data\processed\filtered_trials\cellula_MI_data_513.csv,left,False
604,C:\BCI\cortex-call\notebooks\data\processed\filtered_trials\cellula_MI_data_604.csv,right,False
605,C:\BCI\cortex-call\notebooks\data\processed\filtered_trials\cellula_MI_data_605.csv,right,False
606,C:\BCI\cortex-call\notebooks\data\processed\filtered_trials\cellula_MI_data_606.csv,left,False
607,C:\BCI\cortex-call\notebooks\data\processed\filtered_trials\cellula_MI_data_607.csv,right,False
608,C:\BCI\cortex-call\notebooks\data\processed\filtered_trials\cellula_MI_data_608.csv,left,False
609,C:\BCI\cortex-call\notebooks\data\processed\filtered_trials\cellula_MI_data_609.csv,right,False
610,C:\BCI\cortex-call\notebooks\data\processed\filtered_trials\cellula_MI_data_610.csv,right,False
611,C:\BCI\cortex-call\notebooks\data\processed\filtered_trials\cellula_MI_data_611.csv,left,False
612,C:\BCI\cortex-call\notebooks\data\processed\filtered_trials\cellula_MI_data_612.csv,left,False
622,C:\BCI\cortex-call\notebooks\data\processed\filtered_trials\cellula_MI_data_622.csv,right,False
623,C:\BCI\cortex-call\notebooks\data\processed\filtered_trials\cellula_MI_data_623.csv,right,False
624,C:\BCI\cortex-call\notebooks\data\processed\filtered_trials\cellula_MI_data_624.csv,right,False
625,C:\BCI\cortex-call\notebooks\data\processed\filtered_trials\cellula_MI_data_625.csv,left,False
626,C:\BCI\cortex-call\notebooks\data\processed\filtered_trials\cellula_MI_data_626.csv,right,False
627,C:\BCI\cortex-call\notebooks\data\processed\filtered_trials\cellula_MI_data_627.csv,left,False
628,C:\BCI\cortex-call\notebooks\data\processed\filtered_trials\cellula_MI_data_628.csv,right,False
629,C:\BCI\cortex-call\notebooks\data\processed\filtered_trials\cellula_MI_data_629.csv,left,False
630,C:\BCI\cortex-call\notebooks\data\processed\filtered_trials\cellula_MI_data_630.csv,right,False
631,C:\BCI\cortex-call\notebooks\data\processed\filtered_trials\cellula_MI_data_631.csv,left,False
632,C:\BCI\cortex-call\notebooks\data\processed\filtered_trials\cellula_MI_data_632.csv,right,False
633,C:\BCI\cortex-call\notebooks\data\processed\filtered_trials\cellula_MI_data_633.csv,left,False
634,C:\BCI\cortex-call\notebooks\data\processed\filtered_trials\cellula_MI_data_634.csv,right,False
635,C:\BCI\cortex-call\notebooks\data\processed\filtered_trials\cellula_MI_data_635.csv,left,False
636,C:\BCI\cortex-call\notebooks\data\processed\filtered_trials\cellula_MI_data_636.csv,right,False
637,C:\BCI\cortex-call\notebooks\data\processed\filtered_trials\cellula_MI_data_637.csv,left,False
638,C:\BCI\cortex-call\notebooks\data\processed\filtered_trials\cellula_MI_data_638.csv,left,False
639,C:\BCI\cortex-call\notebooks\data\processed\filtered_trials\cellula_MI_data_639.csv,right,False
640,C:\BCI\cortex-call\notebooks\data\processed\filtered_trials\cellula_MI_data_640.csv,right,False
641,C:\BCI\cortex-call\notebooks\data\processed\filtered_trials\cellula_MI_data_641.csv,right,False
642,C:\BCI\cortex-call\notebooks\data\processed\filtered_trials\cellula_MI_data_642.csv,left,False
643,C:\BCI\cortex-call\notebooks\data\processed\filtered_trials\cellula_MI_data_643.csv,left,False
644,C:\BCI\cortex-call\notebooks\data\processed\filtered_trials\cellula_MI_data_644.csv,right,False
645,C:\BCI\cortex-call\notebooks\data\processed\filtered_trials\cellula_MI_data_645.csv,left,False
646,C:\BCI\cortex-call\notebooks\data\processed\filtered_trials\cellula_MI_data_646.csv,right,False
647,C:\BCI\cortex-call\notebooks\data\processed\filtered_trials\cellula_MI_data_647.csv,right,False
648,C:\BCI\cortex-call\notebooks\data\processed\filtered_trials\cellula_MI_data_648.csv,right,False
649,C:\BCI\cortex-call\notebooks\data\processed\filtered_trials\cellula_MI_data_649.csv,right,False
650,C:\BCI\cortex-call\notebooks\data\processed\filtered_trials\cellula_MI_data_650.csv,left,False
651,C:\BCI\cortex-call\notebooks\data\processed\filtered_trials\cellula_MI_data_651.csv,left,False
652,C:\BCI\cortex-call\notebooks\data\processed\filtered_trials\cellula_MI_data_652.csv,right,False
653,C:\BCI\cortex-call\notebooks\data\processed\filtered_trials\cellula_MI_data_653.csv,left,False
654,C:\BCI\cortex-call\notebooks\data\processed\filtered_trials\cellula_MI_data_654.csv,right,False
655,C:\BCI\cortex-call\notebooks\data\processed\filtered_trials\cellula_MI_data_655.csv,left,False
656,C:\BCI\cortex-call\notebooks\data\processed\filtered_trials\cellula_MI_data_656.csv,right,False
657,C:\BCI\cortex-call\notebooks\data\processed\filtered_trials\cellula_MI_data_657.csv,right,False
667,C:\BCI\cortex-call\notebooks\data\processed\filtered_trials\cellula_MI_data_667.csv,left,False
668,C:\BCI\cortex-call\notebooks\data\processed\filtered_trials\cellula_MI_data_668.csv,right,False
669,C:\BCI\cortex-call\notebooks\data\processed\filtered_trials\cellula_MI_data_669.csv,left,False
670,C:\BCI\cortex-call\notebooks\data\processed\filtered_trials\cellula_MI_data_670.csv,left,False
671,C:\BCI\cortex-call\notebooks\data\processed\filtered_trials\cellula_MI_data_671.csv,left,False
672,C:\BCI\cortex-call\notebooks\data\processed\filtered_trials\cellula_MI_data_672.csv,left,False
673,C:\BCI\cortex-call\notebooks\data\processed\filtered_trials\cellula_MI_data_673.csv,left,False
674,C:\BCI\cortex-call\notebooks\data\processed\filtered_trials\cellula_MI_data_674.csv,left,False
675,C:\BCI\cortex-call\notebooks\data\processed\filtered_trials\cellula_MI_data_675.csv,left,False
676,C:\BCI\cortex-call\notebooks\data\processed\filtered_trials\cellula_MI_data_676.csv,right,False
677,C:\BCI\cortex-call\notebooks\data\processed\filtered_trials\cellula_MI_data_677.csv,left,False
678,C:\BCI\cortex-call\notebooks\data\processed\filtered_trials\cellula_MI_data_678.csv,right,False
679,C:\BCI\cortex-call\notebooks\data\processed\filtered_trials\cellula_MI_data_679.csv,left,False
680,C:\BCI\cortex-call\notebooks\data\processed\filtered_trials\cellula_MI_data_680.csv,left,False
681,C:\BCI\cortex-call\notebooks\data\processed\filtered_trials\cellula_MI_data_681.csv,left,False
682,C:\BCI\cortex-call\notebooks\data\processed\filtered_trials\cellula_MI_data_682.csv,right,False
683,C:\BCI\cortex-call\notebooks\data\processed\filtered_trials\cellula_MI_data_683.csv,left,False
684,C:\BCI\cortex-call\notebooks\data\processed\filtered_trials\cellula_MI_data_684.csv,right,False
685,C:\BCI\cortex-call\notebooks\data\processed\filtered_trials\cellula_MI_data_685.csv,right,False
686,C:\BCI\cortex-call\notebooks\data\processed\filtered_trials\cellula_MI_data_686.csv,left,False
687,C:\BCI\cortex-call\notebooks\data\processed\filtered_trials\cellula_MI_data_687.csv,right,False
688,C:\BCI\cortex-call\notebooks\data\processed\filtered_trials\cellula_MI_data_688.csv,right,False
689,C:\BCI\cortex-call\notebooks\data\processed\filtered_trials\cellula_MI_data_689.csv,left,False
690,C:\BCI\cortex-call\notebooks\data\processed\filtered_trials\cellula_MI_data_690.csv,right,False
691,C:\BCI\cortex-call\notebooks\data\processed\filtered_trials\cellula_MI_data_691.csv,left,False
692,C:\BCI\cortex-call\notebooks\data\processed\filtered_trials\cellula_MI_data_692.csv,right,False
693,C:\BCI\cortex-call\notebooks\data\processed\filtered_trials\cellula_MI_data_693.csv,left,False
694,C:\BCI\cortex-call\notebooks\data\processed\filtered_trials\cellula_MI_data_694.csv,left,False
695,C:\BCI\cortex-call\notebooks\data\processed\filtered_trials\cellula_MI_data_695.csv,right,False
696,C:\BCI\cortex-call\notebooks\data\processed\filtered_trials\cellula_MI_data_696.csv,right,False
697,C:\BCI\cortex-call\notebooks\data\processed\filtered_trials\cellula_MI_data_697.csv,right,False
698,C:\BCI\cortex-call\notebooks\data\processed\filtered_trials\cellula_MI_data_698.csv,right,False
699,C:\BCI\cortex-call\notebooks\data\processed\filtered_trials\cellula_MI_data_699.csv,right,False
700,C:\BCI\cortex-call\notebooks\data\processed\filtered_trials\cellula_MI_data_700.csv,left,False
701,C:\BCI\cortex-call\notebooks\data\processed\filtered_trials\cellula_MI_data_701.csv,left,False
702,C:\BCI\cortex-call\notebooks\data\processed\filtered_trials\cellula_MI_data_702.csv,right,False
703,C:\BCI\cortex-call\notebooks\data\processed\filtered_trials\cellula_MI_data_703.csv,right,False
704,C:\BCI\cortex-call\notebooks\data\processed\filtered_trials\cellula_MI_data_704.csv,left,False
705,C:\BCI\cortex-call\notebooks\data\processed\filtered_trials\cellula_MI_data_705.csv,left,False
706,C:\BCI\cortex-call\notebooks\data\processed\filtered_trials\cellula_MI_data_706.csv,left,False
707,C:\BCI\cortex-call\notebooks\data\processed\filtered_trials\cellula_MI_data_707.csv,right,False
708,C:\BCI\cortex-call\notebooks\data\processed\filtered_trials\cellula_MI_data_708.csv,left,False
709,C:\BCI\cortex-call\notebooks\data\processed\filtered_trials\cellula_MI_data_709.csv,right,False
710,C:\BCI\cortex-call\notebooks\data\processed\filtered_trials\cellula_MI_data_710.csv,right,False
711,C:\BCI\cortex-call\notebooks\data\processed\filtered_trials\cellula_MI_data_711.csv,left,False
712,C:\BCI\cortex-call\notebooks\data\processed\filtered_trials\cellula_MI_data_712.csv,right,False
713,C:\BCI\cortex-call\notebooks\data\processed\filtered_trials\cellula_MI_data_713.csv,right,False
714,C:\BCI\cortex-call\notebooks\data\processed\filtered_trials\cellula_MI_data_714.csv,left,False
715,C:\BCI\cortex-call\notebooks\data\processed\filtered_trials\cellula_MI_data_715.csv,right,False
716,C:\BCI\cortex-call\notebooks\data\processed\filtered_trials\cellula_MI_data_716.csv,left,False
717,C:\BCI\cortex-call\notebooks\data\processed\filtered_trials\cellula_MI_data_717.csv,left,False
718,C:\BCI\cortex-call\notebooks\data\processed\filtered_trials\cellula_MI_data_718.csv,right,False
719,C:\BCI\cortex-call\notebooks\data\processed\filtered_trials\cellula_MI_data_719.csv,right,False
720,C:\BCI\cortex-call\notebooks\data\processed\filtered_trials\cellula_MI_data_720.csv,right,False
721,C:\BCI\cortex-call\notebooks\data\processed\filtered_trials\cellula_MI_data_721.csv,right,False
722,C:\BCI\cortex-call\notebooks\data\processed\filtered_trials\cellula_MI_data_722.csv,left,False
723,C:\BCI\cortex-call\notebooks\data\processed\filtered_trials\cellula_MI_data_723.csv,right,False
724,C:\BCI\cortex-call\notebooks\data\processed\filtered_trials\cellula_MI_data_724.csv,right,False
725,C:\BCI\cortex-call\notebooks\data\processed\filtered_trials\cellula_MI_data_725.csv,right,False
726,C:\BCI\cortex-call\notebooks\data\processed\filtered_trials\cellula_MI_data_726.csv,left,False
727,C:\BCI\cortex-call\notebooks\data\processed\filtered_trials\cellula_MI_data_727.csv,right,False
728,C:\BCI\cortex-call\notebooks\data\processed\filtered_trials\cellula_MI_data_728.csv,left,False
729,C:\BCI\cortex-call\notebooks\data\processed\filtered_trials\cellula_MI_data_729.csv,left,False
730,C:\BCI\cortex-call\notebooks\data\processed\filtered_trials\cellula_MI_data_730.csv,left,False
731,C:\BCI\cortex-call\notebooks\data\processed\filtered_trials\cellula_MI_data_731.csv,right,False
732,C:\BCI\cortex-call\notebooks\data\processed\filtered_trials\cellula_MI_data_732.csv,right,False
733,C:\BCI\cortex-call\notebooks\data\processed\filtered_trials\cellula_MI_data_733.csv,right,False
734,C:\BCI\cortex-call\notebooks\data\processed\filtered_trials\cellula_MI_data_734.csv,left,False
735,C:\BCI\cortex-call\notebooks\data\processed\filtered_trials\cellula_MI_data_735.csv,left,False
736,C:\BCI\cortex-call\notebooks\data\processed\filtered_trials\cellula_MI_data_736.csv,left,False
737,C:\BCI\cortex-call\notebooks\data\processed\filtered_trials\cellula_MI_data_737.csv,right,False
738,C:\BCI\cortex-call\notebooks\data\processed\filtered_trials\cellula_MI_data_738.csv,left,False
739,C:\BCI\cortex-call\notebooks\data\processed\filtered_trials\cellula_MI_data_739.csv,left,False
740,C:\BCI\cortex-call\notebooks\data\processed\filtered_trials\cellula_MI_data_740.csv,right,False
741,C:\BCI\cortex-call\notebooks\data\processed\filtered_trials\cellula_MI_data_741.csv,right,False
742,C:\BCI\cortex-call\notebooks\data\processed\filtered_trials\cellula_MI_data_742.csv,left,False
743,C:\BCI\cortex-call\notebooks\data\processed\filtered_trials\cellula_MI_data_743.csv,left,False
744,C:\BCI\cortex-call\notebooks\data\processed\filtered_trials\cellula_MI_data_744.csv,right,False
745,C:\BCI\cortex-call\notebooks\data\processed\filtered_trials\cellula_MI_data_745.csv,left,False
746,C:\BCI\cortex-call\notebooks\data\processed\filtered_trials\cellula_MI_data_746.csv,right,False
747,C:\BCI\cortex-call\notebooks\data\processed\filtered_trials\cellula_MI_data_747.csv,right,False
748,C:\BCI\cortex-call\notebooks\data\processed\filtered_trials\cellula_MI_data_748.csv,left,False
749,C:\BCI\cortex-call\notebooks\data\processed\filtered_trials\cellula_MI_data_749.csv,right,False
750,C:\BCI\cortex-call\notebooks\data\processed\filtered_trials\cellula_MI_data_750.csv,left,False
751,C:\BCI\cortex-call\notebooks\data\processed\filtered_trials\cellula_MI_data_751.csv,right,False
752,C:\BCI\cortex-call\notebooks\data\processed\filtered_trials\cellula_MI_data_752.csv,left,False
753,C:\BCI\cortex-call\notebooks\data\processed\filtered_trials\cellula_MI_data_753.csv,right,False
754,C:\BCI\cortex-call\notebooks\data\processed\filtered_trials\cellula_MI_data_754.csv,left,False
755,C:\BCI\cortex-call\notebooks\data\processed\filtered_trials\cellula_MI_data_755.csv,right,False
756,C:\BCI\cortex-call\notebooks\data\processed\filtered_trials\cellula_MI_data_756.csv,right,False
757,C:\BCI\cortex-call\notebooks\data\processed\filtered_trials\cellula_MI_data_757.csv,left,False
758,C:\BCI\cortex-call\notebooks\data\processed\filtered_trials\cellula_MI_data_758.csv,right,False
759,C:\BCI\cortex-call\notebooks\data\processed\filtered_trials\cellula_MI_data_759.csv,right,False
760,C:\BCI\cortex-call\notebooks\data\processed\filtered_trials\cellula_MI_data_760.csv,left,False
761,C:\BCI\cortex-call\notebooks\data\processed\filtered_trials\cellula_MI_data_761.csv,right,False
762,C:\BCI\cortex-call\notebooks\data\processed\filtered_trials\cellula_MI_data_762.csv,right,False
763,C:\BCI\cortex-call\notebooks\data\processed\filtered_trials\cellula_MI_data_763.csv,right,False
764,C:\BCI\cortex-call\notebooks\data\processed\filtered_trials\cellula_MI_data_764.csv,right,False
765,C:\BCI\cortex-call\notebooks\data\processed\filtered_trials\cellula_MI_data_765.csv,right,False
766,C:\BCI\cortex-call\notebooks\data\processed\filtered_trials\cellula_MI_data_766.csv,left,False
767,C:\BCI\cortex-call\notebooks\data\processed\filtered_trials\cellula_MI_data_767.csv,right,False
768,C:\BCI\cortex-call\notebooks\data\processed\filtered_trials\cellula_MI_data_768.csv,right,False
769,C:\BCI\cortex-call\notebooks\data\processed\filtered_trials\cellula_MI_data_769.csv,left,False
770,C:\BCI\cortex-call\notebooks\data\processed\filtered_trials\cellula_MI_data_770.csv,right,False
771,C:\BCI\cortex-call\notebooks\data\processed\filtered_trials\cellula_MI_data_771.csv,right,False
772,C:\BCI\cortex-call\notebooks\data\processed\filtered_trials\cellula_MI_data_772.csv,left,False
773,C:\BCI\cortex-call\notebooks\data\processed\filtered_trials\cellula_MI_data_773.csv,left,False
774,C:\BCI\cortex-call\notebooks\data\processed\filtered_trials\cellula_MI_data_774.csv,left,False
775,C:\BCI\cortex-call\notebooks\data\processed\filtered_trials\cellula_MI_data_775.csv,left,False
776,C:\BCI\cortex-call\notebooks\data\processed\filtered_trials\cellula_MI_data_776.csv,left,False
777,C:\BCI\cortex-call\notebooks\data\processed\filtered_trials\cellula_MI_data_777.csv,left,False
778,C:\BCI\cortex-call\notebooks\data\processed\filtered_trials\cellula_MI_data_778.csv,right,False
779,C:\BCI\cortex-call\notebooks\data\processed\filtered_trials\cellula_MI_data_779.csv,right,False
780,C:\BCI\cortex-call\notebooks\data\processed\filtered_trials\cellula_MI_data_780.csv,right,False
781,C:\BCI\cortex-call\notebooks\data\processed\filtered_trials\cellula_MI_data_781.csv,right,False
782,C:\BCI\cortex-call\notebooks\data\processed\filtered_trials\cellula_MI_data_782.csv,left,False
783,C:\BCI\cortex-call\notebooks\data\processed\filtered_trials\cellula_MI_data_783.csv,right,False
784,C:\BCI\cortex-call\notebooks\data\processed\filtered_trials\cellula_MI_data_784.csv,left,False
785,C:\BCI\cortex-call\notebooks\data\processed\filtered_trials\cellula_MI_data_785.csv,left,False
786,C:\BCI\cortex-call\notebooks\data\processed\filtered_trials\cellula_MI_data_786.csv,right,False
787,C:\BCI\cortex-call\notebooks\data\processed\filtered_trials\cellula_MI_data_787.csv,left,False
788,C:\BCI\cortex-call\notebooks\data\processed\filtered_trials\cellula_MI_data_788.csv,left,False
789,C:\BCI\cortex-call\notebooks\data\processed\filtered_trials\cellula_MI_data_789.csv,left,False
790,C:\BCI\cortex-call\notebooks\data\processed\filtered_trials\cellula_MI_data_790.csv,left,False
791,C:\BCI\cortex-call\notebooks\data\processed\filtered_trials\cellula_MI_data_791.csv,left,False
792,C:\BCI\cortex-call\notebooks\data\processed\filtered_trials\cellula_MI_data_792.csv,left,False
793,C:\BCI\cortex-call\notebooks\data\processed\filtered_trials\cellula_MI_data_793.csv,left,False
794,C:\BCI\cortex-call\notebooks\data\processed\filtered_trials\cellula_MI_data_794.csv,left,False
795,C:\BCI\cortex-call\notebooks\data\processed\filtered_trials\cellula_MI_data_795.csv,right,False
796,C:\BCI\cortex-call\notebooks\data\processed\filtered_trials\cellula_MI_data_796.csv,left,False
797,C:\BCI\cortex-call\notebooks\data\processed\filtered_trials\cellula_MI_data_797.csv,left,False
798,C:\BCI\cortex-call\notebooks\data\processed\filtered_trials\cellula_MI_data_798.csv,right,False
799,C:\BCI\cortex-call\notebooks\data\processed\filtered_trials\cellula_MI_data_799.csv,right,False
800,C:\BCI\cortex-call\notebooks\data\processed\filtered_trials\cellula_MI_data_800.csv,right,False
801,C:\BCI\cortex-call\notebooks\data\processed\filtered_trials\cellula_MI_data_801.csv,left,False
802,C:\BCI\cortex-call\notebooks\data\processed\filtered_trials\cellula_MI_data_802.csv,left,False
803,C:\BCI\cortex-call\notebooks\data\processed\filtered_trials\cellula_MI_data_803.csv,right,False
804,C:\BCI\cortex-call\notebooks\data\processed\filtered_trials\cellula_MI_data_804.csv,left,False
805,C:\BCI\cortex-call\notebooks\data\processed\filtered_trials\cellula_MI_data_805.csv,right,False
806,C:\BCI\cortex-call\notebooks\data\processed\filtered_trials\cellula_MI_data_806.csv,right,False
807,C:\BCI\cortex-call\notebooks\data\processed\filtered_trials\cellula_MI_data_807.csv,left,False
808,C:\BCI\cortex-call\notebooks\data\processed\filtered_trials\cellula_MI_data_808.csv,right,False
809,C:\BCI\cortex-call\notebooks\data\processed\filtered_trials\cellula_MI_data_809.csv,right,False
810,C:\BCI\cortex-call\notebooks\data\processed\filtered_trials\cellula_MI_data_810.csv,left,False
811,C:\BCI\cortex-call\notebooks\data\processed\filtered_trials\cellula_MI_data_811.csv,right,False
812,C:\BCI\cortex-call\notebooks\data\processed\filtered_trials\cellula_MI_data_812.csv,right,False
813,C:\BCI\cortex-call\notebooks\data\processed\filtered_trials\cellula_MI_data_813.csv,left,False
814,C:\BCI\cortex-call\notebooks\data\processed\filtered_trials\cellula_MI_data_814.csv,left,False
815,C:\BCI\cortex-call\notebooks\data\processed\filtered_trials\cellula_MI_data_815.csv,left,False
816,C:\BCI\cortex-call\notebooks\data\processed\filtered_trials\cellula_MI_data_816.csv,left,False
817,C:\BCI\cortex-call\notebooks\data\processed\filtered_trials\cellula_MI_data_817.csv,right,False
818,C:\BCI\cortex-call\notebooks\data\processed\filtered_trials\cellula_MI_data_818.csv,right,False
819,C:\BCI\cortex-call\notebooks\data\processed\filtered_trials\cellula_MI_data_819.csv,left,False
820,C:\BCI\cortex-call\notebooks\data\processed\filtered_trials\cellula_MI_data_820.csv,right,False
821,C:\BCI\cortex-call\notebooks\data\processed\filtered_trials\cellula_MI_data_821.csv,left,False
822,C:\BCI\cortex-call\notebooks\data\processed\filtered_trials\cellula_MI_data_822.csv,right,False
823,C:\BCI\cortex-call\notebooks\data\processed\filtered_trials\cellula_MI_data_823.csv,left,False
824,C:\BCI\cortex-call\notebooks\data\processed\filtered_trials\cellula_MI_data_824.csv,right,False
825,C:\BCI\cortex-call\notebooks\data\processed\filtered_trials\cellula_MI_data_825.csv,left,False
826,C:\BCI\cortex-call\notebooks\data\processed\filtered_trials\cellula_MI_data_826.csv,right,False
827,C:\BCI\cortex-call\notebooks\data\processed\filtered_trials\cellula_MI_data_827.csv,right,False
828,C:\BCI\cortex-call\notebooks\data\processed\filtered_trials\cellula_MI_data_828.csv,right,False
829,C:\BCI\cortex-call\notebooks\data\processed\filtered_trials\cellula_MI_data_829.csv,left,False
830,C:\BCI\cortex-call\notebooks\data\processed\filtered_trials\cellula_MI_data_830.csv,right,False
831,C:\BCI\cortex-call\notebooks\data\processed\filtered_trials\cellula_MI_data_831.csv,right,False
832,C:\BCI\cortex-call\notebooks\data\processed\filtered_trials\cellula_MI_data_832.csv,left,False
833,C:\BCI\cortex-call\notebooks\data\processed\filtered_trials\cellula_MI_data_833.csv,left,False
834,C:\BCI\cortex-call\notebooks\data\processed\filtered_trials\cellula_MI_data_834.csv,left,False
835,C:\BCI\cortex-call\notebooks\data\processed\filtered_trials\cellula_MI_data_835.csv,left,False
836,C:\BCI\cortex-call\notebooks\data\processed\filtered_trials\cellula_MI_data_836.csv,left,False
837,C:\BCI\cortex-call\notebooks\data\processed\filtered_trials\cellula_MI_data_837.csv,left,False
838,C:\BCI\cortex-call\notebooks\data\processed\filtered_trials\cellula_MI_data_838.csv,right,False
839,C:\BCI\cortex-call\notebooks\data\processed\filtered_trials\cellula_MI_data_839.csv,right,False
840,C:\BCI\cortex-call\notebooks\data\processed\filtered_trials\cellula_MI_data_840.csv,left,False
841,C:\BCI\cortex-call\notebooks\data\processed\filtered_trials\cellula_MI_data_841.csv,left,False
842,C:\BCI\cortex-call\notebooks\data\processed\filtered_trials\cellula_MI_data_842.csv,left,False
843,C:\BCI\cortex-call\notebooks\data\processed\filtered_trials\cellula_MI_data_843.csv,left,False
844,C:\BCI\cortex-call\notebooks\data\processed\filtered_trials\cellula_MI_data_844.csv,right,False
845,C:\BCI\cortex-call\notebooks\data\processed\filtered_trials\cellula_MI_data_845.csv,right,False
846,C:\BCI\cortex-call\notebooks\data\processed\filtered_trials\cellula_MI_data_846.csv,left,False
847,C:\BCI\cortex-call\notebooks\data\processed\filtered_trials\cellula_MI_data_847.csv,left,False
848,C:\BCI\cortex-call\notebooks\data\processed\filtered_trials\cellula_MI_data_848.csv,left,False
849,C:\BCI\cortex-call\notebooks\data\processed\filtered_trials\cellula_MI_data_849.csv,left,False
850,C:\BCI\cortex-call\notebooks\data\processed\filtered_trials\cellula_MI_data_850.csv,left,False
851,C:\BCI\cortex-call\notebooks\data\processed\filtered_trials\cellula_MI_data_851.csv,left,False
852,C:\BCI\cortex-call\notebooks\data\processed\filtered_trials\cellula_MI_data_852.csv,right,False
853,C:\BCI\cortex-call\notebooks\data\processed\filtered_trials\cellula_MI_data_853.csv,right,False
854,C:\BCI\cortex-call\notebooks\data\processed\filtered_trials\cellula_MI_data_854.csv,right,False
855,C:\BCI\cortex-call\notebooks\data\processed\filtered_trials\cellula_MI_data_855.csv,right,False
856,C:\BCI\cortex-call\notebooks\data\processed\filtered_trials\cellula_MI_data_856.csv,right,False
857,C:\BCI\cortex-call\notebooks\data\processed\filtered_trials\cellula_MI_data_857.csv,left,False
858,C:\BCI\cortex-call\notebooks\data\processed\filtered_trials\cellula_MI_data_858.csv,left,False
859,C:\BCI\cortex-call\notebooks\data\processed\filtered_trials\cellula_MI_data_859.csv,right,False
860,C:\BCI\cortex-call\notebooks\data\processed\filtered_trials\cellula_MI_data_860.csv,right,False
861,C:\BCI\cortex-call\notebooks\data\processed\filtered_trials\cellula_MI_data_861.csv,left,False
862,C:\BCI\cortex-call\notebooks\data\processed\filtered_trials\cellula_MI_data_862.csv,left,False
863,C:\BCI\cortex-call\notebooks\data\processed\filtered_trials\cellula_MI_data_863.csv,right,False
864,C:\BCI\cortex-call\notebooks\data\processed\filtered_trials\cellula_MI_data_864.csv,left,False
865,C:\BCI\cortex-call\notebooks\data\processed\filtered_trials\cellula_MI_data_865.csv,right,False
866,C:\BCI\cortex-call\notebooks\data\processed\filtered_trials\cellula_MI_data_866.csv,left,False
867,C:\BCI\cortex-call\notebooks\data\processed\filtered_trials\cellula_MI_data_867.csv,right,False
868,C:\BCI\cortex-call\notebooks\data\processed\filtered_trials\cellula_MI_data_868.csv,left,False
869,C:\BCI\cortex-call\notebooks\data\processed\filtered_trials\cellula_MI_data_869.csv,left,False
870,C:\BCI\cortex-call\notebooks\data\processed\filtered_trials\cellula_MI_data_870.csv,right,False
871,C:\BCI\cortex-call\notebooks\data\processed\filtered_trials\cellula_MI_data_871.csv,right,False
872,C:\BCI\cortex-call\notebooks\data\processed\filtered_trials\cellula_MI_data_872.csv,right,False
873,C:\BCI\cortex-call\notebooks\data\processed\filtered_trials\cellula_MI_data_873.csv,left,False
874,C:\BCI\cortex-call\notebooks\data\processed\filtered_trials\cellula_MI_data_874.csv,right,False
875,C:\BCI\cortex-call\notebooks\data\processed\filtered_trials\cellula_MI_data_875.csv,right,False
876,C:\BCI\cortex-call\notebooks\data\processed\filtered_trials\cellula_MI_data_876.csv,left,False
877,C:\BCI\cortex-call\notebooks\data\processed\filtered_trials\cellula_MI_data_877.csv,right,False
878,C:\BCI\cortex-call\notebooks\data\processed\filtered_trials\cellula_MI_data_878.csv,left,False
879,C:\BCI\cortex-call\notebooks\data\processed\filtered_trials\cellula_MI_data_879.csv,left,False
880,C:\BCI\cortex-call\notebooks\data\processed\filtered_trials\cellula_MI_data_880.csv,left,False
881,C:\BCI\cortex-call\notebooks\data\processed\filtered_trials\cellula_MI_data_881.csv,right,False
882,C:\BCI\cortex-call\notebooks\data\processed\filtered_trials\cellula_MI_data_882.csv,left,False
883,C:\BCI\cortex-call\notebooks\data\processed\filtered_trials\cellula_MI_data_883.csv,left,False
884,C:\BCI\cortex-call\notebooks\data\processed\filtered_trials\cellula_MI_data_884.csv,right,False
885,C:\BCI\cortex-call\notebooks\data\processed\filtered_trials\cellula_MI_data_885.csv,left,False
886,C:\BCI\cortex-call\notebooks\data\processed\filtered_trials\cellula_MI_data_886.csv,left,False
887,C:\BCI\cortex-call\notebooks\data\processed\filtered_trials\cellula_MI_data_887.csv,right,False
888,C:\BCI\cortex-call\notebooks\data\processed\filtered_trials\cellula_MI_data_888.csv,right,False
889,C:\BCI\cortex-call\notebooks\data\processed\filtered_trials\cellula_MI_data_889.csv,right,False
890,C:\BCI\cortex-call\notebooks\data\processed\filtered_trials\cellula_MI_data_890.csv,right,False
891,C:\BCI\cortex-call\notebooks\data\processed\filtered_trials\cellula_MI_data_891.csv,right,False
892,C:\BCI\cortex-call\notebooks\data\processed\filtered_trials\cellula_MI_data_892.csv,right,False
893,C:\BCI\cortex-call\notebooks\data\processed\filtered_trials\cellula_MI_data_893.csv,left,False
894,C:\BCI\cortex-call\notebooks\data\processed\filtered_trials\cellula_MI_data_894.csv,right,False
895,C:\BCI\cortex-call\notebooks\data\processed\filtered_trials\cellula_MI_data_895.csv,right,False
896,C:\BCI\cortex-call\notebooks\data\processed\filtered_trials\cellula_MI_data_896.csv,left,False
897,C:\BCI\cortex-call\notebooks\data\processed\filtered_trials\cellula_MI_data_897.csv,left,False
898,C:\BCI\cortex-call\notebooks\data\processed\filtered_trials\cellula_MI_data_898.csv,left,False
899,C:\BCI\cortex-call\notebooks\data\processed\filtered_trials\cellula_MI_data_899.csv,left,False
900,C:\BCI\cortex-call\notebooks\data\processed\filtered_trials\cellula_MI_data_900.csv,left,False
901,C:\BCI\cortex-call\notebooks\data\processed\filtered_trials\cellula_MI_data_901.csv,right,False
902,C:\BCI\cortex-call\notebooks\data\processed\filtered_trials\cellula_MI_data_902.csv,left,False
903,C:\BCI\cortex-call\notebooks\data\processed\filtered_trials\cellula_MI_data_903.csv,left,False
904,C:\BCI\cortex-call\notebooks\data\processed\filtered_trials\cellula_MI_data_904.csv,left,False
905,C:\BCI\cortex-call\notebooks\data\processed\filtered_trials\cellula_MI_data_905.csv,right,False
906,C:\BCI\cortex-call\notebooks\data\processed\filtered_trials\cellula_MI_data_906.csv,left,False
907,C:\BCI\cortex-call\notebooks\data\processed\filtered_trials\cellula_MI_data_907.csv,right,False
908,C:\BCI\cortex-call\notebooks\data\processed\filtered_trials\cellula_MI_data_908.csv,right,False
909,C:\BCI\cortex-call\notebooks\data\processed\filtered_trials\cellula_MI_data_909.csv,right,False
910,C:\BCI\cortex-call\notebooks\data\processed\filtered_trials\cellula_MI_data_910.csv,right,False
911,C:\BCI\cortex-call\notebooks\data\processed\filtered_trials\cellula_MI_data_911.csv,right,False
912,C:\BCI\cortex-call\notebooks\data\processed\filtered_trials\cellula_MI_data_912.csv,right,False
913,C:\BCI\cortex-call\notebooks\data\processed\filtered_trials\cellula_MI_data_913.csv,left,False
914,C:\BCI\cortex-call\notebooks\data\processed\filtered_trials\cellula_MI_data_914.csv,right,False
915,C:\BCI\cortex-call\notebooks\data\processed\filtered_trials\cellula_MI_data_915.csv,left,False
916,C:\BCI\cortex-call\notebooks\data\processed\filtered_trials\cellula_MI_data_916.csv,right,False
917,C:\BCI\cortex-call\notebooks\data\processed\filtered_trials\cellula_MI_data_917.csv,left,False
918,C:\BCI\cortex-call\notebooks\data\processed\filtered_trials\cellula_MI_data_918.csv,left,False
919,C:\BCI\cortex-call\notebooks\data\processed\filtered_trials\cellula_MI_data_919.csv,left,False
920,C:\BCI\cortex-call\notebooks\data\processed\filtered_trials\cellula_MI_data_920.csv,right,False
921,C:\BCI\cortex-call\notebooks\data\processed\filtered_trials\cellula_MI_data_921.csv,right,False
922,C:\BCI\cortex-call\notebooks\data\processed\filtered_trials\cellula_MI_data_922.csv,right,False
923,C:\BCI\cortex-call\notebooks\data\processed\filtered_trials\cellula_MI_data_923.csv,right,False
924,C:\BCI\cortex-call\notebooks\data\processed\filtered_trials\cellula_MI_data_924.csv,right,False
925,C:\BCI\cortex-call\notebooks\data\processed\filtered_trials\cellula_MI_data_925.csv,left,False
926,C:\BCI\cortex-call\notebooks\data\processed\filtered_trials\cellula_MI_data_926.csv,right,False
927,C:\BCI\cortex-call\notebooks\data\processed\filtered_trials\cellula_MI_data_927.csv,left,False
928,C:\BCI\cortex-call\notebooks\data\processed\filtered_trials\cellula_MI_data_928.csv,right,False
929,C:\BCI\cortex-call\notebooks\data\processed\filtered_trials\cellula_MI_data_929.csv,right,False
930,C:\BCI\cortex-call\notebooks\data\processed\filtered_trials\cellula_MI_data_930.csv,left,False
931,C:\BCI\cortex-call\notebooks\data\processed\filtered_trials\cellula_MI_data_931.csv,right,False
932,C:\BCI\cortex-call\notebooks\data\processed\filtered_trials\cellula_MI_data_932.csv,right,False
933,C:\BCI\cortex-call\notebooks\data\processed\filtered_trials\cellula_MI_data_933.csv,right,False
934,C:\BCI\cortex-call\notebooks\data\processed\filtered_trials\cellula_MI_data_934.csv,left,False
935,C:\BCI\cortex-call\notebooks\data\processed\filtered_trials\cellula_MI_data_935.csv,left,False
936,C:\BCI\cortex-call\notebooks\data\processed\filtered_trials\cellula_MI_data_936.csv,right,False
937,C:\BCI\cortex-call\notebooks\data\processed\filtered_trials\cellula_MI_data_937.csv,left,False
938,C:\BCI\cortex-call\notebooks\data\processed\filtered_trials\cellula_MI_data_938.csv,left,False
939,C:\BCI\cortex-call\notebooks\data\processed\filtered_trials\cellula_MI_data_939.csv,right,False
940,C:\BCI\cortex-call\notebooks\data\processed\filtered_trials\cellula_MI_data_940.csv,left,False
941,C:\BCI\cortex-call\notebooks\data\processed\filtered_trials\cellula_MI_data_941.csv,right,False
942,C:\BCI\cortex-call\notebooks\data\processed\filtered_trials\cellula_MI_data_942.csv,right,False
943,C:\BCI\cortex-call\notebooks\data\processed\filtered_trials\cellula_MI_data_943.csv,right,False
944,C:\BCI\cortex-call\notebooks\data\processed\filtered_trials\cellula_MI_data_944.csv,right,False
945,C:\BCI\cortex-call\notebooks\data\processed\filtered_trials\cellula_MI_data_945.csv,right,False
946,C:\BCI\cortex-call\notebooks\data\processed\filtered_trials\cellula_MI_data_946.csv,left,False
947,C:\BCI\cortex-call\notebooks\data\processed\filtered_trials\cellula_MI_data_947.csv,left,False
948,C:\BCI\cortex-call\notebooks\data\processed\filtered_trials\cellula_MI_data_948.csv,right,False
949,C:\BCI\cortex-call\notebooks\data\processed\filtered_trials\cellula_MI_data_949.csv,right,False
950,C:\BCI\cortex-call\notebooks\data\processed\filtered_trials\cellula_MI_data_950.csv,right,False
951,C:\BCI\cortex-call\notebooks\data\processed\filtered_trials\cellula_MI_data_951.csv,left,False
952,C:\BCI\cortex-call\notebooks\data\processed\filtered_trials\cellula_MI_data_952.csv,left,False
953,C:\BCI\cortex-call\notebooks\data\processed\filtered_trials\cellula_MI_data_953.csv,left,False
954,C:\BCI\cortex-call\notebooks\data\processed\filtered_trials\cellula_MI_data_954.csv,left,False
955,C:\BCI\cortex-call\notebooks\data\processed\filtered_trials\cellula_MI_data_955.csv,left,False
956,C:\BCI\cortex-call\notebooks\data\processed\filtered_trials\cellula_MI_data_956.csv,left,False
957,C:\BCI\cortex-call\notebooks\data\processed\filtered_trials\cellula_MI_data_957.csv,right,False
958,C:\BCI\cortex-call\notebooks\data\processed\filtered_trials\cellula_MI_data_958.csv,left,False
959,C:\BCI\cortex-call\notebooks\data\processed\filtered_trials\cellula_MI_data_959.csv,right,False
960,C:\BCI\cortex-call\notebooks\data\processed\filtered_trials\cellula_MI_data_960.csv,right,False
961,C:\BCI\cortex-call\notebooks\data\processed\filtered_trials\cellula_MI_data_961.csv,right,False
962,C:\BCI\cortex-call\notebooks\data\processed\filtered_trials\cellula_MI_data_962.csv,left,False
963,C:\BCI\cortex-call\notebooks\data\processed\filtered_trials\cellula_MI_data_963.csv,right,False
964,C:\BCI\cortex-call\notebooks\data\processed\filtered_trials\cellula_MI_data_964.csv,left,False
965,C:\BCI\cortex-call\notebooks\data\processed\filtered_trials\cellula_MI_data_965.csv,right,False
966,C:\BCI\cortex-call\notebooks\data\processed\filtered_trials\cellula_MI_data_966.csv,left,False
967,C:\BCI\cortex-call\notebooks\data\processed\filtered_trials\cellula_MI_data_967.csv,right,False
968,C:\BCI\cortex-call\notebooks\data\processed\filtered_trials\cellula_MI_data_968.csv,left,False
969,C:\BCI\cortex-call\notebooks\data\processed\filtered_trials\cellula_MI_data_969.csv,right,False
970,C:\BCI\cortex-call\notebooks\data\processed\filtered_trials\cellula_MI_data_970.csv,right,False
971,C:\BCI\cortex-call\notebooks\data\processed\filtered_trials\cellula_MI_data_971.csv,left,False
972,C:\BCI\cortex-call\notebooks\data\processed\filtered_trials\cellula_MI_data_972.csv,left,False
973,C:\BCI\cortex-call\notebooks\data\processed\filtered_trials\cellula_MI_data_973.csv,right,False
974,C:\BCI\cortex-call\notebooks\data\processed\filtered_trials\cellula_MI_data_974.csv,right,False
975,C:\BCI\cortex-call\notebooks\data\processed\filtered_trials\cellula_MI_data_975.csv,right,False
976,C:\BCI\cortex-call\notebooks\data\processed\filtered_trials\cellula_MI_data_976.csv,right,False
977,C:\BCI\cortex-call\notebooks\data\processed\filtered_trials\cellula_MI_data_977.csv,left,False
978,C:\BCI\cortex-call\notebooks\data\processed\filtered_trials\cellula_MI_data_978.csv,right,False
979,C:\BCI\cortex-call\notebooks\data\processed\filtered_trials\cellula_MI_data_979.csv,left,False
980,C:\BCI\cortex-call\notebooks\data\processed\filtered_trials\cellula_MI_data_980.csv,left,False
981,C:\BCI\cortex-call\notebooks\data\processed\filtered_trials\cellula_MI_data_981.csv,right,False
982,C:\BCI\cortex-call\notebooks\data\processed\filtered_trials\cellula_MI_data_982.csv,left,False
983,C:\BCI\cortex-call\notebooks\data\processed\filtered_trials\cellula_MI_data_983.csv,left,False
984,C:\BCI\cortex-call\notebooks\data\processed\filtered_trials\cellula_MI_data_984.csv,left,False
985,C:\BCI\cortex-call\notebooks\data\processed\filtered_trials\cellula_MI_data_985.csv,right,False
986,C:\BCI\cortex-call\notebooks\data\processed\filtered_trials\cellula_MI_data_986.csv,right,False
987,C:\BCI\cortex-call\notebooks\data\processed\filtered_trials\cellula_MI_data_987.csv,right,False
988,C:\BCI\cortex-call\notebooks\data\processed\filtered_trials\cellula_MI_data_988.csv,right,False
989,C:\BCI\cortex-call\notebooks\data\processed\filtered_trials\cellula_MI_data_989.csv,right,False
990,C:\BCI\cortex-call\notebooks\data\processed\filtered_trials\cellula_MI_data_990.csv,left,False
991,C:\BCI\cortex-call\notebooks\data\processed\filtered_trials\cellula_MI_data_991.csv,left,False
992,C:\BCI\cortex-call\notebooks\data\processed\filtered_trials\cellula_MI_data_992.csv,left,False
993,C:\BCI\cortex-call\notebooks\data\processed\filtered_trials\cellula_MI_data_993.csv,left,False
994,C:\BCI\cortex-call\notebooks\data\processed\filtered_trials\cellula_MI_data_994.csv,right,False
995,C:\BCI\cortex-call\notebooks\data\processed\filtered_trials\cellula_MI_data_995.csv,right,False
996,C:\BCI\cortex-call\notebooks\data\processed\filtered_trials\cellula_MI_data_996.csv,right,False
997,C:\BCI\cortex-call\notebooks\data\processed\filtered_trials\cellula_MI_data_997.csv,left,False
998,C:\BCI\cortex-call\notebooks\data\processed\filtered_trials\cellula_MI_data_998.csv,right,False
999,C:\BCI\cortex-call\notebooks\data\processed\filtered_trials\cellula_MI_data_999.csv,left,False
1000,C:\BCI\cortex-call\notebooks\data\processed\filtered_trials\cellula_MI_data_1000.csv,right,False
1001,C:\BCI\cortex-call\notebooks\data\processed\filtered_trials\cellula_MI_data_1001.csv,left,False
1002,C:\BCI\cortex-call\notebooks\data\processed\filtered_trials\cellula_MI_data_1002.csv,right,False
1003,C:\BCI\cortex-call\notebooks\data\processed\filtered_trials\cellula_MI_data_1003.csv,right,False
1004,C:\BCI\cortex-call\notebooks\data\processed\filtered_trials\cellula_MI_data_1004.csv,left,False
1005,C:\BCI\cortex-call\notebooks\data\processed\filtered_trials\cellula_MI_data_1005.csv,left,False
1006,C:\BCI\cortex-call\notebooks\data\processed\filtered_trials\cellula_MI_data_1006.csv,right,False
1007,C:\BCI\cortex-call\notebooks\data\processed\filtered_trials\cellula_MI_data_1007.csv,right,False
1008,C:\BCI\cortex-call\notebooks\data\processed\filtered_trials\cellula_MI_data_1008.csv,right,False
1009,C:\BCI\cortex-call\notebooks\data\processed\filtered_trials\cellula_MI_data_1009.csv,right,False
1010,C:\BCI\cortex-call\notebooks\data\processed\filtered_trials\cellula_MI_data_1010.csv,left,False
1011,C:\BCI\cortex-call\notebooks\data\processed\filtered_trials\cellula_MI_data_1011.csv,right,False
1012,C:\BCI\cortex-call\notebooks\data\processed\filtered_trials\cellula_MI_data_1012.csv,right,False
1013,C:\BCI\cortex-call\notebooks\data\processed\filtered_trials\cellula_MI_data_1013.csv,right,False
1014,C:\BCI\cortex-call\notebooks\data\processed\filtered_trials\cellula_MI_data_1014.csv,right,False
1015,C:\BCI\cortex-call\notebooks\data\processed\filtered_trials\cellula_MI_data_1015.csv,right,False
1016,C:\BCI\cortex-call\notebooks\data\processed\filtered_trials\cellula_MI_data_1016.csv,left,False
1017,C:\BCI\cortex-call\notebooks\data\processed\filtered_trials\cellula_MI_data_1017.csv,left,False
1018,C:\BCI\cortex-call\notebooks\data\processed\filtered_trials\cellula_MI_data_1018.csv,right,False
1019,C:\BCI\cortex-call\notebooks\data\processed\filtered_trials\cellula_MI_data_1019.csv,right,False
1020,C:\BCI\cortex-call\notebooks\data\processed\filtered_trials\cellula_MI_data_1020.csv,left,False
1021,C:\BCI\cortex-call\notebooks\data\processed\filtered_trials\cellula_MI_data_1021.csv,left,False
1022,C:\BCI\cortex-call\notebooks\data\processed\filtered_trials\cellula_MI_data_1022.csv,left,False
1023,C:\BCI\cortex-call\notebooks\data\processed\filtered_trials\cellula_MI_data_1023.csv,right,False
1024,C:\BCI\cortex-call\notebooks\data\processed\filtered_trials\cellula_MI_data_1024.csv,right,False
1025,C:\BCI\cortex-call\notebooks\data\processed\filtered_trials\cellula_MI_data_1025.csv,left,False
1026,C:\BCI\cortex-call\notebooks\data\processed\filtered_trials\cellula_MI_data_1026.csv,right,False
1027,C:\BCI\cortex-call\notebooks\data\processed\filtered_trials\cellula_MI_data_1027.csv,right,False
1028,C:\BCI\cortex-call\notebooks\data\processed\filtered_trials\cellula_MI_data_1028.csv,left,False
1029,C:\BCI\cortex-call\notebooks\data\processed\filtered_trials\cellula_MI_data_1029.csv,right,False
1030,C:\BCI\cortex-call\notebooks\data\processed\filtered_trials\cellula_MI_data_1030.csv,left,False
1031,C:\BCI\cortex-call\notebooks\data\processed\filtered_trials\cellula_MI_data_1031.csv,left,False
1032,C:\BCI\cortex-call\notebooks\data\processed\filtered_trials\cellula_MI_data_1032.csv,left,False
1033,C:\BCI\cortex-call\notebooks\data\processed\filtered_trials\cellula_MI_data_1033.csv,right,False
1034,C:\BCI\cortex-call\notebooks\data\processed\filtered_trials\cellula_MI_data_1034.csv,right,False
1035,C:\BCI\cortex-call\notebooks\data\processed\filtered_trials\cellula_MI_data_1035.csv,left,False
1036,C:\BCI\cortex-call\notebooks\data\processed\filtered_trials\cellula_MI_data_1036.csv,right,False
1037,C:\BCI\cortex-call\notebooks\data\processed\filtered_trials\cellula_MI_data_1037.csv,left,False
1038,C:\BCI\cortex-call\notebooks\data\processed\filtered_trials\cellula_MI_data_1038.csv,right,False
1039,C:\BCI\cortex-call\notebooks\data\processed\filtered_trials\cellula_MI_data_1039.csv,right,False
1040,C:\BCI\cortex-call\notebooks\data\processed\filtered_trials\cellula_MI_data_1040.csv,left,False
1041,C:\BCI\cortex-call\notebooks\data\processed\filtered_trials\cellula_MI_data_1041.csv,right,False
1042,C:\BCI\cortex-call\notebooks\data\processed\filtered_trials\cellula_MI_data_1042.csv,right,False
1043,C:\BCI\cortex-call\notebooks\data\processed\filtered_trials\cellula_MI_data_1043.csv,right,False
1044,C:\BCI\cortex-call\notebooks\data\processed\filtered_trials\cellula_MI_data_1044.csv,left,False
1045,C:\BCI\cortex-call\notebooks\data\processed\filtered_trials\cellula_MI_data_1045.csv,left,False
1046,C:\BCI\cortex-call\notebooks\data\processed\filtered_trials\cellula_MI_data_1046.csv,right,False
1047,C:\BCI\cortex-call\notebooks\data\processed\filtered_trials\cellula_MI_data_1047.csv,left,False
1048,C:\BCI\cortex-call\notebooks\data\processed\filtered_trials\cellula_MI_data_1048.csv,left,False
1049,C:\BCI\cortex-call\notebooks\data\processed\filtered_trials\cellula_MI_data_1049.csv,right,False
1050,C:\BCI\cortex-call\notebooks\data\processed\filtered_trials\cellula_MI_data_1050.csv,right,False
1051,C:\BCI\cortex-call\notebooks\data\processed\filtered_trials\cellula_MI_data_1051.csv,right,False
1052,C:\BCI\cortex-call\notebooks\data\processed\filtered_trials\cellula_MI_data_1052.csv,right,False
1053,C:\BCI\cortex-call\notebooks\data\processed\filtered_trials\cellula_MI_data_1053.csv,left,False
1054,C:\BCI\cortex-call\notebooks\data\processed\filtered_trials\cellula_MI_data_1054.csv,right,False
1055,C:\BCI\cortex-call\notebooks\data\processed\filtered_trials\cellula_MI_data_1055.csv,left,False
1056,C:\BCI\cortex-call\notebooks\data\processed\filtered_trials\cellula_MI_data_1056.csv,left,False
1057,C:\BCI\cortex-call\notebooks\data\processed\filtered_trials\cellula_MI_data_1057.csv,left,False
1058,C:\BCI\cortex-call\notebooks\data\processed\filtered_trials\cellula_MI_data_1058.csv,left,False
1059,C:\BCI\cortex-call\notebooks\data\processed\filtered_trials\cellula_MI_data_1059.csv,right,False
1060,C:\BCI\cortex-call\notebooks\data\processed\filtered_trials\cellula_MI_data_1060.csv,left,False
1061,C:\BCI\cortex-call\notebooks\data\processed\filtered_trials\cellula_MI_data_1061.csv,left,False
1062,C:\BCI\cortex-call\notebooks\data\processed\filtered_trials\cellula_MI_data_1062.csv,right,False
1063,C:\BCI\cortex-call\notebooks\data\processed\filtered_trials\cellula_MI_data_1063.csv,right,False
1064,C:\BCI\cortex-call\notebooks\data\processed\filtered_trials\cellula_MI_data_1064.csv,left,False
1065,C:\BCI\cortex-call\notebooks\data\processed\filtered_trials\cellula_MI_data_1065.csv,right,False
1066,C:\BCI\cortex-call\notebooks\data\processed\filtered_trials\cellula_MI_data_1066.csv,left,False
1067,C:\BCI\cortex-call\notebooks\data\processed\filtered_trials\cellula_MI_data_1067.csv,left,False
1068,C:\BCI\cortex-call\notebooks\data\processed\filtered_trials\cellula_MI_data_1068.csv,left,False
1069,C:\BCI\cortex-call\notebooks\data\processed\filtered_trials\cellula_MI_data_1069.csv,right,False
1070,C:\BCI\cortex-call\notebooks\data\processed\filtered_trials\cellula_MI_data_1070.csv,left,False
1071,C:\BCI\cortex-call\notebooks\data\processed\filtered_trials\cellula_MI_data_1071.csv,right,False
1072,C:\BCI\cortex-call\notebooks\data\processed\filtered_trials\cellula_MI_data_1072.csv,left,False
1073,C:\BCI\cortex-call\notebooks\data\processed\filtered_trials\cellula_MI_data_1073.csv,left,False
1074,C:\BCI\cortex-call\notebooks\data\processed\filtered_trials\cellula_MI_data_1074.csv,left,False
1075,C:\BCI\cortex-call\notebooks\data\processed\filtered_trials\cellula_MI_data_1075.csv,right,False
1076,C:\BCI\cortex-call\notebooks\data\processed\filtered_trials\cellula_MI_data_1076.csv,right,False
1077,C:\BCI\cortex-call\notebooks\data\processed\filtered_trials\cellula_MI_data_1077.csv,right,False
1078,C:\BCI\cortex-call\notebooks\data\processed\filtered_trials\cellula_MI_data_1078.csv,right,False
1079,C:\BCI\cortex-call\notebooks\data\processed\filtered_trials\cellula_MI_data_1079.csv,left,False
1080,C:\BCI\cortex-call\notebooks\data\processed\filtered_trials\cellula_MI_data_1080.csv,right,False
1081,C:\BCI\cortex-call\notebooks\data\processed\filtered_trials\cellula_MI_data_1081.csv,left,False
1082,C:\BCI\cortex-call\notebooks\data\processed\filtered_trials\cellula_MI_data_1082.csv,right,False
1083,C:\BCI\cortex-call\notebooks\data\processed\filtered_trials\cellula_MI_data_1083.csv,right,False
1084,C:\BCI\cortex-call\notebooks\data\processed\filtered_trials\cellula_MI_data_1084.csv,right,False
1085,C:\BCI\cortex-call\notebooks\data\processed\filtered_trials\cellula_MI_data_1085.csv,left,False
1086,C:\BCI\cortex-call\notebooks\data\processed\filtered_trials\cellula_MI_data_1086.csv,right,False
1087,C:\BCI\cortex-call\notebooks\data\processed\filtered_trials\cellula_MI_data_1087.csv,right,False
1088,C:\BCI\cortex-call\notebooks\data\processed\filtered_trials\cellula_MI_data_1088.csv,left,False
1089,C:\BCI\cortex-call\notebooks\data\processed\filtered_trials\cellula_MI_data_1089.csv,left,False
1090,C:\BCI\cortex-call\notebooks\data\processed\filtered_trials\cellula_MI_data_1090.csv,left,False
1091,C:\BCI\cortex-call\notebooks\data\processed\filtered_trials\cellula_MI_data_1091.csv,left,False
1092,C:\BCI\cortex-call\notebooks\data\processed\filtered_trials\cellula_MI_data_1092.csv,right,False
1093,C:\BCI\cortex-call\notebooks\data\processed\filtered_trials\cellula_MI_data_1093.csv,right,False
1094,C:\BCI\cortex-call\notebooks\data\processed\filtered_trials\cellula_MI_data_1094.csv,right,False
1095,C:\BCI\cortex-call\notebooks\data\processed\filtered_trials\cellula_MI_data_1095.csv,left,False
1096,C:\BCI\cortex-call\notebooks\data\processed\filtered_trials\cellula_MI_data_1096.csv,right,False
1097,C:\BCI\cortex-call\notebooks\data\processed\filtered_trials\cellula_MI_data_1097.csv,right,False
1098,C:\BCI\cortex-call\notebooks\data\processed\filtered_trials\cellula_MI_data_1098.csv,right,False
1099,C:\BCI\cortex-call\notebooks\data\processed\filtered_trials\cellula_MI_data_1099.csv,left,False
1100,C:\BCI\cortex-call\notebooks\data\processed\filtered_trials\cellula_MI_data_1100.csv,left,False
1101,C:\BCI\cortex-call\notebooks\data\processed\filtered_trials\cellula_MI_data_1101.csv,left,False
1102,C:\BCI\cortex-call\notebooks\data\processed\filtered_trials\cellula_MI_data_1102.csv,right,False
1103,C:\BCI\cortex-call\notebooks\data\processed\filtered_trials\cellula_MI_data_1103.csv,right,False
1104,C:\BCI\cortex-call\notebooks\data\processed\filtered_trials\cellula_MI_data_1104.csv,right,False
1105,C:\BCI\cortex-call\notebooks\data\processed\filtered_trials\cellula_MI_data_1105.csv,left,False
1106,C:\BCI\cortex-call\notebooks\data\processed\filtered_trials\cellula_MI_data_1106.csv,left,False
1107,C:\BCI\cortex-call\notebooks\data\processed\filtered_trials\cellula_MI_data_1107.csv,left,False
1108,C:\BCI\cortex-call\notebooks\data\processed\filtered_trials\cellula_MI_data_1108.csv,right,False
1109,C:\BCI\cortex-call\notebooks\data\processed\filtered_trials\cellula_MI_data_1109.csv,right,False
1110,C:\BCI\cortex-call\notebooks\data\processed\filtered_trials\cellula_MI_data_1110.csv,left,False
1111,C:\BCI\cortex-call\notebooks\data\processed\filtered_trials\cellula_MI_data_1111.csv,left,False
1112,C:\BCI\cortex-call\notebooks\data\processed\filtered_trials\cellula_MI_data_1112.csv,right,False
1113,C:\BCI\cortex-call\notebooks\data\processed\filtered_trials\cellula_MI_data_1113.csv,right,False
1114,C:\BCI\cortex-call\notebooks\data\processed\filtered_trials\cellula_MI_data_1114.csv,left,False
1115,C:\BCI\cortex-call\notebooks\data\processed\filtered_trials\cellula_MI_data_1115.csv,right,False
1116,C:\BCI\cortex-call\notebooks\data\processed\filtered_trials\cellula_MI_data_1116.csv,left,False
1117,C:\BCI\cortex-call\notebooks\data\processed\filtered_trials\cellula_MI_data_1117.csv,right,False
1118,C:\BCI\cortex-call\notebooks\data\processed\filtered_trials\cellula_MI_data_1118.csv,right,False
1119,C:\BCI\cortex-call\notebooks\data\processed\filtered_trials\cellula_MI_data_1119.csv,right,False
1120,C:\BCI\cortex-call\notebooks\data\processed\filtered_trials\cellula_MI_data_1120.csv,right,False
1121,C:\BCI\cortex-call\notebooks\data\processed\filtered_trials\cellula_MI_data_1121.csv,right,False
1122,C:\BCI\cortex-call\notebooks\data\processed\filtered_trials\cellula_MI_data_1122.csv,right,False
1123,C:\BCI\cortex-call\notebooks\data\processed\filtered_trials\cellula_MI_data_1123.csv,left,False
1124,C:\BCI\cortex-call\notebooks\data\processed\filtered_trials\cellula_MI_data_1124.csv,left,False
1125,C:\BCI\cortex-call\notebooks\data\processed\filtered_trials\cellula_MI_data_1125.csv,right,False
1126,C:\BCI\cortex-call\notebooks\data\processed\filtered_trials\cellula_MI_data_1126.csv,right,False
1127,C:\BCI\cortex-call\notebooks\data\processed\filtered_trials\cellula_MI_data_1127.csv,right,False
1128,C:\BCI\cortex-call\notebooks\data\processed\filtered_trials\cellula_MI_data_1128.csv,right,False
1129,C:\BCI\cortex-call\notebooks\data\processed\filtered_trials\cellula_MI_data_1129.csv,right,False
1130,C:\BCI\cortex-call\notebooks\data\processed\filtered_trials\cellula_MI_data_1130.csv,left,False
1131,C:\BCI\cortex-call\notebooks\data\processed\filtered_trials\cellula_MI_data_1131.csv,left,False
1132,C:\BCI\cortex-call\notebooks\data\processed\filtered_trials\cellula_MI_data_1132.csv,right,False
1133,C:\BCI\cortex-call\notebooks\data\processed\filtered_trials\cellula_MI_data_1133.csv,left,False
1134,C:\BCI\cortex-call\notebooks\data\processed\filtered_trials\cellula_MI_data_1134.csv,right,False
1135,C:\BCI\cortex-call\notebooks\data\processed\filtered_trials\cellula_MI_data_1135.csv,right,False
1136,C:\BCI\cortex-call\notebooks\data\processed\filtered_trials\cellula_MI_data_1136.csv,left,False
1137,C:\BCI\cortex-call\notebooks\data\processed\filtered_trials\cellula_MI_data_1137.csv,left,False
1138,C:\BCI\cortex-call\notebooks\data\processed\filtered_trials\cellula_MI_data_1138.csv,right,False
1139,C:\BCI\cortex-call\notebooks\data\processed\filtered_trials\cellula_MI_data_1139.csv,right,False
1140,C:\BCI\cortex-call\notebooks\data\processed\filtered_trials\cellula_MI_data_1140.csv,right,False
1141,C:\BCI\cortex-call\notebooks\data\processed\filtered_trials\cellula_MI_data_1141.csv,left,False
1142,C:\BCI\cortex-call\notebooks\data\processed\filtered_trials\cellula_MI_data_1142.csv,right,False
1143,C:\BCI\cortex-call\notebooks\data\processed\filtered_trials\cellula_MI_data_1143.csv,right,False
1144,C:\BCI\cortex-call\notebooks\data\processed\filtered_trials\cellula_MI_data_1144.csv,right,False
1145,C:\BCI\cortex-call\notebooks\data\processed\filtered_trials\cellula_MI_data_1145.csv,left,False
1146,C:\BCI\cortex-call\notebooks\data\processed\filtered_trials\cellula_MI_data_1146.csv,right,False
1147,C:\BCI\cortex-call\notebooks\data\processed\filtered_trials\cellula_MI_data_1147.csv,right,False
1148,C:\BCI\cortex-call\notebooks\data\processed\filtered_trials\cellula_MI_data_1148.csv,right,False
1149,C:\BCI\cortex-call\notebooks\data\processed\filtered_trials\cellula_MI_data_1149.csv,left,False
1150,C:\BCI\cortex-call\notebooks\data\processed\filtered_trials\cellula_MI_data_1150.csv,left,False
1151,C:\BCI\cortex-call\notebooks\data\processed\filtered_trials\cellula_MI_data_1151.csv,right,False
1152,C:\BCI\cortex-call\notebooks\data\processed\filtered_trials\cellula_MI_data_1152.csv,left,False
1153,C:\BCI\cortex-call\notebooks\data\processed\filtered_trials\cellula_MI_data_1153.csv,left,False
1154,C:\BCI\cortex-call\notebooks\data\processed\filtered_trials\cellula_MI_data_1154.csv,left,False
1155,C:\BCI\cortex-call\notebooks\data\processed\filtered_trials\cellula_MI_data_1155.csv,right,False
1156,C:\BCI\cortex-call\notebooks\data\processed\filtered_trials\cellula_MI_data_1156.csv,left,False
1157,C:\BCI\cortex-call\notebooks\data\processed\filtered_trials\cellula_MI_data_1157.csv,left,False
1158,C:\BCI\cortex-call\notebooks\data\processed\filtered_trials\cellula_MI_data_1158.csv,left,False
1159,C:\BCI\cortex-call\notebooks\data\processed\filtered_trials\cellula_MI_data_1159.csv,left,False
1160,C:\BCI\cortex-call\notebooks\data\processed\filtered_trials\cellula_MI_data_1160.csv,right,False
1161,C:\BCI\cortex-call\notebooks\data\processed\filtered_trials\cellula_MI_data_1161.csv,left,False
1162,C:\BCI\cortex-call\notebooks\data\processed\filtered_trials\cellula_MI_data_1162.csv,left,False
1163,C:\BCI\cortex-call\notebooks\data\processed\filtered_trials\cellula_MI_data_1163.csv,left,False
1164,C:\BCI\cortex-call\notebooks\data\processed\filtered_trials\cellula_MI_data_1164.csv,right,False
1165,C:\BCI\cortex-call\notebooks\data\processed\filtered_trials\cellula_MI_data_1165.csv,right,False
1166,C:\BCI\cortex-call\notebooks\data\processed\filtered_trials\cellula_MI_data_1166.csv,left,False
1167,C:\BCI\cortex-call\notebooks\data\processed\filtered_trials\cellula_MI_data_1167.csv,right,False
1168,C:\BCI\cortex-call\notebooks\data\processed\filtered_trials\cellula_MI_data_1168.csv,right,False
1169,C:\BCI\cortex-call\notebooks\data\processed\filtered_trials\cellula_MI_data_1169.csv,left,False
1170,C:\BCI\cortex-call\notebooks\data\processed\filtered_trials\cellula_MI_data_1170.csv,left,False
1171,C:\BCI\cortex-call\notebooks\data\processed\filtered_trials\cellula_MI_data_1171.csv,left,False
1172,C:\BCI\cortex-call\notebooks\data\processed\filtered_trials\cellula_MI_data_1172.csv,right,False
1173,C:\BCI\cortex-call\notebooks\data\processed\filtered_trials\cellula_MI_data_1173.csv,right,False
1174,C:\BCI\cortex-call\notebooks\data\processed\filtered_trials\cellula_MI_data_1174.csv,right,False
1175,C:\BCI\cortex-call\notebooks\data\processed\filtered_trials\cellula_MI_data_1175.csv,right,False
1176,C:\BCI\cortex-call\notebooks\data\processed\filtered_trials\cellula_MI_data_1176.csv,left,False
1177,C:\BCI\cortex-call\notebooks\data\processed\filtered_trials\cellula_MI_data_1177.csv,left,False
1178,C:\BCI\cortex-call\notebooks\data\processed\filtered_trials\cellula_MI_data_1178.csv,right,False
1179,C:\BCI\cortex-call\notebooks\data\processed\filtered_trials\cellula_MI_data_1179.csv,right,False
1180,C:\BCI\cortex-call\notebooks\data\processed\filtered_trials\cellula_MI_data_1180.csv,left,False
1181,C:\BCI\cortex-call\notebooks\data\processed\filtered_trials\cellula_MI_data_1181.csv,right,False
1182,C:\BCI\cortex-call\notebooks\data\processed\filtered_trials\cellula_MI_data_1182.csv,left,False
1183,C:\BCI\cortex-call\notebooks\data\processed\filtered_trials\cellula_MI_data_1183.csv,right,False
1184,C:\BCI\cortex-call\notebooks\data\processed\filtered_trials\cellula_MI_data_1184.csv,left,False
1185,C:\BCI\cortex-call\notebooks\data\processed\filtered_trials\cellula_MI_data_1185.csv,right,False
1186,C:\BCI\cortex-call\notebooks\data\processed\filtered_trials\cellula_MI_data_1186.csv,left,False
1187,C:\BCI\cortex-call\notebooks\data\processed\filtered_trials\cellula_MI_data_1187.csv,left,False
1188,C:\BCI\cortex-call\notebooks\data\processed\filtered_trials\cellula_MI_data_1188.csv,right,False
1189,C:\BCI\cortex-call\notebooks\data\processed\filtered_trials\cellula_MI_data_1189.csv,right,False
1190,C:\BCI\cortex-call\notebooks\data\processed\filtered_trials\cellula_MI_data_1190.csv,right,False
1191,C:\BCI\cortex-call\notebooks\data\processed\filtered_trials\cellula_MI_data_1191.csv,left,False
1192,C:\BCI\cortex-call\notebooks\data\processed\filtered_trials\cellula_MI_data_1192.csv,left,False
1193,C:\BCI\cortex-call\notebooks\data\processed\filtered_trials\cellula_MI_data_1193.csv,left,False
1194,C:\BCI\cortex-call\notebooks\data\processed\filtered_trials\cellula_MI_data_1194.csv,right,False
1195,C:\BCI\cortex-call\notebooks\data\processed\filtered_trials\cellula_MI_data_1195.csv,right,False
1196,C:\BCI\cortex-call\notebooks\data\processed\filtered_trials\cellula_MI_data_1196.csv,left,False
1197,C:\BCI\cortex-call\notebooks\data\processed\filtered_trials\cellula_MI_data_1197.csv,right,False
1198,C:\BCI\cortex-call\notebooks\data\processed\filtered_trials\cellula_MI_data_1198.csv,right,False
1199,C:\BCI\cortex-call\notebooks\data\processed\filtered_trials\cellula_MI_data_1199.csv,left,False
1200,C:\BCI\cortex-call\notebooks\data\processed\filtered_trials\cellula_MI_data_1200.csv,right,False
1201,C:\BCI\cortex-call\notebooks\data\processed\filtered_trials\cellula_MI_data_1201.csv,left,False
1202,C:\BCI\cortex-call\notebooks\data\processed\filtered_trials\cellula_MI_data_1202.csv,right,False
1203,C:\BCI\cortex-call\notebooks\data\processed\filtered_trials\cellula_MI_data_1203.csv,left,False
1204,C:\BCI\cortex-call\notebooks\data\processed\filtered_trials\cellula_MI_data_1204.csv,left,False
1205,C:\BCI\cortex-call\notebooks\data\processed\filtered_trials\cellula_MI_data_1205.csv,right,False
1206,C:\BCI\cortex-call\notebooks\data\processed\filtered_trials\cellula_MI_data_1206.csv,left,False
1207,C:\BCI\cortex-call\notebooks\data\processed\filtered_trials\cellula_MI_data_1207.csv,right,False
1208,C:\BCI\cortex-call\notebooks\data\processed\filtered_trials\cellula_MI_data_1208.csv,right,False
1209,C:\BCI\cortex-call\notebooks\data\processed\filtered_trials\cellula_MI_data_1209.csv,right,False
1210,C:\BCI\cortex-call\notebooks\data\processed\filtered_trials\cellula_MI_data_1210.csv,left,False
1211,C:\BCI\cortex-call\notebooks\data\processed\filtered_trials\cellula_MI_data_1211.csv,right,False
1212,C:\BCI\cortex-call\notebooks\data\processed\filtered_trials\cellula_MI_data_1212.csv,left,False
1213,C:\BCI\cortex-call\notebooks\data\processed\filtered_trials\cellula_MI_data_1213.csv,right,False
1214,C:\BCI\cortex-call\notebooks\data\processed\filtered_trials\cellula_MI_data_1214.csv,right,False
1215,C:\BCI\cortex-call\notebooks\data\processed\filtered_trials\cellula_MI_data_1215.csv,left,False
1216,C:\BCI\cortex-call\notebooks\data\processed\filtered_trials\cellula_MI_data_1216.csv,right,False
1217,C:\BCI\cortex-call\notebooks\data\processed\filtered_trials\cellula_MI_data_1217.csv,right,False
1218,C:\BCI\cortex-call\notebooks\data\processed\filtered_trials\cellula_MI_data_1218.csv,right,False
1219,C:\BCI\cortex-call\notebooks\data\processed\filtered_trials\cellula_MI_data_1219.csv,left,False
1220,C:\BCI\cortex-call\notebooks\data\processed\filtered_trials\cellula_MI_data_1220.csv,right,False
1221,C:\BCI\cortex-call\notebooks\data\processed\filtered_trials\cellula_MI_data_1221.csv,left,False
1222,C:\BCI\cortex-call\notebooks\data\processed\filtered_trials\cellula_MI_data_1222.csv,right,False
1223,C:\BCI\cortex-call\notebooks\data\processed\filtered_trials\cellula_MI_data_1223.csv,right,False
1224,C:\BCI\cortex-call\notebooks\data\processed\filtered_trials\cellula_MI_data_1224.csv,right,False
1225,C:\BCI\cortex-call\notebooks\data\processed\filtered_trials\cellula_MI_data_1225.csv,right,False
1226,C:\BCI\cortex-call\notebooks\data\processed\filtered_trials\cellula_MI_data_1226.csv,left,False
1227,C:\BCI\cortex-call\notebooks\data\processed\filtered_trials\cellula_MI_data_1227.csv,right,False
1228,C:\BCI\cortex-call\notebooks\data\processed\filtered_trials\cellula_MI_data_1228.csv,right,False
1229,C:\BCI\cortex-call\notebooks\data\processed\filtered_trials\cellula_MI_data_1229.csv,right,False
1230,C:\BCI\cortex-call\notebooks\data\processed\filtered_trials\cellula_MI_data_1230.csv,right,False
1231,C:\BCI\cortex-call\notebooks\data\processed\filtered_trials\cellula_MI_data_1231.csv,right,False
1232,C:\BCI\cortex-call\notebooks\data\processed\filtered_trials\cellula_MI_data_1232.csv,right,False
1233,C:\BCI\cortex-call\notebooks\data\processed\filtered_trials\cellula_MI_data_1233.csv,right,False
1234,C:\BCI\cortex-call\notebooks\data\processed\filtered_trials\cellula_MI_data_1234.csv,left,False
1235,C:\BCI\cortex-call\notebooks\data\processed\filtered_trials\cellula_MI_data_1235.csv,right,False
1236,C:\BCI\cortex-call\notebooks\data\processed\filtered_trials\cellula_MI_data_1236.csv,left,False
1237,C:\BCI\cortex-call\notebooks\data\processed\filtered_trials\cellula_MI_data_1237.csv,right,False
1238,C:\BCI\cortex-call\notebooks\data\processed\filtered_trials\cellula_MI_data_1238.csv,left,False
1239,C:\BCI\cortex-call\notebooks\data\processed\filtered_trials\cellula_MI_data_1239.csv,left,False
1240,C:\BCI\cortex-call\notebooks\data\processed\filtered_trials\cellula_MI_data_1240.csv,right,False
1241,C:\BCI\cortex-call\notebooks\data\processed\filtered_trials\cellula_MI_data_1241.csv,left,False
1242,C:\BCI\cortex-call\notebooks\data\processed\filtered_trials\cellula_MI_data_1242.csv,left,False
1243,C:\BCI\cortex-call\notebooks\data\processed\filtered_trials\cellula_MI_data_1243.csv,right,False
1244,C:\BCI\cortex-call\notebooks\data\processed\filtered_trials\cellula_MI_data_1244.csv,left,False
1245,C:\BCI\cortex-call\notebooks\data\processed\filtered_trials\cellula_MI_data_1245.csv,right,False
1246,C:\BCI\cortex-call\notebooks\data\processed\filtered_trials\cellula_MI_data_1246.csv,left,False
1247,C:\BCI\cortex-call\notebooks\data\processed\filtered_trials\cellula_MI_data_1247.csv,right,False
1248,C:\BCI\cortex-call\notebooks\data\processed\filtered_trials\cellula_MI_data_1248.csv,left,False
1249,C:\BCI\cortex-call\notebooks\data\processed\filtered_trials\cellula_MI_data_1249.csv,right,False
1250,C:\BCI\cortex-call\notebooks\data\processed\filtered_trials\cellula_MI_data_1250.csv,right,False
1251,C:\BCI\cortex-call\notebooks\data\processed\filtered_trials\cellula_MI_data_1251.csv,right,False
1252,C:\BCI\cortex-call\notebooks\data\processed\filtered_trials\cellula_MI_data_1252.csv,right,False
1253,C:\BCI\cortex-call\notebooks\data\processed\filtered_trials\cellula_MI_data_1253.csv,left,False
1254,C:\BCI\cortex-call\notebooks\data\processed\filtered_trials\cellula_MI_data_1254.csv,right,False
1255,C:\BCI\cortex-call\notebooks\data\processed\filtered_trials\cellula_MI_data_1255.csv,left,False
1256,C:\BCI\cortex-call\notebooks\data\processed\filtered_trials\cellula_MI_data_1256.csv,right,False
1257,C:\BCI\cortex-call\notebooks\data\processed\filtered_trials\cellula_MI_data_1257.csv,right,False
1258,C:\BCI\cortex-call\notebooks\data\processed\filtered_trials\cellula_MI_data_1258.csv,right,False
1259,C:\BCI\cortex-call\notebooks\data\processed\filtered_trials\cellula_MI_data_1259.csv,right,False
1260,C:\BCI\cortex-call\notebooks\data\processed\filtered_trials\cellula_MI_data_1260.csv,right,False
1261,C:\BCI\cortex-call\notebooks\data\processed\filtered_trials\cellula_MI_data_1261.csv,right,False
1262,C:\BCI\cortex-call\notebooks\data\processed\filtered_trials\cellula_MI_data_1262.csv,right,False
1263,C:\BCI\cortex-call\notebooks\data\processed\filtered_trials\cellula_MI_data_1263.csv,right,False
1264,C:\BCI\cortex-call\notebooks\data\processed\filtered_trials\cellula_MI_data_1264.csv,right,False
1265,C:\BCI\cortex-call\notebooks\data\processed\filtered_trials\cellula_MI_data_1265.csv,left,False
1266,C:\BCI\cortex-call\notebooks\data\processed\filtered_trials\cellula_MI_data_1266.csv,right,False
1267,C:\BCI\cortex-call\notebooks\data\processed\filtered_trials\cellula_MI_data_1267.csv,right,False
1268,C:\BCI\cortex-call\notebooks\data\processed\filtered_trials\cellula_MI_data_1268.csv,right,False
1269,C:\BCI\cortex-call\notebooks\data\processed\filtered_trials\cellula_MI_data_1269.csv,right,False
1270,C:\BCI\cortex-call\notebooks\data\processed\filtered_trials\cellula_MI_data_1270.csv,right,False
1271,C:\BCI\cortex-call\notebooks\data\processed\filtered_trials\cellula_MI_data_1271.csv,left,False
1272,C:\BCI\cortex-call\notebooks\data\processed\filtered_trials\cellula_MI_data_1272.csv,left,False
1273,C:\BCI\cortex-call\notebooks\data\processed\filtered_trials\cellula_MI_data_1273.csv,right,False
1274,C:\BCI\cortex-call\notebooks\data\processed\filtered_trials\cellula_MI_data_1274.csv,left,False
1275,C:\BCI\cortex-call\notebooks\data\processed\filtered_trials\cellula_MI_data_1275.csv,left,False
1276,C:\BCI\cortex-call\notebooks\data\processed\filtered_trials\cellula_MI_data_1276.csv,left,False
1277,C:\BCI\cortex-call\notebooks\data\processed\filtered_trials\cellula_MI_data_1277.csv,right,False
1278,C:\BCI\cortex-call\notebooks\data\processed\filtered_trials\cellula_MI_data_1278.csv,right,False
1279,C:\BCI\cortex-call\notebooks\data\processed\filtered_trials\cellula_MI_data_1279.csv,right,False
1280,C:\BCI\cortex-call\notebooks\data\processed\filtered_trials\cellula_MI_data_1280.csv,left,False
1281,C:\BCI\cortex-call\notebooks\data\processed\filtered_trials\cellula_MI_data_1281.csv,left,False
1282,C:\BCI\cortex-call\notebooks\data\processed\filtered_trials\cellula_MI_data_1282.csv,left,False
1283,C:\BCI\cortex-call\notebooks\data\processed\filtered_trials\cellula_MI_data_1283.csv,left,False
1284,C:\BCI\cortex-call\notebooks\data\processed\filtered_trials\cellula_MI_data_1284.csv,right,False
1285,C:\BCI\cortex-call\notebooks\data\processed\filtered_trials\cellula_MI_data_1285.csv,left,False
1286,C:\BCI\cortex-call\notebooks\data\processed\filtered_trials\cellula_MI_data_1286.csv,right,False
1287,C:\BCI\cortex-call\notebooks\data\processed\filtered_trials\cellula_MI_data_1287.csv,right,False
1288,C:\BCI\cortex-call\notebooks\data\processed\filtered_trials\cellula_MI_data_1288.csv,left,False
1289,C:\BCI\cortex-call\notebooks\data\processed\filtered_trials\cellula_MI_data_1289.csv,left,False
1290,C:\BCI\cortex-call\notebooks\data\processed\filtered_trials\cellula_MI_data_1290.csv,left,False
1291,C:\BCI\cortex-call\notebooks\data\processed\filtered_trials\cellula_MI_data_1291.csv,left,False
1292,C:\BCI\cortex-call\notebooks\data\processed\filtered_trials\cellula_MI_data_1292.csv,right,False
1293,C:\BCI\cortex-call\notebooks\data\processed\filtered_trials\cellula_MI_data_1293.csv,left,False
1294,C:\BCI\cortex-call\notebooks\data\processed\filtered_trials\cellula_MI_data_1294.csv,left,False
1295,C:\BCI\cortex-call\notebooks\data\processed\filtered_trials\cellula_MI_data_1295.csv,right,False
1296,C:\BCI\cortex-call\notebooks\data\processed\filtered_trials\cellula_MI_data_1296.csv,left,False
1297,C:\BCI\cortex-call\notebooks\data\processed\filtered_trials\cellula_MI_data_1297.csv,left,False
1298,C:\BCI\cortex-call\notebooks\data\processed\filtered_trials\cellula_MI_data_1298.csv,left,False
1299,C:\BCI\cortex-call\notebooks\data\processed\filtered_trials\cellula_MI_data_1299.csv,right,False
1300,C:\BCI\cortex-call\notebooks\data\processed\filtered_trials\cellula_MI_data_1300.csv,left,False
1301,C:\BCI\cortex-call\notebooks\data\processed\filtered_trials\cellula_MI_data_1301.csv,right,False
1302,C:\BCI\cortex-call\notebooks\data\processed\filtered_trials\cellula_MI_data_1302.csv,left,False
1303,C:\BCI\cortex-call\notebooks\data\processed\filtered_trials\cellula_MI_data_1303.csv,right,False
1304,C:\BCI\cortex-call\notebooks\data\processed\filtered_trials\cellula_MI_data_1304.csv,left,False
1305,C:\BCI\cortex-call\notebooks\data\processed\filtered_trials\cellula_MI_data_1305.csv,left,False
1306,C:\BCI\cortex-call\notebooks\data\processed\filtered_trials\cellula_MI_data_1306.csv,left,False
1307,C:\BCI\cortex-call\notebooks\data\processed\filtered_trials\cellula_MI_data_1307.csv,left,False
1308,C:\BCI\cortex-call\notebooks\data\processed\filtered_trials\cellula_MI_data_1308.csv,right,False
1309,C:\BCI\cortex-call\notebooks\data\processed\filtered_trials\cellula_MI_data_1309.csv,left,False
1310,C:\BCI\cortex-call\notebooks\data\processed\filtered_trials\cellula_MI_data_1310.csv,right,False
1311,C:\BCI\cortex-call\notebooks\data\processed\filtered_trials\cellula_MI_data_1311.csv,right,False
1312,C:\BCI\cortex-call\notebooks\data\processed\filtered_trials\cellula_MI_data_1312.csv,left,False
1313,C:\BCI\cortex-call\notebooks\data\processed\filtered_trials\cellula_MI_data_1313.csv,left,False
1314,C:\BCI\cortex-call\notebooks\data\processed\filtered_trials\cellula_MI_data_1314.csv,left,False
1315,C:\BCI\cortex-call\notebooks\data\processed\filtered_trials\cellula_MI_data_1315.csv,left,False
1316,C:\BCI\cortex-call\notebooks\data\processed\filtered_trials\cellula_MI_data_1316.csv,left,False
1317,C:\BCI\cortex-call\notebooks\data\processed\filtered_trials\cellula_MI_data_1317.csv,right,False
1318,C:\BCI\cortex-call\notebooks\data\processed\filtered_trials\cellula_MI_data_1318.csv,left,False
1319,C:\BCI\cortex-call\notebooks\data\processed\filtered_trials\cellula_MI_data_1319.csv,right,False
1320,C:\BCI\cortex-call\notebooks\data\processed\filtered_trials\cellula_MI_data_1320.csv,left,False
1321,C:\BCI\cortex-call\notebooks\data\processed\filtered_trials\cellula_MI_data_1321.csv,left,False
1322,C:\BCI\cortex-call\notebooks\data\processed\filtered_trials\cellula_MI_data_1322.csv,right,False
1323,C:\BCI\cortex-call\notebooks\data\processed\filtered_trials\cellula_MI_data_1323.csv,left,False
1324,C:\BCI\cortex-call\notebooks\data\processed\filtered_trials\cellula_MI_data_1324.csv,right,False
1325,C:\BCI\cortex-call\notebooks\data\processed\filtered_trials\cellula_MI_data_1325.csv,right,False
1326,C:\BCI\cortex-call\notebooks\data\processed\filtered_trials\cellula_MI_data_1326.csv,left,False
1327,C:\BCI\cortex-call\notebooks\data\processed\filtered_trials\cellula_MI_data_1327.csv,right,False
1328,C:\BCI\cortex-call\notebooks\data\processed\filtered_trials\cellula_MI_data_1328.csv,right,False
1329,C:\BCI\cortex-call\notebooks\data\processed\filtered_trials\cellula_MI_data_1329.csv,left,False
1330,C:\BCI\cortex-call\notebooks\data\processed\filtered_trials\cellula_MI_data_1330.csv,right,False
1331,C:\BCI\cortex-call\notebooks\data\processed\filtered_trials\cellula_MI_data_1331.csv,right,False
1332,C:\BCI\cortex-call\notebooks\data\processed\filtered_trials\cellula_MI_data_1332.csv,left,False
1333,C:\BCI\cortex-call\notebooks\data\processed\filtered_trials\cellula_MI_data_1333.csv,left,False
1334,C:\BCI\cortex-call\notebooks\data\processed\filtered_trials\cellula_MI_data_1334.csv,left,False
1335,C:\BCI\cortex-call\notebooks\data\processed\filtered_trials\cellula_MI_data_1335.csv,right,False
1336,C:\BCI\cortex-call\notebooks\data\processed\filtered_trials\cellula_MI_data_1336.csv,right,False
1337,C:\BCI\cortex-call\notebooks\data\processed\filtered_trials\cellula_MI_data_1337.csv,left,False
1338,C:\BCI\cortex-call\notebooks\data\processed\filtered_trials\cellula_MI_data_1338.csv,left,False
1339,C:\BCI\cortex-call\notebooks\data\processed\filtered_trials\cellula_MI_data_1339.csv,right,False
1340,C:\BCI\cortex-call\notebooks\data\processed\filtered_trials\cellula_MI_data_1340.csv,right,False
1341,C:\BCI\cortex-call\notebooks\data\processed\filtered_trials\cellula_MI_data_1341.csv,left,False
1342,C:\BCI\cortex-call\notebooks\data\processed\filtered_trials\cellula_MI_data_1342.csv,right,False
1343,C:\BCI\cortex-call\notebooks\data\processed\filtered_trials\cellula_MI_data_1343.csv,right,False
1344,C:\BCI\cortex-call\notebooks\data\processed\filtered_trials\cellula_MI_data_1344.csv,left,False
1345,C:\BCI\cortex-call\notebooks\data\processed\filtered_trials\cellula_MI_data_1345.csv,right,False
1346,C:\BCI\cortex-call\notebooks\data\processed\filtered_trials\cellula_MI_data_1346.csv,left,False
1347,C:\BCI\cortex-call\notebooks\data\processed\filtered_trials\cellula_MI_data_1347.csv,right,False
1348,C:\BCI\cortex-call\notebooks\data\processed\filtered_trials\cellula_MI_data_1348.csv,right,False
1349,C:\BCI\cortex-call\notebooks\data\processed\filtered_trials\cellula_MI_data_1349.csv,left,False
1350,C:\BCI\cortex-call\notebooks\data\processed\filtered_trials\cellula_MI_data_1350.csv,left,False
1351,C:\BCI\cortex-call\notebooks\data\processed\filtered_trials\cellula_MI_data_1351.csv,left,False
1352,C:\BCI\cortex-call\notebooks\data\processed\filtered_trials\cellula_MI_data_1352.csv,left,False
1353,C:\BCI\cortex-call\notebooks\data\processed\filtered_trials\cellula_MI_data_1353.csv,left,False
1354,C:\BCI\cortex-call\notebooks\data\processed\filtered_trials\cellula_MI_data_1354.csv,left,False
1355,C:\BCI\cortex-call\notebooks\data\processed\filtered_trials\cellula_MI_data_1355.csv,right,False
1356,C:\BCI\cortex-call\notebooks\data\processed\filtered_trials\cellula_MI_data_1356.csv,right,False
1357,C:\BCI\cortex-call\notebooks\data\processed\filtered_trials\cellula_MI_data_1357.csv,right,False
1358,C:\BCI\cortex-call\notebooks\data\processed\filtered_trials\cellula_MI_data_1358.csv,right,False
1359,C:\BCI\cortex-call\notebooks\data\processed\filtered_trials\cellula_MI_data_1359.csv,right,False
1360,C:\BCI\cortex-call\notebooks\data\processed\filtered_trials\cellula_MI_data_1360.csv,right,False
1361,C:\BCI\cortex-call\notebooks\data\processed\filtered_trials\cellula_MI_data_1361.csv,right,False
1362,C:\BCI\cortex-call\notebooks\data\processed\filtered_trials\cellula_MI_data_1362.csv,left,False
1363,C:\BCI\cortex-call\notebooks\data\processed\filtered_trials\cellula_MI_data_1363.csv,right,False
1364,C:\BCI\cortex-call\notebooks\data\processed\filtered_trials\cellula_MI_data_1364.csv,left,False
1365,C:\BCI\cortex-call\notebooks\data\processed\filtered_trials\cellula_MI_data_1365.csv,right,False
1366,C:\BCI\cortex-call\notebooks\data\processed\filtered_trials\cellula_MI_data_1366.csv,left,False
1367,C:\BCI\cortex-call\notebooks\data\processed\filtered_trials\cellula_MI_data_1367.csv,right,False
1368,C:\BCI\cortex-call\notebooks\data\processed\filtered_trials\cellula_MI_data_1368.csv,right,False
1369,C:\BCI\cortex-call\notebooks\data\processed\filtered_trials\cellula_MI_data_1369.csv,right,False
1370,C:\BCI\cortex-call\notebooks\data\processed\filtered_trials\cellula_MI_data_1370.csv,right,False
1371,C:\BCI\cortex-call\notebooks\data\processed\filtered_trials\cellula_MI_data_1371.csv,right,False
1372,C:\BCI\cortex-call\notebooks\data\processed\filtered_trials\cellula_MI_data_1372.csv,left,False
1373,C:\BCI\cortex-call\notebooks\data\processed\filtered_trials\cellula_MI_data_1373.csv,right,False
1374,C:\BCI\cortex-call\notebooks\data\processed\filtered_trials\cellula_MI_data_1374.csv,right,False
1375,C:\BCI\cortex-call\notebooks\data\processed\filtered_trials\cellula_MI_data_1375.csv,right,False
1376,C:\BCI\cortex-call\notebooks\data\processed\filtered_trials\cellula_MI_data_1376.csv,left,False
1377,C:\BCI\cortex-call\notebooks\data\processed\filtered_trials\cellula_MI_data_1377.csv,right,False
1379,C:\BCI\cortex-call\notebooks\data\processed\filtered_trials\cellula_MI_data_1379.csv,right,False
1380,C:\BCI\cortex-call\notebooks\data\processed\filtered_trials\cellula_MI_data_1380.csv,right,False
1381,C:\BCI\cortex-call\notebooks\data\processed\filtered_trials\cellula_MI_data_1381.csv,right,False
1382,C:\BCI\cortex-call\notebooks\data\processed\filtered_trials\cellula_MI_data_1382.csv,right,False
1383,C:\BCI\cortex-call\notebooks\data\processed\filtered_trials\cellula_MI_data_1383.csv,right,False
1384,C:\BCI\cortex-call\notebooks\data\processed\filtered_trials\cellula_MI_data_1384.csv,left,False
1385,C:\BCI\cortex-call\notebooks\data\processed\filtered_trials\cellula_MI_data_1385.csv,right,False
1386,C:\BCI\cortex-call\notebooks\data\processed\filtered_trials\cellula_MI_data_1386.csv,right,False
1389,C:\BCI\cortex-call\notebooks\data\processed\filtered_trials\cellula_MI_data_1389.csv,left,False
1390,C:\BCI\cortex-call\notebooks\data\processed\filtered_trials\cellula_MI_data_1390.csv,right,False
1391,C:\BCI\cortex-call\notebooks\data\processed\filtered_trials\cellula_MI_data_1391.csv,left,False
1392,C:\BCI\cortex-call\notebooks\data\processed\filtered_trials\cellula_MI_data_1392.csv,left,False
1393,C:\BCI\cortex-call\notebooks\data\processed\filtered_trials\cellula_MI_data_1393.csv,right,False
1394,C:\BCI\cortex-call\notebooks\data\processed\filtered_trials\cellula_MI_data_1394.csv,right,False
1395,C:\BCI\cortex-call\notebooks\data\processed\filtered_trials\cellula_MI_data_1395.csv,right,False
1396,C:\BCI\cortex-call\notebooks\data\processed\filtered_trials\cellula_MI_data_1396.csv,left,False
1397,C:\BCI\cortex-call\notebooks\data\processed\filtered_trials\cellula_MI_data_1397.csv,right,False
1398,C:\BCI\cortex-call\notebooks\data\processed\filtered_trials\cellula_MI_data_1398.csv,right,False
1399,C:\BCI\cortex-call\notebooks\data\processed\filtered_trials\cellula_MI_data_1399.csv,right,False
1400,C:\BCI\cortex-call\notebooks\data\processed\filtered_trials\cellula_MI_data_1400.csv,left,False
1401,C:\BCI\cortex-call\notebooks\data\processed\filtered_trials\cellula_MI_data_1401.csv,left,False
1402,C:\BCI\cortex-call\notebooks\data\processed\filtered_trials\cellula_MI_data_1402.csv,right,False
1403,C:\BCI\cortex-call\notebooks\data\processed\filtered_trials\cellula_MI_data_1403.csv,left,False
1404,C:\BCI\cortex-call\notebooks\data\processed\filtered_trials\cellula_MI_data_1404.csv,right,False
1405,C:\BCI\cortex-call\notebooks\data\processed\filtered_trials\cellula_MI_data_1405.csv,left,False
1406,C:\BCI\cortex-call\notebooks\data\processed\filtered_trials\cellula_MI_data_1406.csv,left,False
1407,C:\BCI\cortex-call\notebooks\data\processed\filtered_trials\cellula_MI_data_1407.csv,right,False
1408,C:\BCI\cortex-call\notebooks\data\processed\filtered_trials\cellula_MI_data_1408.csv,left,False
1409,C:\BCI\cortex-call\notebooks\data\processed\filtered_trials\cellula_MI_data_1409.csv,left,False
1410,C:\BCI\cortex-call\notebooks\data\processed\filtered_trials\cellula_MI_data_1410.csv,right,False
1411,C:\BCI\cortex-call\notebooks\data\processed\filtered_trials\cellula_MI_data_1411.csv,right,False
1412,C:\BCI\cortex-call\notebooks\data\processed\filtered_trials\cellula_MI_data_1412.csv,left,False
1413,C:\BCI\cortex-call\notebooks\data\processed\filtered_trials\cellula_MI_data_1413.csv,left,False
1423,C:\BCI\cortex-call\notebooks\data\processed\filtered_trials\cellula_MI_data_1423.csv,right,False
1424,C:\BCI\cortex-call\notebooks\data\processed\filtered_trials\cellula_MI_data_1424.csv,left,False
1425,C:\BCI\cortex-call\notebooks\data\processed\filtered_trials\cellula_MI_data_1425.csv,right,False
1426,C:\BCI\cortex-call\notebooks\data\processed\filtered_trials\cellula_MI_data_1426.csv,left,False
1427,C:\BCI\cortex-call\notebooks\data\processed\filtered_trials\cellula_MI_data_1427.csv,right,False
1428,C:\BCI\cortex-call\notebooks\data\processed\filtered_trials\cellula_MI_data_1428.csv,left,False
1429,C:\BCI\cortex-call\notebooks\data\processed\filtered_trials\cellula_MI_data_1429.csv,right,False
1430,C:\BCI\cortex-call\notebooks\data\processed\filtered_trials\cellula_MI_data_1430.csv,left,False
1431,C:\BCI\cortex-call\notebooks\data\processed\filtered_trials\cellula_MI_data_1431.csv,left,False
1432,C:\BCI\cortex-call\notebooks\data\processed\filtered_trials\cellula_MI_data_1432.csv,left,False
1433,C:\BCI\cortex-call\notebooks\data\processed\filtered_trials\cellula_MI_data_1433.csv,left,False
1434,C:\BCI\cortex-call\notebooks\data\processed\filtered_trials\cellula_MI_data_1434.csv,left,False
1435,C:\BCI\cortex-call\notebooks\data\processed\filtered_trials\cellula_MI_data_1435.csv,right,False
1436,C:\BCI\cortex-call\notebooks\data\processed\filtered_trials\cellula_MI_data_1436.csv,left,False
1437,C:\BCI\cortex-call\notebooks\data\processed\filtered_trials\cellula_MI_data_1437.csv,right,False
1438,C:\BCI\cortex-call\notebooks\data\processed\filtered_trials\cellula_MI_data_1438.csv,left,False
1439,C:\BCI\cortex-call\notebooks\data\processed\filtered_trials\cellula_MI_data_1439.csv,left,False
1440,C:\BCI\cortex-call\notebooks\data\processed\filtered_trials\cellula_MI_data_1440.csv,left,False
1441,C:\BCI\cortex-call\notebooks\data\processed\filtered_trials\cellula_MI_data_1441.csv,right,False
1442,C:\BCI\cortex-call\notebooks\data\processed\filtered_trials\cellula_MI_data_1442.csv,right,False
1443,C:\BCI\cortex-call\notebooks\data\processed\filtered_trials\cellula_MI_data_1443.csv,right,False
1444,C:\BCI\cortex-call\notebooks\data\processed\filtered_trials\cellula_MI_data_1444.csv,left,False
1445,C:\BCI\cortex-call\notebooks\data\processed\filtered_trials\cellula_MI_data_1445.csv,right,False
1446,C:\BCI\cortex-call\notebooks\data\processed\filtered_trials\cellula_MI_data_1446.csv,left,False
1447,C:\BCI\cortex-call\notebooks\data\processed\filtered_trials\cellula_MI_data_1447.csv,right,False
1448,C:\BCI\cortex-call\notebooks\data\processed\filtered_trials\cellula_MI_data_1448.csv,right,False
1449,C:\BCI\cortex-call\notebooks\data\processed\filtered_trials\cellula_MI_data_1449.csv,left,False
1450,C:\BCI\cortex-call\notebooks\data\processed\filtered_trials\cellula_MI_data_1450.csv,right,False
1451,C:\BCI\cortex-call\notebooks\data\processed\filtered_trials\cellula_MI_data_1451.csv,left,False
1452,C:\BCI\cortex-call\notebooks\data\processed\filtered_trials\cellula_MI_data_1452.csv,left,False
1453,C:\BCI\cortex-call\notebooks\data\processed\filtered_trials\cellula_MI_data_1453.csv,left,False
1454,C:\BCI\cortex-call\notebooks\data\processed\filtered_trials\cellula_MI_data_1454.csv,right,False
1455,C:\BCI\cortex-call\notebooks\data\processed\filtered_trials\cellula_MI_data_1455.csv,right,False
1456,C:\BCI\cortex-call\notebooks\data\processed\filtered_trials\cellula_MI_data_1456.csv,right,False
1457,C:\BCI\cortex-call\notebooks\data\processed\filtered_trials\cellula_MI_data_1457.csv,left,False
1458,C:\BCI\cortex-call\notebooks\data\processed\filtered_trials\cellula_MI_data_1458.csv,left,False
1459,C:\BCI\cortex-call\notebooks\data\processed\filtered_trials\cellula_MI_data_1459.csv,right,False
1460,C:\BCI\cortex-call\notebooks\data\processed\filtered_trials\cellula_MI_data_1460.csv,left,False
1461,C:\BCI\cortex-call\notebooks\data\processed\filtered_trials\cellula_MI_data_1461.csv,right,False
1462,C:\BCI\cortex-call\notebooks\data\processed\filtered_trials\cellula_MI_data_1462.csv,right,False
1463,C:\BCI\cortex-call\notebooks\data\processed\filtered_trials\cellula_MI_data_1463.csv,right,False
1464,C:\BCI\cortex-call\notebooks\data\processed\filtered_trials\cellula_MI_data_1464.csv,right,False
1465,C:\BCI\cortex-call\notebooks\data\processed\filtered_trials\cellula_MI_data_1465.csv,right,False
1466,C:\BCI\cortex-call\notebooks\data\processed\filtered_trials\cellula_MI_data_1466.csv,right,False
1467,C:\BCI\cortex-call\notebooks\data\processed\filtered_trials\cellula_MI_data_1467.csv,right,False
1468,C:\BCI\cortex-call\notebooks\data\processed\filtered_trials\cellula_MI_data_1468.csv,right,False
1469,C:\BCI\cortex-call\notebooks\data\processed\filtered_trials\cellula_MI_data_1469.csv,left,False
1470,C:\BCI\cortex-call\notebooks\data\processed\filtered_trials\cellula_MI_data_1470.csv,left,False
1471,C:\BCI\cortex-call\notebooks\data\processed\filtered_trials\cellula_MI_data_1471.csv,right,False
1472,C:\BCI\cortex-call\notebooks\data\processed\filtered_trials\cellula_MI_data_1472.csv,left,False
1473,C:\BCI\cortex-call\notebooks\data\processed\filtered_trials\cellula_MI_data_1473.csv,right,False
1474,C:\BCI\cortex-call\notebooks\data\processed\filtered_trials\cellula_MI_data_1474.csv,left,False
1475,C:\BCI\cortex-call\notebooks\data\processed\filtered_trials\cellula_MI_data_1475.csv,right,False
1476,C:\BCI\cortex-call\notebooks\data\processed\filtered_trials\cellula_MI_data_1476.csv,left,False
1477,C:\BCI\cortex-call\notebooks\data\processed\filtered_trials\cellula_MI_data_1477.csv,right,False
1478,C:\BCI\cortex-call\notebooks\data\processed\filtered_trials\cellula_MI_data_1478.csv,left,False
1479,C:\BCI\cortex-call\notebooks\data\processed\filtered_trials\cellula_MI_data_1479.csv,left,False
1480,C:\BCI\cortex-call\notebooks\data\processed\filtered_trials\cellula_MI_data_1480.csv,right,False
1481,C:\BCI\cortex-call\notebooks\data\processed\filtered_trials\cellula_MI_data_1481.csv,left,False
1482,C:\BCI\cortex-call\notebooks\data\processed\filtered_trials\cellula_MI_data_1482.csv,right,False
1483,C:\BCI\cortex-call\notebooks\data\processed\filtered_trials\cellula_MI_data_1483.csv,right,False
1484,C:\BCI\cortex-call\notebooks\data\processed\filtered_trials\cellula_MI_data_1484.csv,right,False
1485,C:\BCI\cortex-call\notebooks\data\processed\filtered_trials\cellula_MI_data_1485.csv,right,False
1486,C:\BCI\cortex-call\notebooks\data\processed\filtered_trials\cellula_MI_data_1486.csv,left,False
1487,C:\BCI\cortex-call\notebooks\data\processed\filtered_trials\cellula_MI_data_1487.csv,right,False
1488,C:\BCI\cortex-call\notebooks\data\processed\filtered_trials\cellula_MI_data_1488.csv,right,False
1489,C:\BCI\cortex-call\notebooks\data\processed\filtered_trials\cellula_MI_data_1489.csv,left,False
1490,C:\BCI\cortex-call\notebooks\data\processed\filtered_trials\cellula_MI_data_1490.csv,right,False
1491,C:\BCI\cortex-call\notebooks\data\processed\filtered_trials\cellula_MI_data_1491.csv,left,False
1492,C:\BCI\cortex-call\notebooks\data\processed\filtered_trials\cellula_MI_data_1492.csv,right,False
1493,C:\BCI\cortex-call\notebooks\data\processed\filtered_trials\cellula_MI_data_1493.csv,left,False
1494,C:\BCI\cortex-call\notebooks\data\processed\filtered_trials\cellula_MI_data_1494.csv,right,False
1495,C:\BCI\cortex-call\notebooks\data\processed\filtered_trials\cellula_MI_data_1495.csv,right,False
1496,C:\BCI\cortex-call\notebooks\data\processed\filtered_trials\cellula_MI_data_1496.csv,left,False
1497,C:\BCI\cortex-call\notebooks\data\processed\filtered_trials\cellula_MI_data_1497.csv,left,False
1498,C:\BCI\cortex-call\notebooks\data\processed\filtered_trials\cellula_MI_data_1498.csv,left,False
1499,C:\BCI\cortex-call\notebooks\data\processed\filtered_trials\cellula_MI_data_1499.csv,left,False
1500,C:\BCI\cortex-call\notebooks\data\processed\filtered_trials\cellula_MI_data_1500.csv,left,False
1501,C:\BCI\cortex-call\notebooks\data\processed\filtered_trials\cellula_MI_data_1501.csv,left,False
1502,C:\BCI\cortex-call\notebooks\data\processed\filtered_trials\cellula_MI_data_1502.csv,right,False
1503,C:\BCI\cortex-call\notebooks\data\processed\filtered_trials\cellula_MI_data_1503.csv,right,False
1504,C:\BCI\cortex-call\notebooks\data\processed\filtered_trials\cellula_MI_data_1504.csv,left,False
1505,C:\BCI\cortex-call\notebooks\data\processed\filtered_trials\cellula_MI_data_1505.csv,left,False
1506,C:\BCI\cortex-call\notebooks\data\processed\filtered_trials\cellula_MI_data_1506.csv,left,False
1507,C:\BCI\cortex-call\notebooks\data\processed\filtered_trials\cellula_MI_data_1507.csv,right,False
1508,C:\BCI\cortex-call\notebooks\data\processed\filtered_trials\cellula_MI_data_1508.csv,left,False
1509,C:\BCI\cortex-call\notebooks\data\processed\filtered_trials\cellula_MI_data_1509.csv,right,False
1510,C:\BCI\cortex-call\notebooks\data\processed\filtered_trials\cellula_MI_data_1510.csv,right,False
1511,C:\BCI\cortex-call\notebooks\data\processed\filtered_trials\cellula_MI_data_1511.csv,right,False
1512,C:\BCI\cortex-call\notebooks\data\processed\filtered_trials\cellula_MI_data_1512.csv,right,False
1513,C:\BCI\cortex-call\notebooks\data\processed\filtered_trials\cellula_MI_data_1513.csv,left,False
1514,C:\BCI\cortex-call\notebooks\data\processed\filtered_trials\cellula_MI_data_1514.csv,left,False
1515,C:\BCI\cortex-call\notebooks\data\processed\filtered_trials\cellula_MI_data_1515.csv,right,False
1516,C:\BCI\cortex-call\notebooks\data\processed\filtered_trials\cellula_MI_data_1516.csv,right,False
1517,C:\BCI\cortex-call\notebooks\data\processed\filtered_trials\cellula_MI_data_1517.csv,right,False
1518,C:\BCI\cortex-call\notebooks\data\processed\filtered_trials\cellula_MI_data_1518.csv,left,False
1519,C:\BCI\cortex-call\notebooks\data\processed\filtered_trials\cellula_MI_data_1519.csv,left,False
1520,C:\BCI\cortex-call\notebooks\data\processed\filtered_trials\cellula_MI_data_1520.csv,right,False
1521,C:\BCI\cortex-call\notebooks\data\processed\filtered_trials\cellula_MI_data_1521.csv,right,False
1522,C:\BCI\cortex-call\notebooks\data\processed\filtered_trials\cellula_MI_data_1522.csv,right,False
1523,C:\BCI\cortex-call\notebooks\data\processed\filtered_trials\cellula_MI_data_1523.csv,left,False
1524,C:\BCI\cortex-call\notebooks\data\processed\filtered_trials\cellula_MI_data_1524.csv,left,False
1525,C:\BCI\cortex-call\notebooks\data\processed\filtered_trials\cellula_MI_data_1525.csv,right,False
1526,C:\BCI\cortex-call\notebooks\data\processed\filtered_trials\cellula_MI_data_1526.csv,left,False
1527,C:\BCI\cortex-call\notebooks\data\processed\filtered_trials\cellula_MI_data_1527.csv,right,False
1528,C:\BCI\cortex-call\notebooks\data\processed\filtered_trials\cellula_MI_data_1528.csv,left,False
1529,C:\BCI\cortex-call\notebooks\data\processed\filtered_trials\cellula_MI_data_1529.csv,right,False
1530,C:\BCI\cortex-call\notebooks\data\processed\filtered_trials\cellula_MI_data_1530.csv,left,False
1531,C:\BCI\cortex-call\notebooks\data\processed\filtered_trials\cellula_MI_data_1531.csv,left,False
1532,C:\BCI\cortex-call\notebooks\data\processed\filtered_trials\cellula_MI_data_1532.csv,left,False
1533,C:\BCI\cortex-call\notebooks\data\processed\filtered_trials\cellula_MI_data_1533.csv,left,False
1534,C:\BCI\cortex-call\notebooks\data\processed\filtered_trials\cellula_MI_data_1534.csv,right,False
1535,C:\BCI\cortex-call\notebooks\data\processed\filtered_trials\cellula_MI_data_1535.csv,left,False
1536,C:\BCI\cortex-call\notebooks\data\processed\filtered_trials\cellula_MI_data_1536.csv,right,False
1537,C:\BCI\cortex-call\notebooks\data\processed\filtered_trials\cellula_MI_data_1537.csv,left,False
1538,C:\BCI\cortex-call\notebooks\data\processed\filtered_trials\cellula_MI_data_1538.csv,right,False
1539,C:\BCI\cortex-call\notebooks\data\processed\filtered_trials\cellula_MI_data_1539.csv,left,False
1540,C:\BCI\cortex-call\notebooks\data\processed\filtered_trials\cellula_MI_data_1540.csv,right,False
1541,C:\BCI\cortex-call\notebooks\data\processed\filtered_trials\cellula_MI_data_1541.csv,left,False
1542,C:\BCI\cortex-call\notebooks\data\processed\filtered_trials\cellula_MI_data_1542.csv,right,False
1543,C:\BCI\cortex-call\notebooks\data\processed\filtered_trials\cellula_MI_data_1543.csv,right,False
1544,C:\BCI\cortex-call\notebooks\data\processed\filtered_trials\cellula_MI_data_1544.csv,left,False
1545,C:\BCI\cortex-call\notebooks\data\processed\filtered_trials\cellula_MI_data_1545.csv,right,False
1546,C:\BCI\cortex-call\notebooks\data\processed\filtered_trials\cellula_MI_data_1546.csv,left,False
1547,C:\BCI\cortex-call\notebooks\data\processed\filtered_trials\cellula_MI_data_1547.csv,left,False
1548,C:\BCI\cortex-call\notebooks\data\processed\filtered_trials\cellula_MI_data_1548.csv,right,False
1549,C:\BCI\cortex-call\notebooks\data\processed\filtered_trials\cellula_MI_data_1549.csv,left,False
1550,C:\BCI\cortex-call\notebooks\data\processed\filtered_trials\cellula_MI_data_1550.csv,right,False
1551,C:\BCI\cortex-call\notebooks\data\processed\filtered_trials\cellula_MI_data_1551.csv,right,False
1552,C:\BCI\cortex-call\notebooks\data\processed\filtered_trials\cellula_MI_data_1552.csv,left,False
1553,C:\BCI\cortex-call\notebooks\data\processed\filtered_trials\cellula_MI_data_1553.csv,left,False
1554,C:\BCI\cortex-call\notebooks\data\processed\filtered_trials\cellula_MI_data_1554.csv,left,False
1555,C:\BCI\cortex-call\notebooks\data\processed\filtered_trials\cellula_MI_data_1555.csv,right,False
1556,C:\BCI\cortex-call\notebooks\data\processed\filtered_trials\cellula_MI_data_1556.csv,right,False
1557,C:\BCI\cortex-call\notebooks\data\processed\filtered_trials\cellula_MI_data_1557.csv,left,False
1558,C:\BCI\cortex-call\notebooks\data\processed\filtered_trials\cellula_MI_data_1558.csv,left,False
1559,C:\BCI\cortex-call\notebooks\data\processed\filtered_trials\cellula_MI_data_1559.csv,left,False
1560,C:\BCI\cortex-call\notebooks\data\processed\filtered_trials\cellula_MI_data_1560.csv,left,False
1561,C:\BCI\cortex-call\notebooks\data\processed\filtered_trials\cellula_MI_data_1561.csv,right,False
1562,C:\BCI\cortex-call\notebooks\data\processed\filtered_trials\cellula_MI_data_1562.csv,right,False
1563,C:\BCI\cortex-call\notebooks\data\processed\filtered_trials\cellula_MI_data_1563.csv,right,False
1564,C:\BCI\cortex-call\notebooks\data\processed\filtered_trials\cellula_MI_data_1564.csv,left,False
1565,C:\BCI\cortex-call\notebooks\data\processed\filtered_trials\cellula_MI_data_1565.csv,right,False
1566,C:\BCI\cortex-call\notebooks\data\processed\filtered_trials\cellula_MI_data_1566.csv,left,False
1567,C:\BCI\cortex-call\notebooks\data\processed\filtered_trials\cellula_MI_data_1567.csv,right,False
1568,C:\BCI\cortex-call\notebooks\data\processed\filtered_trials\cellula_MI_data_1568.csv,left,False
1569,C:\BCI\cortex-call\notebooks\data\processed\filtered_trials\cellula_MI_data_1569.csv,left,False
1570,C:\BCI\cortex-call\notebooks\data\processed\filtered_trials\cellula_MI_data_1570.csv,left,False
1571,C:\BCI\cortex-call\notebooks\data\processed\filtered_trials\cellula_MI_data_1571.csv,left,False
1572,C:\BCI\cortex-call\notebooks\data\processed\filtered_trials\cellula_MI_data_1572.csv,left,False
1573,C:\BCI\cortex-call\notebooks\data\processed\filtered_trials\cellula_MI_data_1573.csv,right,False
1574,C:\BCI\cortex-call\notebooks\data\processed\filtered_trials\cellula_MI_data_1574.csv,right,False
1575,C:\BCI\cortex-call\notebooks\data\processed\filtered_trials\cellula_MI_data_1575.csv,left,False
1576,C:\BCI\cortex-call\notebooks\data\processed\filtered_trials\cellula_MI_data_1576.csv,right,False
1577,C:\BCI\cortex-call\notebooks\data\processed\filtered_trials\cellula_MI_data_1577.csv,left,False
1578,C:\BCI\cortex-call\notebooks\data\processed\filtered_trials\cellula_MI_data_1578.csv,left,False
1579,C:\BCI\cortex-call\notebooks\data\processed\filtered_trials\cellula_MI_data_1579.csv,right,False
1580,C:\BCI\cortex-call\notebooks\data\processed\filtered_trials\cellula_MI_data_1580.csv,right,False
1581,C:\BCI\cortex-call\notebooks\data\processed\filtered_trials\cellula_MI_data_1581.csv,left,False
1582,C:\BCI\cortex-call\notebooks\data\processed\filtered_trials\cellula_MI_data_1582.csv,right,False
1583,C:\BCI\cortex-call\notebooks\data\processed\filtered_trials\cellula_MI_data_1583.csv,left,False
1584,C:\BCI\cortex-call\notebooks\data\processed\filtered_trials\cellula_MI_data_1584.csv,right,False
1585,C:\BCI\cortex-call\notebooks\data\processed\filtered_trials\cellula_MI_data_1585.csv,left,False
1586,C:\BCI\cortex-call\notebooks\data\processed\filtered_trials\cellula_MI_data_1586.csv,left,False
1587,C:\BCI\cortex-call\notebooks\data\processed\filtered_trials\cellula_MI_data_1587.csv,left,False
1588,C:\BCI\cortex-call\notebooks\data\processed\filtered_trials\cellula_MI_data_1588.csv,right,False
1589,C:\BCI\cortex-call\notebooks\data\processed\filtered_trials\cellula_MI_data_1589.csv,left,False
1590,C:\BCI\cortex-call\notebooks\data\processed\filtered_trials\cellula_MI_data_1590.csv,right,False
1591,C:\BCI\cortex-call\notebooks\data\processed\filtered_trials\cellula_MI_data_1591.csv,left,False
1592,C:\BCI\cortex-call\notebooks\data\processed\filtered_trials\cellula_MI_data_1592.csv,right,False
1593,C:\BCI\cortex-call\notebooks\data\processed\filtered_trials\cellula_MI_data_1593.csv,right,False
1594,C:\BCI\cortex-call\notebooks\data\processed\filtered_trials\cellula_MI_data_1594.csv,right,False
1595,C:\BCI\cortex-call\notebooks\data\processed\filtered_trials\cellula_MI_data_1595.csv,left,False
1596,C:\BCI\cortex-call\notebooks\data\processed\filtered_trials\cellula_MI_data_1596.csv,left,False
1597,C:\BCI\cortex-call\notebooks\data\processed\filtered_trials\cellula_MI_data_1597.csv,left,False
1598,C:\BCI\cortex-call\notebooks\data\processed\filtered_trials\cellula_MI_data_1598.csv,left,False
1599,C:\BCI\cortex-call\notebooks\data\processed\filtered_trials\cellula_MI_data_1599.csv,left,False
1600,C:\BCI\cortex-call\notebooks\data\processed\filtered_trials\cellula_MI_data_1600.csv,right,False
1601,C:\BCI\cortex-call\notebooks\data\processed\filtered_trials\cellula_MI_data_1601.csv,left,False
1602,C:\BCI\cortex-call\notebooks\data\processed\filtered_trials\cellula_MI_data_1602.csv,left,False
1603,C:\BCI\cortex-call\notebooks\data\processed\filtered_trials\cellula_MI_data_1603.csv,left,False
1604,C:\BCI\cortex-call\notebooks\data\processed\filtered_trials\cellula_MI_data_1604.csv,right,False
1605,C:\BCI\cortex-call\notebooks\data\processed\filtered_trials\cellula_MI_data_1605.csv,right,False
1606,C:\BCI\cortex-call\notebooks\data\processed\filtered_trials\cellula_MI_data_1606.csv,right,False
1607,C:\BCI\cortex-call\notebooks\data\processed\filtered_trials\cellula_MI_data_1607.csv,left,False
1608,C:\BCI\cortex-call\notebooks\data\processed\filtered_trials\cellula_MI_data_1608.csv,right,False
1609,C:\BCI\cortex-call\notebooks\data\processed\filtered_trials\cellula_MI_data_1609.csv,left,False
1610,C:\BCI\cortex-call\notebooks\data\processed\filtered_trials\cellula_MI_data_1610.csv,right,False
1611,C:\BCI\cortex-call\notebooks\data\processed\filtered_trials\cellula_MI_data_1611.csv,left,False
1612,C:\BCI\cortex-call\notebooks\data\processed\filtered_trials\cellula_MI_data_1612.csv,left,False
1613,C:\BCI\cortex-call\notebooks\data\processed\filtered_trials\cellula_MI_data_1613.csv,right,False
1614,C:\BCI\cortex-call\notebooks\data\processed\filtered_trials\cellula_MI_data_1614.csv,right,False
1615,C:\BCI\cortex-call\notebooks\data\processed\filtered_trials\cellula_MI_data_1615.csv,left,False
1616,C:\BCI\cortex-call\notebooks\data\processed\filtered_trials\cellula_MI_data_1616.csv,left,False
1617,C:\BCI\cortex-call\notebooks\data\processed\filtered_trials\cellula_MI_data_1617.csv,right,False
1618,C:\BCI\cortex-call\notebooks\data\processed\filtered_trials\cellula_MI_data_1618.csv,left,False
1619,C:\BCI\cortex-call\notebooks\data\processed\filtered_trials\cellula_MI_data_1619.csv,right,False
1620,C:\BCI\cortex-call\notebooks\data\processed\filtered_trials\cellula_MI_data_1620.csv,right,False
1621,C:\BCI\cortex-call\notebooks\data\processed\filtered_trials\cellula_MI_data_1621.csv,left,False
1622,C:\BCI\cortex-call\notebooks\data\processed\filtered_trials\cellula_MI_data_1622.csv,left,False
1623,C:\BCI\cortex-call\notebooks\data\processed\filtered_trials\cellula_MI_data_1623.csv,right,False
1624,C:\BCI\cortex-call\notebooks\data\processed\filtered_trials\cellula_MI_data_1624.csv,left,False
1625,C:\BCI\cortex-call\notebooks\data\processed\filtered_trials\cellula_MI_data_1625.csv,right,False
1626,C:\BCI\cortex-call\notebooks\data\processed\filtered_trials\cellula_MI_data_1626.csv,right,False
1627,C:\BCI\cortex-call\notebooks\data\processed\filtered_trials\cellula_MI_data_1627.csv,left,False
1628,C:\BCI\cortex-call\notebooks\data\processed\filtered_trials\cellula_MI_data_1628.csv,left,False
1629,C:\BCI\cortex-call\notebooks\data\processed\filtered_trials\cellula_MI_data_1629.csv,right,False
1630,C:\BCI\cortex-call\notebooks\data\processed\filtered_trials\cellula_MI_data_1630.csv,left,False
1631,C:\BCI\cortex-call\notebooks\data\processed\filtered_trials\cellula_MI_data_1631.csv,left,False
1632,C:\BCI\cortex-call\notebooks\data\processed\filtered_trials\cellula_MI_data_1632.csv,left,False
1633,C:\BCI\cortex-call\notebooks\data\processed\filtered_trials\cellula_MI_data_1633.csv,left,False
1634,C:\BCI\cortex-call\notebooks\data\processed\filtered_trials\cellula_MI_data_1634.csv,left,False
1635,C:\BCI\cortex-call\notebooks\data\processed\filtered_trials\cellula_MI_data_1635.csv,left,False
1636,C:\BCI\cortex-call\notebooks\data\processed\filtered_trials\cellula_MI_data_1636.csv,right,False
1637,C:\BCI\cortex-call\notebooks\data\processed\filtered_trials\cellula_MI_data_1637.csv,left,False
1638,C:\BCI\cortex-call\notebooks\data\processed\filtered_trials\cellula_MI_data_1638.csv,left,False
1639,C:\BCI\cortex-call\notebooks\data\processed\filtered_trials\cellula_MI_data_1639.csv,left,False
1640,C:\BCI\cortex-call\notebooks\data\processed\filtered_trials\cellula_MI_data_1640.csv,right,False
1641,C:\BCI\cortex-call\notebooks\data\processed\filtered_trials\cellula_MI_data_1641.csv,right,False
1642,C:\BCI\cortex-call\notebooks\data\processed\filtered_trials\cellula_MI_data_1642.csv,left,False
1643,C:\BCI\cortex-call\notebooks\data\processed\filtered_trials\cellula_MI_data_1643.csv,left,False
1644,C:\BCI\cortex-call\notebooks\data\processed\filtered_trials\cellula_MI_data_1644.csv,left,False
1645,C:\BCI\cortex-call\notebooks\data\processed\filtered_trials\cellula_MI_data_1645.csv,right,False
1646,C:\BCI\cortex-call\notebooks\data\processed\filtered_trials\cellula_MI_data_1646.csv,left,False
1647,C:\BCI\cortex-call\notebooks\data\processed\filtered_trials\cellula_MI_data_1647.csv,right,False
1648,C:\BCI\cortex-call\notebooks\data\processed\filtered_trials\cellula_MI_data_1648.csv,left,False
1649,C:\BCI\cortex-call\notebooks\data\processed\filtered_trials\cellula_MI_data_1649.csv,left,False
1650,C:\BCI\cortex-call\notebooks\data\processed\filtered_trials\cellula_MI_data_1650.csv,left,False
1651,C:\BCI\cortex-call\notebooks\data\processed\filtered_trials\cellula_MI_data_1651.csv,left,False
1652,C:\BCI\cortex-call\notebooks\data\processed\filtered_trials\cellula_MI_data_1652.csv,right,False
1653,C:\BCI\cortex-call\notebooks\data\processed\filtered_trials\cellula_MI_data_1653.csv,right,False
1654,C:\BCI\cortex-call\notebooks\data\processed\filtered_trials\cellula_MI_data_1654.csv,left,False
1655,C:\BCI\cortex-call\notebooks\data\processed\filtered_trials\cellula_MI_data_1655.csv,left,False
1656,C:\BCI\cortex-call\notebooks\data\processed\filtered_trials\cellula_MI_data_1656.csv,left,False
1657,C:\BCI\cortex-call\notebooks\data\processed\filtered_trials\cellula_MI_data_1657.csv,left,False
1658,C:\BCI\cortex-call\notebooks\data\processed\filtered_trials\cellula_MI_data_1658.csv,left,False
1659,C:\BCI\cortex-call\notebooks\data\processed\filtered_trials\cellula_MI_data_1659.csv,left,False
1660,C:\BCI\cortex-call\notebooks\data\processed\filtered_trials\cellula_MI_data_1660.csv,right,False
1661,C:\BCI\cortex-call\notebooks\data\processed\filtered_trials\cellula_MI_data_1661.csv,right,False
1662,C:\BCI\cortex-call\notebooks\data\processed\filtered_trials\cellula_MI_data_1662.csv,left,False
1663,C:\BCI\cortex-call\notebooks\data\processed\filtered_trials\cellula_MI_data_1663.csv,left,False
1664,C:\BCI\cortex-call\notebooks\data\processed\filtered_trials\cellula_MI_data_1664.csv,right,False
1665,C:\BCI\cortex-call\notebooks\data\processed\filtered_trials\cellula_MI_data_1665.csv,left,False
1666,C:\BCI\cortex-call\notebooks\data\processed\filtered_trials\cellula_MI_data_1666.csv,left,False
1667,C:\BCI\cortex-call\notebooks\data\processed\filtered_trials\cellula_MI_data_1667.csv,left,False
1668,C:\BCI\cortex-call\notebooks\data\processed\filtered_trials\cellula_MI_data_1668.csv,left,False
1669,C:\BCI\cortex-call\notebooks\data\processed\filtered_trials\cellula_MI_data_1669.csv,right,False
1670,C:\BCI\cortex-call\notebooks\data\processed\filtered_trials\cellula_MI_data_1670.csv,right,False
1671,C:\BCI\cortex-call\notebooks\data\processed\filtered_trials\cellula_MI_data_1671.csv,right,False
1672,C:\BCI\cortex-call\notebooks\data\processed\filtered_trials\cellula_MI_data_1672.csv,left,False
1673,C:\BCI\cortex-call\notebooks\data\processed\filtered_trials\cellula_MI_data_1673.csv,left,False
1674,C:\BCI\cortex-call\notebooks\data\processed\filtered_trials\cellula_MI_data_1674.csv,right,False
1675,C:\BCI\cortex-call\notebooks\data\processed\filtered_trials\cellula_MI_data_1675.csv,left,False
1676,C:\BCI\cortex-call\notebooks\data\processed\filtered_trials\cellula_MI_data_1676.csv,left,False
1677,C:\BCI\cortex-call\notebooks\data\processed\filtered_trials\cellula_MI_data_1677.csv,left,False
1678,C:\BCI\cortex-call\notebooks\data\processed\filtered_trials\cellula_MI_data_1678.csv,right,False
1679,C:\BCI\cortex-call\notebooks\data\processed\filtered_trials\cellula_MI_data_1679.csv,left,False
1680,C:\BCI\cortex-call\notebooks\data\processed\filtered_trials\cellula_MI_data_1680.csv,right,False
1681,C:\BCI\cortex-call\notebooks\data\processed\filtered_trials\cellula_MI_data_1681.csv,right,False
1682,C:\BCI\cortex-call\notebooks\data\processed\filtered_trials\cellula_MI_data_1682.csv,right,False
1683,C:\BCI\cortex-call\notebooks\data\processed\filtered_trials\cellula_MI_data_1683.csv,right,False
1684,C:\BCI\cortex-call\notebooks\data\processed\filtered_trials\cellula_MI_data_1684.csv,right,False
1685,C:\BCI\cortex-call\notebooks\data\processed\filtered_trials\cellula_MI_data_1685.csv,right,False
1686,C:\BCI\cortex-call\notebooks\data\processed\filtered_trials\cellula_MI_data_1686.csv,left,False
1687,C:\BCI\cortex-call\notebooks\data\processed\filtered_trials\cellula_MI_data_1687.csv,right,False
1688,C:\BCI\cortex-call\notebooks\data\processed\filtered_trials\cellula_MI_data_1688.csv,left,False
1689,C:\BCI\cortex-call\notebooks\data\processed\filtered_trials\cellula_MI_data_1689.csv,right,False
1690,C:\BCI\cortex-call\notebooks\data\processed\filtered_trials\cellula_MI_data_1690.csv,right,False
1691,C:\BCI\cortex-call\notebooks\data\processed\filtered_trials\cellula_MI_data_1691.csv,right,False
1692,C:\BCI\cortex-call\notebooks\data\processed\filtered_trials\cellula_MI_data_1692.csv,right,False
1693,C:\BCI\cortex-call\notebooks\data\processed\filtered_trials\cellula_MI_data_1693.csv,right,False
1694,C:\BCI\cortex-call\notebooks\data\processed\filtered_trials\cellula_MI_data_1694.csv,right,False
1695,C:\BCI\cortex-call\notebooks\data\processed\filtered_trials\cellula_MI_data_1695.csv,left,False
1696,C:\BCI\cortex-call\notebooks\data\processed\filtered_trials\cellula_MI_data_1696.csv,right,False
1697,C:\BCI\cortex-call\notebooks\data\processed\filtered_trials\cellula_MI_data_1697.csv,left,False
1698,C:\BCI\cortex-call\notebooks\data\processed\filtered_trials\cellula_MI_data_1698.csv,right,False
1699,C:\BCI\cortex-call\notebooks\data\processed\filtered_trials\cellula_MI_data_1699.csv,right,False
1700,C:\BCI\cortex-call\notebooks\data\processed\filtered_trials\cellula_MI_data_1700.csv,right,False
1701,C:\BCI\cortex-call\notebooks\data\processed\filtered_trials\cellula_MI_data_1701.csv,left,False
1702,C:\BCI\cortex-call\notebooks\data\processed\filtered_trials\cellula_MI_data_1702.csv,left,False
1703,C:\BCI\cortex-call\notebooks\data\processed\filtered_trials\cellula_MI_data_1703.csv,left,False
1704,C:\BCI\cortex-call\notebooks\data\processed\filtered_trials\cellula_MI_data_1704.csv,left,False
1705,C:\BCI\cortex-call\notebooks\data\processed\filtered_trials\cellula_MI_data_1705.csv,right,False
1706,C:\BCI\cortex-call\notebooks\data\processed\filtered_trials\cellula_MI_data_1706.csv,right,False
1707,C:\BCI\cortex-call\notebooks\data\processed\filtered_trials\cellula_MI_data_1707.csv,left,False
1708,C:\BCI\cortex-call\notebooks\data\processed\filtered_trials\cellula_MI_data_1708.csv,left,False
1709,C:\BCI\cortex-call\notebooks\data\processed\filtered_trials\cellula_MI_data_1709.csv,right,False
1710,C:\BCI\cortex-call\notebooks\data\processed\filtered_trials\cellula_MI_data_1710.csv,right,False
1711,C:\BCI\cortex-call\notebooks\data\processed\filtered_trials\cellula_MI_data_1711.csv,left,False
1712,C:\BCI\cortex-call\notebooks\data\processed\filtered_trials\cellula_MI_data_1712.csv,right,False
1713,C:\BCI\cortex-call\notebooks\data\processed\filtered_trials\cellula_MI_data_1713.csv,right,False
1714,C:\BCI\cortex-call\notebooks\data\processed\filtered_trials\cellula_MI_data_1714.csv,right,False
1715,C:\BCI\cortex-call\notebooks\data\processed\filtered_trials\cellula_MI_data_1715.csv,left,False
1716,C:\BCI\cortex-call\notebooks\data\processed\filtered_trials\cellula_MI_data_1716.csv,right,False
1717,C:\BCI\cortex-call\notebooks\data\processed\filtered_trials\cellula_MI_data_1717.csv,right,False
1718,C:\BCI\cortex-call\notebooks\data\processed\filtered_trials\cellula_MI_data_1718.csv,right,False
1719,C:\BCI\cortex-call\notebooks\data\processed\filtered_trials\cellula_MI_data_1719.csv,right,False
1720,C:\BCI\cortex-call\notebooks\data\processed\filtered_trials\cellula_MI_data_1720.csv,left,False
1721,C:\BCI\cortex-call\notebooks\data\processed\filtered_trials\cellula_MI_data_1721.csv,left,False
1722,C:\BCI\cortex-call\notebooks\data\processed\filtered_trials\cellula_MI_data_1722.csv,right,False
1723,C:\BCI\cortex-call\notebooks\data\processed\filtered_trials\cellula_MI_data_1723.csv,right,False
1724,C:\BCI\cortex-call\notebooks\data\processed\filtered_trials\cellula_MI_data_1724.csv,left,False
1725,C:\BCI\cortex-call\notebooks\data\processed\filtered_trials\cellula_MI_data_1725.csv,right,False
1726,C:\BCI\cortex-call\notebooks\data\processed\filtered_trials\cellula_MI_data_1726.csv,left,False
1727,C:\BCI\cortex-call\notebooks\data\processed\filtered_trials\cellula_MI_data_1727.csv,left,False
1728,C:\BCI\cortex-call\notebooks\data\processed\filtered_trials\cellula_MI_data_1728.csv,left,False
1729,C:\BCI\cortex-call\notebooks\data\processed\filtered_trials\cellula_MI_data_1729.csv,right,False
1730,C:\BCI\cortex-call\notebooks\data\processed\filtered_trials\cellula_MI_data_1730.csv,left,False
1731,C:\BCI\cortex-call\notebooks\data\processed\filtered_trials\cellula_MI_data_1731.csv,left,False
1732,C:\BCI\cortex-call\notebooks\data\processed\filtered_trials\cellula_MI_data_1732.csv,left,False
1733,C:\BCI\cortex-call\notebooks\data\processed\filtered_trials\cellula_MI_data_1733.csv,right,False
1734,C:\BCI\cortex-call\notebooks\data\processed\filtered_trials\cellula_MI_data_1734.csv,left,False
1735,C:\BCI\cortex-call\notebooks\data\processed\filtered_trials\cellula_MI_data_1735.csv,right,False
1736,C:\BCI\cortex-call\notebooks\data\processed\filtered_trials\cellula_MI_data_1736.csv,left,False
1737,C:\BCI\cortex-call\notebooks\data\processed\filtered_trials\cellula_MI_data_1737.csv,right,False
1738,C:\BCI\cortex-call\notebooks\data\processed\filtered_trials\cellula_MI_data_1738.csv,left,False
1739,C:\BCI\cortex-call\notebooks\data\processed\filtered_trials\cellula_MI_data_1739.csv,left,False
1740,C:\BCI\cortex-call\notebooks\data\processed\filtered_trials\cellula_MI_data_1740.csv,left,False
1741,C:\BCI\cortex-call\notebooks\data\processed\filtered_trials\cellula_MI_data_1741.csv,left,False
1742,C:\BCI\cortex-call\notebooks\data\processed\filtered_trials\cellula_MI_data_1742.csv,left,False
1743,C:\BCI\cortex-call\notebooks\data\processed\filtered_trials\cellula_MI_data_1743.csv,right,False
1744,C:\BCI\cortex-call\notebooks\data\processed\filtered_trials\cellula_MI_data_1744.csv,left,False
1745,C:\BCI\cortex-call\notebooks\data\processed\filtered_trials\cellula_MI_data_1745.csv,left,False
1746,C:\BCI\cortex-call\notebooks\data\processed\filtered_trials\cellula_MI_data_1746.csv,left,False
1747,C:\BCI\cortex-call\notebooks\data\processed\filtered_trials\cellula_MI_data_1747.csv,left,False
1748,C:\BCI\cortex-call\notebooks\data\processed\filtered_trials\cellula_MI_data_1748.csv,right,False
1749,C:\BCI\cortex-call\notebooks\data\processed\filtered_trials\cellula_MI_data_1749.csv,left,False
1750,C:\BCI\cortex-call\notebooks\data\processed\filtered_trials\cellula_MI_data_1750.csv,right,False
1751,C:\BCI\cortex-call\notebooks\data\processed\filtered_trials\cellula_MI_data_1751.csv,left,False
1752,C:\BCI\cortex-call\notebooks\data\processed\filtered_trials\cellula_MI_data_1752.csv,left,False
1753,C:\BCI\cortex-call\notebooks\data\processed\filtered_trials\cellula_MI_data_1753.csv,right,False
1754,C:\BCI\cortex-call\notebooks\data\processed\filtered_trials\cellula_MI_data_1754.csv,left,False
1755,C:\BCI\cortex-call\notebooks\data\processed\filtered_trials\cellula_MI_data_1755.csv,left,False
1756,C:\BCI\cortex-call\notebooks\data\processed\filtered_trials\cellula_MI_data_1756.csv,right,False
1757,C:\BCI\cortex-call\notebooks\data\processed\filtered_trials\cellula_MI_data_1757.csv,left,False
1758,C:\BCI\cortex-call\notebooks\data\processed\filtered_trials\cellula_MI_data_1758.csv,right,False
1759,C:\BCI\cortex-call\notebooks\data\processed\filtered_trials\cellula_MI_data_1759.csv,left,False
1760,C:\BCI\cortex-call\notebooks\data\processed\filtered_trials\cellula_MI_data_1760.csv,right,False
1761,C:\BCI\cortex-call\notebooks\data\processed\filtered_trials\cellula_MI_data_1761.csv,left,False
1762,C:\BCI\cortex-call\notebooks\data\processed\filtered_trials\cellula_MI_data_1762.csv,right,False
1763,C:\BCI\cortex-call\notebooks\data\processed\filtered_trials\cellula_MI_data_1763.csv,left,False
1764,C:\BCI\cortex-call\notebooks\data\processed\filtered_trials\cellula_MI_data_1764.csv,left,False
1765,C:\BCI\cortex-call\notebooks\data\processed\filtered_trials\cellula_MI_data_1765.csv,right,False
1766,C:\BCI\cortex-call\notebooks\data\processed\filtered_trials\cellula_MI_data_1766.csv,left,False
1767,C:\BCI\cortex-call\notebooks\data\processed\filtered_trials\cellula_MI_data_1767.csv,right,False
1768,C:\BCI\cortex-call\notebooks\data\processed\filtered_trials\cellula_MI_data_1768.csv,left,False
1769,C:\BCI\cortex-call\notebooks\data\processed\filtered_trials\cellula_MI_data_1769.csv,right,False
1770,C:\BCI\cortex-call\notebooks\data\processed\filtered_trials\cellula_MI_data_1770.csv,left,False
1771,C:\BCI\cortex-call\notebooks\data\processed\filtered_trials\cellula_MI_data_1771.csv,left,False
1772,C:\BCI\cortex-call\notebooks\data\processed\filtered_trials\cellula_MI_data_1772.csv,right,False
1773,C:\BCI\cortex-call\notebooks\data\processed\filtered_trials\cellula_MI_data_1773.csv,left,False
1774,C:\BCI\cortex-call\notebooks\data\processed\filtered_trials\cellula_MI_data_1774.csv,right,False
1775,C:\BCI\cortex-call\notebooks\data\processed\filtered_trials\cellula_MI_data_1775.csv,left,False
1776,C:\BCI\cortex-call\notebooks\data\processed\filtered_trials\cellula_MI_data_1776.csv,right,False
1777,C:\BCI\cortex-call\notebooks\data\processed\filtered_trials\cellula_MI_data_1777.csv,left,False
1778,C:\BCI\cortex-call\notebooks\data\processed\filtered_trials\cellula_MI_data_1778.csv,left,False
1779,C:\BCI\cortex-call\notebooks\data\processed\filtered_trials\cellula_MI_data_1779.csv,left,False
1780,C:\BCI\cortex-call\notebooks\data\processed\filtered_trials\cellula_MI_data_1780.csv,left,False
1781,C:\BCI\cortex-call\notebooks\data\processed\filtered_trials\cellula_MI_data_1781.csv,left,False
1782,C:\BCI\cortex-call\notebooks\data\processed\filtered_trials\cellula_MI_data_1782.csv,right,False
1783,C:\BCI\cortex-call\notebooks\data\processed\filtered_trials\cellula_MI_data_1783.csv,right,False
1784,C:\BCI\cortex-call\notebooks\data\processed\filtered_trials\cellula_MI_data_1784.csv,left,False
1785,C:\BCI\cortex-call\notebooks\data\processed\filtered_trials\cellula_MI_data_1785.csv,right,False
1786,C:\BCI\cortex-call\notebooks\data\processed\filtered_trials\cellula_MI_data_1786.csv,left,False
1787,C:\BCI\cortex-call\notebooks\data\processed\filtered_trials\cellula_MI_data_1787.csv,right,False
1788,C:\BCI\cortex-call\notebooks\data\processed\filtered_trials\cellula_MI_data_1788.csv,left,False
1789,C:\BCI\cortex-call\notebooks\data\processed\filtered_trials\cellula_MI_data_1789.csv,left,False
1790,C:\BCI\cortex-call\notebooks\data\processed\filtered_trials\cellula_MI_data_1790.csv,right,False
1791,C:\BCI\cortex-call\notebooks\data\processed\filtered_trials\cellula_MI_data_1791.csv,right,False
1792,C:\BCI\cortex-call\notebooks\data\processed\filtered_trials\cellula_MI_data_1792.csv,right,False
1793,C:\BCI\cortex-call\notebooks\data\processed\filtered_trials\cellula_MI_data_1793.csv,left,False
1794,C:\BCI\cortex-call\notebooks\data\processed\filtered_trials\cellula_MI_data_1794.csv,left,False
1795,C:\BCI\cortex-call\notebooks\data\processed\filtered_trials\cellula_MI_data_1795.csv,right,False
1796,C:\BCI\cortex-call\notebooks\data\processed\filtered_trials\cellula_MI_data_1796.csv,right,False
1797,C:\BCI\cortex-call\notebooks\data\processed\filtered_trials\cellula_MI_data_1797.csv,left,False
1798,C:\BCI\cortex-call\notebooks\data\processed\filtered_trials\cellula_MI_data_1798.csv,left,False
1799,C:\BCI\cortex-call\notebooks\data\processed\filtered_trials\cellula_MI_data_1799.csv,right,False
1800,C:\BCI\cortex-call\notebooks\data\processed\filtered_trials\cellula_MI_data_1800.csv,left,False
1801,C:\BCI\cortex-call\notebooks\data\processed\filtered_trials\cellula_MI_data_1801.csv,left,False
1802,C:\BCI\cortex-call\notebooks\data\processed\filtered_trials\cellula_MI_data_1802.csv,right,False
1803,C:\BCI\cortex-call\notebooks\data\processed\filtered_trials\cellula_MI_data_1803.csv,left,False
1804,C:\BCI\cortex-call\notebooks\data\processed\filtered_trials\cellula_MI_data_1804.csv,left,False
1805,C:\BCI\cortex-call\notebooks\data\processed\filtered_trials\cellula_MI_data_1805.csv,right,False
1806,C:\BCI\cortex-call\notebooks\data\processed\filtered_trials\cellula_MI_data_1806.csv,right,False
1807,C:\BCI\cortex-call\notebooks\data\processed\filtered_trials\cellula_MI_data_1807.csv,left,False
1808,C:\BCI\cortex-call\notebooks\data\processed\filtered_trials\cellula_MI_data_1808.csv,right,False
1809,C:\BCI\cortex-call\notebooks\data\processed\filtered_trials\cellula_MI_data_1809.csv,right,False
1810,C:\BCI\cortex-call\notebooks\data\processed\filtered_trials\cellula_MI_data_1810.csv,left,False
1811,C:\BCI\cortex-call\notebooks\data\processed\filtered_trials\cellula_MI_data_1811.csv,right,False
1812,C:\BCI\cortex-call\notebooks\data\processed\filtered_trials\cellula_MI_data_1812.csv,left,False
1813,C:\BCI\cortex-call\notebooks\data\processed\filtered_trials\cellula_MI_data_1813.csv,right,False
1814,C:\BCI\cortex-call\notebooks\data\processed\filtered_trials\cellula_MI_data_1814.csv,left,False
1815,C:\BCI\cortex-call\notebooks\data\processed\filtered_trials\cellula_MI_data_1815.csv,right,False
1816,C:\BCI\cortex-call\notebooks\data\processed\filtered_trials\cellula_MI_data_1816.csv,right,False
1817,C:\BCI\cortex-call\notebooks\data\processed\filtered_trials\cellula_MI_data_1817.csv,right,False
1818,C:\BCI\cortex-call\notebooks\data\processed\filtered_trials\cellula_MI_data_1818.csv,left,False
1819,C:\BCI\cortex-call\notebooks\data\processed\filtered_trials\cellula_MI_data_1819.csv,left,False
1820,C:\BCI\cortex-call\notebooks\data\processed\filtered_trials\cellula_MI_data_1820.csv,right,False
1821,C:\BCI\cortex-call\notebooks\data\processed\filtered_trials\cellula_MI_data_1821.csv,right,False
1822,C:\BCI\cortex-call\notebooks\data\processed\filtered_trials\cellula_MI_data_1822.csv,left,False
1823,C:\BCI\cortex-call\notebooks\data\processed\filtered_trials\cellula_MI_data_1823.csv,left,False
1824,C:\BCI\cortex-call\notebooks\data\processed\filtered_trials\cellula_MI_data_1824.csv,right,False
1825,C:\BCI\cortex-call\notebooks\data\processed\filtered_trials\cellula_MI_data_1825.csv,right,False
1826,C:\BCI\cortex-call\notebooks\data\processed\filtered_trials\cellula_MI_data_1826.csv,right,False
1827,C:\BCI\cortex-call\notebooks\data\processed\filtered_trials\cellula_MI_data_1827.csv,left,False
1828,C:\BCI\cortex-call\notebooks\data\processed\filtered_trials\cellula_MI_data_1828.csv,right,False
1829,C:\BCI\cortex-call\notebooks\data\processed\filtered_trials\cellula_MI_data_1829.csv,left,False
1830,C:\BCI\cortex-call\notebooks\data\processed\filtered_trials\cellula_MI_data_1830.csv,left,False
1831,C:\BCI\cortex-call\notebooks\data\processed\filtered_trials\cellula_MI_data_1831.csv,left,False
1832,C:\BCI\cortex-call\notebooks\data\processed\filtered_trials\cellula_MI_data_1832.csv,left,False
1833,C:\BCI\cortex-call\notebooks\data\processed\filtered_trials\cellula_MI_data_1833.csv,left,False
1834,C:\BCI\cortex-call\notebooks\data\processed\filtered_trials\cellula_MI_data_1834.csv,right,False
1835,C:\BCI\cortex-call\notebooks\data\processed\filtered_trials\cellula_MI_data_1835.csv,left,False
1836,C:\BCI\cortex-call\notebooks\data\processed\filtered_trials\cellula_MI_data_1836.csv,right,False
1837,C:\BCI\cortex-call\notebooks\data\processed\filtered_trials\cellula_MI_data_1837.csv,right,False
1838,C:\BCI\cortex-call\notebooks\data\processed\filtered_trials\cellula_MI_data_1838.csv,right,False
1839,C:\BCI\cortex-call\notebooks\data\processed\filtered_trials\cellula_MI_data_1839.csv,left,False
1840,C:\BCI\cortex-call\notebooks\data\processed\filtered_trials\cellula_MI_data_1840.csv,right,False
1841,C:\BCI\cortex-call\notebooks\data\processed\filtered_trials\cellula_MI_data_1841.csv,left,False
1842,C:\BCI\cortex-call\notebooks\data\processed\filtered_trials\cellula_MI_data_1842.csv,right,False
1843,C:\BCI\cortex-call\notebooks\data\processed\filtered_trials\cellula_MI_data_1843.csv,left,False
1844,C:\BCI\cortex-call\notebooks\data\processed\filtered_trials\cellula_MI_data_1844.csv,right,False
1845,C:\BCI\cortex-call\notebooks\data\processed\filtered_trials\cellula_MI_data_1845.csv,left,False
1846,C:\BCI\cortex-call\notebooks\data\processed\filtered_trials\cellula_MI_data_1846.csv,left,False
1847,C:\BCI\cortex-call\notebooks\data\processed\filtered_trials\cellula_MI_data_1847.csv,left,False
1848,C:\BCI\cortex-call\notebooks\data\processed\filtered_trials\cellula_MI_data_1848.csv,left,False
1849,C:\BCI\cortex-call\notebooks\data\processed\filtered_trials\cellula_MI_data_1849.csv,left,False
1850,C:\BCI\cortex-call\notebooks\data\processed\filtered_trials\cellula_MI_data_1850.csv,left,False
1851,C:\BCI\cortex-call\notebooks\data\processed\filtered_trials\cellula_MI_data_1851.csv,left,False
1852,C:\BCI\cortex-call\notebooks\data\processed\filtered_trials\cellula_MI_data_1852.csv,left,False
1853,C:\BCI\cortex-call\notebooks\data\processed\filtered_trials\cellula_MI_data_1853.csv,left,False
1854,C:\BCI\cortex-call\notebooks\data\processed\filtered_trials\cellula_MI_data_1854.csv,right,False
1855,C:\BCI\cortex-call\notebooks\data\processed\filtered_trials\cellula_MI_data_1855.csv,right,False
1856,C:\BCI\cortex-call\notebooks\data\processed\filtered_trials\cellula_MI_data_1856.csv,right,False
1857,C:\BCI\cortex-call\notebooks\data\processed\filtered_trials\cellula_MI_data_1857.csv,right,False
1858,C:\BCI\cortex-call\notebooks\data\processed\filtered_trials\cellula_MI_data_1858.csv,left,False
1859,C:\BCI\cortex-call\notebooks\data\processed\filtered_trials\cellula_MI_data_1859.csv,left,False
1860,C:\BCI\cortex-call\notebooks\data\processed\filtered_trials\cellula_MI_data_1860.csv,right,False
1861,C:\BCI\cortex-call\notebooks\data\processed\filtered_trials\cellula_MI_data_1861.csv,right,False
1862,C:\BCI\cortex-call\notebooks\data\processed\filtered_trials\cellula_MI_data_1862.csv,left,False
1863,C:\BCI\cortex-call\notebooks\data\processed\filtered_trials\cellula_MI_data_1863.csv,left,False
1864,C:\BCI\cortex-call\notebooks\data\processed\filtered_trials\cellula_MI_data_1864.csv,left,False
1865,C:\BCI\cortex-call\notebooks\data\processed\filtered_trials\cellula_MI_data_1865.csv,left,False
1866,C:\BCI\cortex-call\notebooks\data\processed\filtered_trials\cellula_MI_data_1866.csv,right,False
1867,C:\BCI\cortex-call\notebooks\data\processed\filtered_trials\cellula_MI_data_1867.csv,left,False
1868,C:\BCI\cortex-call\notebooks\data\processed\filtered_trials\cellula_MI_data_1868.csv,left,False
1869,C:\BCI\cortex-call\notebooks\data\processed\filtered_trials\cellula_MI_data_1869.csv,left,False
1870,C:\BCI\cortex-call\notebooks\data\processed\filtered_trials\cellula_MI_data_1870.csv,right,False
1871,C:\BCI\cortex-call\notebooks\data\processed\filtered_trials\cellula_MI_data_1871.csv,left,False
1872,C:\BCI\cortex-call\notebooks\data\processed\filtered_trials\cellula_MI_data_1872.csv,right,False
1873,C:\BCI\cortex-call\notebooks\data\processed\filtered_trials\cellula_MI_data_1873.csv,right,False
1874,C:\BCI\cortex-call\notebooks\data\processed\filtered_trials\cellula_MI_data_1874.csv,left,False
1875,C:\BCI\cortex-call\notebooks\data\processed\filtered_trials\cellula_MI_data_1875.csv,left,False
1876,C:\BCI\cortex-call\notebooks\data\processed\filtered_trials\cellula_MI_data_1876.csv,right,False
1877,C:\BCI\cortex-call\notebooks\data\processed\filtered_trials\cellula_MI_data_1877.csv,right,False
1878,C:\BCI\cortex-call\notebooks\data\processed\filtered_trials\cellula_MI_data_1878.csv,left,False
1879,C:\BCI\cortex-call\notebooks\data\processed\filtered_trials\cellula_MI_data_1879.csv,left,False
1880,C:\BCI\cortex-call\notebooks\data\processed\filtered_trials\cellula_MI_data_1880.csv,left,False
1881,C:\BCI\cortex-call\notebooks\data\processed\filtered_trials\cellula_MI_data_1881.csv,right,False
1882,C:\BCI\cortex-call\notebooks\data\processed\filtered_trials\cellula_MI_data_1882.csv,right,False
1883,C:\BCI\cortex-call\notebooks\data\processed\filtered_trials\cellula_MI_data_1883.csv,right,False
1884,C:\BCI\cortex-call\notebooks\data\processed\filtered_trials\cellula_MI_data_1884.csv,left,False
1885,C:\BCI\cortex-call\notebooks\data\processed\filtered_trials\cellula_MI_data_1885.csv,left,False
1886,C:\BCI\cortex-call\notebooks\data\processed\filtered_trials\cellula_MI_data_1886.csv,left,False
1887,C:\BCI\cortex-call\notebooks\data\processed\filtered_trials\cellula_MI_data_1887.csv,left,False
1888,C:\BCI\cortex-call\notebooks\data\processed\filtered_trials\cellula_MI_data_1888.csv,left,False
1889,C:\BCI\cortex-call\notebooks\data\processed\filtered_trials\cellula_MI_data_1889.csv,right,False
1890,C:\BCI\cortex-call\notebooks\data\processed\filtered_trials\cellula_MI_data_1890.csv,left,False
1891,C:\BCI\cortex-call\notebooks\data\processed\filtered_trials\cellula_MI_data_1891.csv,right,False
1892,C:\BCI\cortex-call\notebooks\data\processed\filtered_trials\cellula_MI_data_1892.csv,left,False
1893,C:\BCI\cortex-call\notebooks\data\processed\filtered_trials\cellula_MI_data_1893.csv,right,False
1894,C:\BCI\cortex-call\notebooks\data\processed\filtered_trials\cellula_MI_data_1894.csv,right,False
1895,C:\BCI\cortex-call\notebooks\data\processed\filtered_trials\cellula_MI_data_1895.csv,right,False
1896,C:\BCI\cortex-call\notebooks\data\processed\filtered_trials\cellula_MI_data_1896.csv,right,False
1897,C:\BCI\cortex-call\notebooks\data\processed\filtered_trials\cellula_MI_data_1897.csv,right,False
1898,C:\BCI\cortex-call\notebooks\data\processed\filtered_trials\cellula_MI_data_1898.csv,left,False
1899,C:\BCI\cortex-call\notebooks\data\processed\filtered_trials\cellula_MI_data_1899.csv,left,False
1900,C:\BCI\cortex-call\notebooks\data\processed\filtered_trials\cellula_MI_data_1900.csv,right,False
1901,C:\BCI\cortex-call\notebooks\data\processed\filtered_trials\cellula_MI_data_1901.csv,right,False
1902,C:\BCI\cortex-call\notebooks\data\processed\filtered_trials\cellula_MI_data_1902.csv,left,False
1903,C:\BCI\cortex-call\notebooks\data\processed\filtered_trials\cellula_MI_data_1903.csv,left,False
1904,C:\BCI\cortex-call\notebooks\data\processed\filtered_trials\cellula_MI_data_1904.csv,right,False
1905,C:\BCI\cortex-call\notebooks\data\processed\filtered_trials\cellula_MI_data_1905.csv,right,False
1906,C:\BCI\cortex-call\notebooks\data\processed\filtered_trials\cellula_MI_data_1906.csv,right,False
1907,C:\BCI\cortex-call\notebooks\data\processed\filtered_trials\cellula_MI_data_1907.csv,right,False
1908,C:\BCI\cortex-call\notebooks\data\processed\filtered_trials\cellula_MI_data_1908.csv,right,False
1909,C:\BCI\cortex-call\notebooks\data\processed\filtered_trials\cellula_MI_data_1909.csv,right,False
1910,C:\BCI\cortex-call\notebooks\data\processed\filtered_trials\cellula_MI_data_1910.csv,right,False
1911,C:\BCI\cortex-call\notebooks\data\processed\filtered_trials\cellula_MI_data_1911.csv,left,False
1912,C:\BCI\cortex-call\notebooks\data\processed\filtered_trials\cellula_MI_data_1912.csv,left,False
1913,C:\BCI\cortex-call\notebooks\data\processed\filtered_trials\cellula_MI_data_1913.csv,left,False
1914,C:\BCI\cortex-call\notebooks\data\processed\filtered_trials\cellula_MI_data_1914.csv,right,False
1915,C:\BCI\cortex-call\notebooks\data\processed\filtered_trials\cellula_MI_data_1915.csv,right,False
1916,C:\BCI\cortex-call\notebooks\data\processed\filtered_trials\cellula_MI_data_1916.csv,right,False
1917,C:\BCI\cortex-call\notebooks\data\processed\filtered_trials\cellula_MI_data_1917.csv,left,False
1918,C:\BCI\cortex-call\notebooks\data\processed\filtered_trials\cellula_MI_data_1918.csv,left,False
1919,C:\BCI\cortex-call\notebooks\data\processed\filtered_trials\cellula_MI_data_1919.csv,right,False
1920,C:\BCI\cortex-call\notebooks\data\processed\filtered_trials\cellula_MI_data_1920.csv,left,False
1921,C:\BCI\cortex-call\notebooks\data\processed\filtered_trials\cellula_MI_data_1921.csv,right,False
1922,C:\BCI\cortex-call\notebooks\data\processed\filtered_trials\cellula_MI_data_1922.csv,left,False
1923,C:\BCI\cortex-call\notebooks\data\processed\filtered_trials\cellula_MI_data_1923.csv,right,False
1924,C:\BCI\cortex-call\notebooks\data\processed\filtered_trials\cellula_MI_data_1924.csv,right,False
1925,C:\BCI\cortex-call\notebooks\data\processed\filtered_trials\cellula_MI_data_1925.csv,left,False
1926,C:\BCI\cortex-call\notebooks\data\processed\filtered_trials\cellula_MI_data_1926.csv,left,False
1927,C:\BCI\cortex-call\notebooks\data\processed\filtered_trials\cellula_MI_data_1927.csv,left,False
1928,C:\BCI\cortex-call\notebooks\data\processed\filtered_trials\cellula_MI_data_1928.csv,right,False
1929,C:\BCI\cortex-call\notebooks\data\processed\filtered_trials\cellula_MI_data_1929.csv,right,False
1930,C:\BCI\cortex-call\notebooks\data\processed\filtered_trials\cellula_MI_data_1930.csv,left,False
1931,C:\BCI\cortex-call\notebooks\data\processed\filtered_trials\cellula_MI_data_1931.csv,left,False
1932,C:\BCI\cortex-call\notebooks\data\processed\filtered_trials\cellula_MI_data_1932.csv,left,False
1933,C:\BCI\cortex-call\notebooks\data\processed\filtered_trials\cellula_MI_data_1933.csv,right,False
1934,C:\BCI\cortex-call\notebooks\data\processed\filtered_trials\cellula_MI_data_1934.csv,right,False
1935,C:\BCI\cortex-call\notebooks\data\processed\filtered_trials\cellula_MI_data_1935.csv,left,False
1936,C:\BCI\cortex-call\notebooks\data\processed\filtered_trials\cellula_MI_data_1936.csv,right,False
1937,C:\BCI\cortex-call\notebooks\data\processed\filtered_trials\cellula_MI_data_1937.csv,left,False
1938,C:\BCI\cortex-call\notebooks\data\processed\filtered_trials\cellula_MI_data_1938.csv,right,False
1939,C:\BCI\cortex-call\notebooks\data\processed\filtered_trials\cellula_MI_data_1939.csv,right,False
1940,C:\BCI\cortex-call\notebooks\data\processed\filtered_trials\cellula_MI_data_1940.csv,left,False
1941,C:\BCI\cortex-call\notebooks\data\processed\filtered_trials\cellula_MI_data_1941.csv,right,False
1942,C:\BCI\cortex-call\notebooks\data\processed\filtered_trials\cellula_MI_data_1942.csv,left,False
1943,C:\BCI\cortex-call\notebooks\data\processed\filtered_trials\cellula_MI_data_1943.csv,right,False
1944,C:\BCI\cortex-call\notebooks\data\processed\filtered_trials\cellula_MI_data_1944.csv,left,False
1945,C:\BCI\cortex-call\notebooks\data\processed\filtered_trials\cellula_MI_data_1945.csv,right,False
1946,C:\BCI\cortex-call\notebooks\data\processed\filtered_trials\cellula_MI_data_1946.csv,left,False
1947,C:\BCI\cortex-call\notebooks\data\processed\filtered_trials\cellula_MI_data_1947.csv,left,False
1948,C:\BCI\cortex-call\notebooks\data\processed\filtered_trials\cellula_MI_data_1948.csv,right,False
1949,C:\BCI\cortex-call\notebooks\data\processed\filtered_trials\cellula_MI_data_1949.csv,right,False
1950,C:\BCI\cortex-call\notebooks\data\processed\filtered_trials\cellula_MI_data_1950.csv,right,False
1951,C:\BCI\cortex-call\notebooks\data\processed\filtered_trials\cellula_MI_data_1951.csv,left,False
1952,C:\BCI\cortex-call\notebooks\data\processed\filtered_trials\cellula_MI_data_1952.csv,right,False
1953,C:\BCI\cortex-call\notebooks\data\processed\filtered_trials\cellula_MI_data_1953.csv,left,False
1954,C:\BCI\cortex-call\notebooks\data\processed\filtered_trials\cellula_MI_data_1954.csv,right,False
1955,C:\BCI\cortex-call\notebooks\data\processed\filtered_trials\cellula_MI_data_1955.csv,right,False
1956,C:\BCI\cortex-call\notebooks\data\processed\filtered_trials\cellula_MI_data_1956.csv,right,False
1957,C:\BCI\cortex-call\notebooks\data\processed\filtered_trials\cellula_MI_data_1957.csv,left,False
1958,C:\BCI\cortex-call\notebooks\data\processed\filtered_trials\cellula_MI_data_1958.csv,right,False
1959,C:\BCI\cortex-call\notebooks\data\processed\filtered_trials\cellula_MI_data_1959.csv,left,False
1960,C:\BCI\cortex-call\notebooks\data\processed\filtered_trials\cellula_MI_data_1960.csv,left,False
1961,C:\BCI\cortex-call\notebooks\data\processed\filtered_trials\cellula_MI_data_1961.csv,left,False
1962,C:\BCI\cortex-call\notebooks\data\processed\filtered_trials\cellula_MI_data_1962.csv,right,False
1963,C:\BCI\cortex-call\notebooks\data\processed\filtered_trials\cellula_MI_data_1963.csv,left,False
1964,C:\BCI\cortex-call\notebooks\data\processed\filtered_trials\cellula_MI_data_1964.csv,right,False
1965,C:\BCI\cortex-call\notebooks\data\processed\filtered_trials\cellula_MI_data_1965.csv,right,False
1966,C:\BCI\cortex-call\notebooks\data\processed\filtered_trials\cellula_MI_data_1966.csv,left,False
1967,C:\BCI\cortex-call\notebooks\data\processed\filtered_trials\cellula_MI_data_1967.csv,left,False
1968,C:\BCI\cortex-call\notebooks\data\processed\filtered_trials\cellula_MI_data_1968.csv,left,False
1969,C:\BCI\cortex-call\notebooks\data\processed\filtered_trials\cellula_MI_data_1969.csv,left,False
1970,C:\BCI\cortex-call\notebooks\data\processed\filtered_trials\cellula_MI_data_1970.csv,right,False
1971,C:\BCI\cortex-call\notebooks\data\processed\filtered_trials\cellula_MI_data_1971.csv,right,False
1972,C:\BCI\cortex-call\notebooks\data\processed\filtered_trials\cellula_MI_data_1972.csv,right,False
1973,C:\BCI\cortex-call\notebooks\data\processed\filtered_trials\cellula_MI_data_1973.csv,right,False
1974,C:\BCI\cortex-call\notebooks\data\processed\filtered_trials\cellula_MI_data_1974.csv,right,False
1975,C:\BCI\cortex-call\notebooks\data\processed\filtered_trials\cellula_MI_data_1975.csv,left,False
1976,C:\BCI\cortex-call\notebooks\data\processed\filtered_trials\cellula_MI_data_1976.csv,right,False
1977,C:\BCI\cortex-call\notebooks\data\processed\filtered_trials\cellula_MI_data_1977.csv,left,False
1978,C:\BCI\cortex-call\notebooks\data\processed\filtered_trials\cellula_MI_data_1978.csv,right,False
1979,C:\BCI\cortex-call\notebooks\data\processed\filtered_trials\cellula_MI_data_1979.csv,left,False
1980,C:\BCI\cortex-call\notebooks\data\processed\filtered_trials\cellula_MI_data_1980.csv,left,False
1981,C:\BCI\cortex-call\notebooks\data\processed\filtered_trials\cellula_MI_data_1981.csv,left,False
1982,C:\BCI\cortex-call\notebooks\data\processed\filtered_trials\cellula_MI_data_1982.csv,left,False
1983,C:\BCI\cortex-call\notebooks\data\processed\filtered_trials\cellula_MI_data_1983.csv,right,False
1984,C:\BCI\cortex-call\notebooks\data\processed\filtered_trials\cellula_MI_data_1984.csv,left,False
1985,C:\BCI\cortex-call\notebooks\data\processed\filtered_trials\cellula_MI_data_1985.csv,right,False
1986,C:\BCI\cortex-call\notebooks\data\processed\filtered_trials\cellula_MI_data_1986.csv,left,False
1987,C:\BCI\cortex-call\notebooks\data\processed\filtered_trials\cellula_MI_data_1987.csv,left,False
1988,C:\BCI\cortex-call\notebooks\data\processed\filtered_trials\cellula_MI_data_1988.csv,left,False
1989,C:\BCI\cortex-call\notebooks\data\processed\filtered_trials\cellula_MI_data_1989.csv,right,False
1990,C:\BCI\cortex-call\notebooks\data\processed\filtered_trials\cellula_MI_data_1990.csv,right,False
1991,C:\BCI\cortex-call\notebooks\data\processed\filtered_trials\cellula_MI_data_1991.csv,left,False
1992,C:\BCI\cortex-call\notebooks\data\processed\filtered_trials\cellula_MI_data_1992.csv,right,False
1993,C:\BCI\cortex-call\notebooks\data\processed\filtered_trials\cellula_MI_data_1993.csv,left,False
1994,C:\BCI\cortex-call\notebooks\data\processed\filtered_trials\cellula_MI_data_1994.csv,left,False
1995,C:\BCI\cortex-call\notebooks\data\processed\filtered_trials\cellula_MI_data_1995.csv,right,False
1996,C:\BCI\cortex-call\notebooks\data\processed\filtered_trials\cellula_MI_data_1996.csv,left,False
1997,C:\BCI\cortex-call\notebooks\data\processed\filtered_trials\cellula_MI_data_1997.csv,right,False
1998,C:\BCI\cortex-call\notebooks\data\processed\filtered_trials\cellula_MI_data_1998.csv,right,False
1999,C:\BCI\cortex-call\notebooks\data\processed\filtered_trials\cellula_MI_data_1999.csv,left,False
2000,C:\BCI\cortex-call\notebooks\data\processed\filtered_trials\cellula_MI_data_2000.csv,right,False
2001,C:\BCI\cortex-call\notebooks\data\processed\filtered_trials\cellula_MI_data_2001.csv,left,False
2002,C:\BCI\cortex-call\notebooks\data\processed\filtered_trials\cellula_MI_data_2002.csv,right,False
2003,C:\BCI\cortex-call\notebooks\data\processed\filtered_trials\cellula_MI_data_2003.csv,left,False
2004,C:\BCI\cortex-call\notebooks\data\processed\filtered_trials\cellula_MI_data_2004.csv,right,False
2005,C:\BCI\cortex-call\notebooks\data\processed\filtered_trials\cellula_MI_data_2005.csv,right,False
2006,C:\BCI\cortex-call\notebooks\data\processed\filtered_trials\cellula_MI_data_2006.csv,right,False
2007,C:\BCI\cortex-call\notebooks\data\processed\filtered_trials\cellula_MI_data_2007.csv,right,False
2008,C:\BCI\cortex-call\notebooks\data\processed\filtered_trials\cellula_MI_data_2008.csv,right,False
2009,C:\BCI\cortex-call\notebooks\data\processed\filtered_trials\cellula_MI_data_2009.csv,left,False
2010,C:\BCI\cortex-call\notebooks\data\processed\filtered_trials\cellula_MI_data_2010.csv,right,False
2011,C:\BCI\cortex-call\notebooks\data\processed\filtered_trials\cellula_MI_data_2011.csv,right,False
2012,C:\BCI\cortex-call\notebooks\data\processed\filtered_trials\cellula_MI_data_2012.csv,right,False
2013,C:\BCI\cortex-call\notebooks\data\processed\filtered_trials\cellula_MI_data_2013.csv,left,False
2014,C:\BCI\cortex-call\notebooks\data\processed\filtered_trials\cellula_MI_data_2014.csv,right,False
2015,C:\BCI\cortex-call\notebooks\data\processed\filtered_trials\cellula_MI_data_2015.csv,right,False
2016,C:\BCI\cortex-call\notebooks\data\processed\filtered_trials\cellula_MI_data_2016.csv,right,False
2017,C:\BCI\cortex-call\notebooks\data\processed\filtered_trials\cellula_MI_data_2017.csv,left,False
2018,C:\BCI\cortex-call\notebooks\data\processed\filtered_trials\cellula_MI_data_2018.csv,right,False
2019,C:\BCI\cortex-call\notebooks\data\processed\filtered_trials\cellula_MI_data_2019.csv,right,False
2020,C:\BCI\cortex-call\notebooks\data\processed\filtered_trials\cellula_MI_data_2020.csv,right,False
2021,C:\BCI\cortex-call\notebooks\data\processed\filtered_trials\cellula_MI_data_2021.csv,right,False
2022,C:\BCI\cortex-call\notebooks\data\processed\filtered_trials\cellula_MI_data_2022.csv,right,False
2023,C:\BCI\cortex-call\notebooks\data\processed\filtered_trials\cellula_MI_data_2023.csv,left,False
2024,C:\BCI\cortex-call\notebooks\data\processed\filtered_trials\cellula_MI_data_2024.csv,right,False
2025,C:\BCI\cortex-call\notebooks\data\processed\filtered_trials\cellula_MI_data_2025.csv,left,False
2026,C:\BCI\cortex-call\notebooks\data\processed\filtered_trials\cellula_MI_data_2026.csv,left,False
2027,C:\BCI\cortex-call\notebooks\data\processed\filtered_trials\cellula_MI_data_2027.csv,right,False
2028,C:\BCI\cortex-call\notebooks\data\processed\filtered_trials\cellula_MI_data_2028.csv,left,False
2029,C:\BCI\cortex-call\notebooks\data\processed\filtered_trials\cellula_MI_data_2029.csv,left,False
2030,C:\BCI\cortex-call\notebooks\data\processed\filtered_trials\cellula_MI_data_2030.csv,right,False
2031,C:\BCI\cortex-call\notebooks\data\processed\filtered_trials\cellula_MI_data_2031.csv,right,False
2032,C:\BCI\cortex-call\notebooks\data\processed\filtered_trials\cellula_MI_data_2032.csv,left,False
2033,C:\BCI\cortex-call\notebooks\data\processed\filtered_trials\cellula_MI_data_2033.csv,left,False
2034,C:\BCI\cortex-call\notebooks\data\processed\filtered_trials\cellula_MI_data_2034.csv,right,False
2035,C:\BCI\cortex-call\notebooks\data\processed\filtered_trials\cellula_MI_data_2035.csv,right,False
2036,C:\BCI\cortex-call\notebooks\data\processed\filtered_trials\cellula_MI_data_2036.csv,left,False
2037,C:\BCI\cortex-call\notebooks\data\processed\filtered_trials\cellula_MI_data_2037.csv,right,False
2038,C:\BCI\cortex-call\notebooks\data\processed\filtered_trials\cellula_MI_data_2038.csv,right,False
2039,C:\BCI\cortex-call\notebooks\data\processed\filtered_trials\cellula_MI_data_2039.csv,right,False
2040,C:\BCI\cortex-call\notebooks\data\processed\filtered_trials\cellula_MI_data_2040.csv,left,False
2041,C:\BCI\cortex-call\notebooks\data\processed\filtered_trials\cellula_MI_data_2041.csv,left,False
2042,C:\BCI\cortex-call\notebooks\data\processed\filtered_trials\cellula_MI_data_2042.csv,left,False
2043,C:\BCI\cortex-call\notebooks\data\processed\filtered_trials\cellula_MI_data_2043.csv,right,False
2044,C:\BCI\cortex-call\notebooks\data\processed\filtered_trials\cellula_MI_data_2044.csv,left,False
2045,C:\BCI\cortex-call\notebooks\data\processed\filtered_trials\cellula_MI_data_2045.csv,left,False
2046,C:\BCI\cortex-call\notebooks\data\processed\filtered_trials\cellula_MI_data_2046.csv,right,False
2047,C:\BCI\cortex-call\notebooks\data\processed\filtered_trials\cellula_MI_data_2047.csv,left,False
2048,C:\BCI\cortex-call\notebooks\data\processed\filtered_trials\cellula_MI_data_2048.csv,right,False
2049,C:\BCI\cortex-call\notebooks\data\processed\filtered_trials\cellula_MI_data_2049.csv,left,False
2050,C:\BCI\cortex-call\notebooks\data\processed\filtered_trials\cellula_MI_data_2050.csv,right,False
2051,C:\BCI\cortex-call\notebooks\data\processed\filtered_trials\cellula_MI_data_2051.csv,right,False
2052,C:\BCI\cortex-call\notebooks\data\processed\filtered_trials\cellula_MI_data_2052.csv,right,False
2053,C:\BCI\cortex-call\notebooks\data\processed\filtered_trials\cellula_MI_data_2053.csv,left,False
2054,C:\BCI\cortex-call\notebooks\data\processed\filtered_trials\cellula_MI_data_2054.csv,right,False
2055,C:\BCI\cortex-call\notebooks\data\processed\filtered_trials\cellula_MI_data_2055.csv,left,False
2056,C:\BCI\cortex-call\notebooks\data\processed\filtered_trials\cellula_MI_data_2056.csv,left,False
2057,C:\BCI\cortex-call\notebooks\data\processed\filtered_trials\cellula_MI_data_2057.csv,left,False
2058,C:\BCI\cortex-call\notebooks\data\processed\filtered_trials\cellula_MI_data_2058.csv,left,False
2059,C:\BCI\cortex-call\notebooks\data\processed\filtered_trials\cellula_MI_data_2059.csv,left,False
2060,C:\BCI\cortex-call\notebooks\data\processed\filtered_trials\cellula_MI_data_2060.csv,right,False
2061,C:\BCI\cortex-call\notebooks\data\processed\filtered_trials\cellula_MI_data_2061.csv,left,False
2062,C:\BCI\cortex-call\notebooks\data\processed\filtered_trials\cellula_MI_data_2062.csv,right,False
2063,C:\BCI\cortex-call\notebooks\data\processed\filtered_trials\cellula_MI_data_2063.csv,right,False
2064,C:\BCI\cortex-call\notebooks\data\processed\filtered_trials\cellula_MI_data_2064.csv,right,False
2065,C:\BCI\cortex-call\notebooks\data\processed\filtered_trials\cellula_MI_data_2065.csv,left,False
2066,C:\BCI\cortex-call\notebooks\data\processed\filtered_trials\cellula_MI_data_2066.csv,right,False
2067,C:\BCI\cortex-call\notebooks\data\processed\filtered_trials\cellula_MI_data_2067.csv,right,False
2068,C:\BCI\cortex-call\notebooks\data\processed\filtered_trials\cellula_MI_data_2068.csv,right,False
2069,C:\BCI\cortex-call\notebooks\data\processed\filtered_trials\cellula_MI_data_2069.csv,left,False
2070,C:\BCI\cortex-call\notebooks\data\processed\filtered_trials\cellula_MI_data_2070.csv,left,False
2071,C:\BCI\cortex-call\notebooks\data\processed\filtered_trials\cellula_MI_data_2071.csv,left,False
2072,C:\BCI\cortex-call\notebooks\data\processed\filtered_trials\cellula_MI_data_2072.csv,right,False
2073,C:\BCI\cortex-call\notebooks\data\processed\filtered_trials\cellula_MI_data_2073.csv,left,False
2074,C:\BCI\cortex-call\notebooks\data\processed\filtered_trials\cellula_MI_data_2074.csv,right,False
2075,C:\BCI\cortex-call\notebooks\data\processed\filtered_trials\cellula_MI_data_2075.csv,right,False
2076,C:\BCI\cortex-call\notebooks\data\processed\filtered_trials\cellula_MI_data_2076.csv,right,False
2077,C:\BCI\cortex-call\notebooks\data\processed\filtered_trials\cellula_MI_data_2077.csv,left,False
2078,C:\BCI\cortex-call\notebooks\data\processed\filtered_trials\cellula_MI_data_2078.csv,left,False
2079,C:\BCI\cortex-call\notebooks\data\processed\filtered_trials\cellula_MI_data_2079.csv,right,False
2080,C:\BCI\cortex-call\notebooks\data\processed\filtered_trials\cellula_MI_data_2080.csv,left,False
2081,C:\BCI\cortex-call\notebooks\data\processed\filtered_trials\cellula_MI_data_2081.csv,left,False
2082,C:\BCI\cortex-call\notebooks\data\processed\filtered_trials\cellula_MI_data_2082.csv,left,False
2083,C:\BCI\cortex-call\notebooks\data\processed\filtered_trials\cellula_MI_data_2083.csv,left,False
2084,C:\BCI\cortex-call\notebooks\data\processed\filtered_trials\cellula_MI_data_2084.csv,right,False
2085,C:\BCI\cortex-call\notebooks\data\processed\filtered_trials\cellula_MI_data_2085.csv,left,False
2086,C:\BCI\cortex-call\notebooks\data\processed\filtered_trials\cellula_MI_data_2086.csv,right,False
2087,C:\BCI\cortex-call\notebooks\data\processed\filtered_trials\cellula_MI_data_2087.csv,left,False
2088,C:\BCI\cortex-call\notebooks\data\processed\filtered_trials\cellula_MI_data_2088.csv,left,False
2089,C:\BCI\cortex-call\notebooks\data\processed\filtered_trials\cellula_MI_data_2089.csv,right,False
2090,C:\BCI\cortex-call\notebooks\data\processed\filtered_trials\cellula_MI_data_2090.csv,right,False
2091,C:\BCI\cortex-call\notebooks\data\processed\filtered_trials\cellula_MI_data_2091.csv,right,False
2092,C:\BCI\cortex-call\notebooks\data\processed\filtered_trials\cellula_MI_data_2092.csv,left,False
2093,C:\BCI\cortex-call\notebooks\data\processed\filtered_trials\cellula_MI_data_2093.csv,left,False
2094,C:\BCI\cortex-call\notebooks\data\processed\filtered_trials\cellula_MI_data_2094.csv,right,False
2095,C:\BCI\cortex-call\notebooks\data\processed\filtered_trials\cellula_MI_data_2095.csv,left,False
2096,C:\BCI\cortex-call\notebooks\data\processed\filtered_trials\cellula_MI_data_2096.csv,right,False
2097,C:\BCI\cortex-call\notebooks\data\processed\filtered_trials\cellula_MI_data_2097.csv,left,False
2098,C:\BCI\cortex-call\notebooks\data\processed\filtered_trials\cellula_MI_data_2098.csv,right,False
2099,C:\BCI\cortex-call\notebooks\data\processed\filtered_trials\cellula_MI_data_2099.csv,right,False
2100,C:\BCI\cortex-call\notebooks\data\processed\filtered_trials\cellula_MI_data_2100.csv,right,False
2101,C:\BCI\cortex-call\notebooks\data\processed\filtered_trials\cellula_MI_data_2101.csv,right,False
2102,C:\BCI\cortex-call\notebooks\data\processed\filtered_trials\cellula_MI_data_2102.csv,right,False
2103,C:\BCI\cortex-call\notebooks\data\processed\filtered_trials\cellula_MI_data_2103.csv,right,False
2104,C:\BCI\cortex-call\notebooks\data\processed\filtered_trials\cellula_MI_data_2104.csv,left,False
2105,C:\BCI\cortex-call\notebooks\data\processed\filtered_trials\cellula_MI_data_2105.csv,right,False
2106,C:\BCI\cortex-call\notebooks\data\processed\filtered_trials\cellula_MI_data_2106.csv,right,False
2107,C:\BCI\cortex-call\notebooks\data\processed\filtered_trials\cellula_MI_data_2107.csv,left,False
2108,C:\BCI\cortex-call\notebooks\data\processed\filtered_trials\cellula_MI_data_2108.csv,right,False
2109,C:\BCI\cortex-call\notebooks\data\processed\filtered_trials\cellula_MI_data_2109.csv,right,False
2110,C:\BCI\cortex-call\notebooks\data\processed\filtered_trials\cellula_MI_data_2110.csv,right,False
2111,C:\BCI\cortex-call\notebooks\data\processed\filtered_trials\cellula_MI_data_2111.csv,right,False
2112,C:\BCI\cortex-call\notebooks\data\processed\filtered_trials\cellula_MI_data_2112.csv,right,False
2113,C:\BCI\cortex-call\notebooks\data\processed\filtered_trials\cellula_MI_data_2113.csv,right,False
2114,C:\BCI\cortex-call\notebooks\data\processed\filtered_trials\cellula_MI_data_2114.csv,left,False
2115,C:\BCI\cortex-call\notebooks\data\processed\filtered_trials\cellula_MI_data_2115.csv,left,False
2116,C:\BCI\cortex-call\notebooks\data\processed\filtered_trials\cellula_MI_data_2116.csv,right,False
2117,C:\BCI\cortex-call\notebooks\data\processed\filtered_trials\cellula_MI_data_2117.csv,right,False
2118,C:\BCI\cortex-call\notebooks\data\processed\filtered_trials\cellula_MI_data_2118.csv,left,False
2119,C:\BCI\cortex-call\notebooks\data\processed\filtered_trials\cellula_MI_data_2119.csv,left,False
2120,C:\BCI\cortex-call\notebooks\data\processed\filtered_trials\cellula_MI_data_2120.csv,left,False
2121,C:\BCI\cortex-call\notebooks\data\processed\filtered_trials\cellula_MI_data_2121.csv,left,False
2122,C:\BCI\cortex-call\notebooks\data\processed\filtered_trials\cellula_MI_data_2122.csv,left,False
2123,C:\BCI\cortex-call\notebooks\data\processed\filtered_trials\cellula_MI_data_2123.csv,left,False
2124,C:\BCI\cortex-call\notebooks\data\processed\filtered_trials\cellula_MI_data_2124.csv,left,False
2125,C:\BCI\cortex-call\notebooks\data\processed\filtered_trials\cellula_MI_data_2125.csv,left,False
2126,C:\BCI\cortex-call\notebooks\data\processed\filtered_trials\cellula_MI_data_2126.csv,left,False
2127,C:\BCI\cortex-call\notebooks\data\processed\filtered_trials\cellula_MI_data_2127.csv,right,False
2128,C:\BCI\cortex-call\notebooks\data\processed\filtered_trials\cellula_MI_data_2128.csv,right,False
2129,C:\BCI\cortex-call\notebooks\data\processed\filtered_trials\cellula_MI_data_2129.csv,right,False
2130,C:\BCI\cortex-call\notebooks\data\processed\filtered_trials\cellula_MI_data_2130.csv,left,False
2131,C:\BCI\cortex-call\notebooks\data\processed\filtered_trials\cellula_MI_data_2131.csv,left,False
2132,C:\BCI\cortex-call\notebooks\data\processed\filtered_trials\cellula_MI_data_2132.csv,right,False
2133,C:\BCI\cortex-call\notebooks\data\processed\filtered_trials\cellula_MI_data_2133.csv,right,False
2134,C:\BCI\cortex-call\notebooks\data\processed\filtered_trials\cellula_MI_data_2134.csv,right,False
2135,C:\BCI\cortex-call\notebooks\data\processed\filtered_trials\cellula_MI_data_2135.csv,right,False
2136,C:\BCI\cortex-call\notebooks\data\processed\filtered_trials\cellula_MI_data_2136.csv,right,False
2137,C:\BCI\cortex-call\notebooks\data\processed\filtered_trials\cellula_MI_data_2137.csv,left,False
2138,C:\BCI\cortex-call\notebooks\data\processed\filtered_trials\cellula_MI_data_2138.csv,left,False
2139,C:\BCI\cortex-call\notebooks\data\processed\filtered_trials\cellula_MI_data_2139.csv,right,False
2140,C:\BCI\cortex-call\notebooks\data\processed\filtered_trials\cellula_MI_data_2140.csv,left,False
2141,C:\BCI\cortex-call\notebooks\data\processed\filtered_trials\cellula_MI_data_2141.csv,right,False
2142,C:\BCI\cortex-call\notebooks\data\processed\filtered_trials\cellula_MI_data_2142.csv,left,False
2143,C:\BCI\cortex-call\notebooks\data\processed\filtered_trials\cellula_MI_data_2143.csv,left,False
2144,C:\BCI\cortex-call\notebooks\data\processed\filtered_trials\cellula_MI_data_2144.csv,left,False
2145,C:\BCI\cortex-call\notebooks\data\processed\filtered_trials\cellula_MI_data_2145.csv,right,False
2146,C:\BCI\cortex-call\notebooks\data\processed\filtered_trials\cellula_MI_data_2146.csv,left,False
2147,C:\BCI\cortex-call\notebooks\data\processed\filtered_trials\cellula_MI_data_2147.csv,left,False
2148,C:\BCI\cortex-call\notebooks\data\processed\filtered_trials\cellula_MI_data_2148.csv,right,False
2149,C:\BCI\cortex-call\notebooks\data\processed\filtered_trials\cellula_MI_data_2149.csv,right,False
2150,C:\BCI\cortex-call\notebooks\data\processed\filtered_trials\cellula_MI_data_2150.csv,right,False
2151,C:\BCI\cortex-call\notebooks\data\processed\filtered_trials\cellula_MI_data_2151.csv,left,False
2152,C:\BCI\cortex-call\notebooks\data\processed\filtered_trials\cellula_MI_data_2152.csv,right,False
2153,C:\BCI\cortex-call\notebooks\data\processed\filtered_trials\cellula_MI_data_2153.csv,left,False
2154,C:\BCI\cortex-call\notebooks\data\processed\filtered_trials\cellula_MI_data_2154.csv,left,False
2155,C:\BCI\cortex-call\notebooks\data\processed\filtered_trials\cellula_MI_data_2155.csv,left,False
2156,C:\BCI\cortex-call\notebooks\data\processed\filtered_trials\cellula_MI_data_2156.csv,left,False
2157,C:\BCI\cortex-call\notebooks\data\processed\filtered_trials\cellula_MI_data_2157.csv,left,False
2158,C:\BCI\cortex-call\notebooks\data\processed\filtered_trials\cellula_MI_data_2158.csv,right,False
2159,C:\BCI\cortex-call\notebooks\data\processed\filtered_trials\cellula_MI_data_2159.csv,right,False
2160,C:\BCI\cortex-call\notebooks\data\processed\filtered_trials\cellula_MI_data_2160.csv,right,False
